0 verbose cli C:\Program Files\nodejs\node.exe C:\Program Files\nodejs\node_modules\npm\bin\npm-cli.js
1 info using npm@10.9.2
2 info using node@v22.17.0
3 silly config load:file:C:\Program Files\nodejs\node_modules\npm\npmrc
4 silly config load:file:C:\laragon\www\system-school\.npmrc
5 silly config load:file:C:\Users\SR GEARS\.npmrc
6 silly config load:file:C:\Users\SR GEARS\AppData\Roaming\npm\etc\npmrc
7 verbose title npm install
8 verbose argv "install" "--cache" ".npm-cache" "--no-audit"
9 verbose logfile logs-max:10 dir:C:\laragon\www\system-school\.npm-cache\_logs\2026-05-21T13_32_37_913Z-
10 verbose logfile C:\laragon\www\system-school\.npm-cache\_logs\2026-05-21T13_32_37_913Z-debug-0.log
11 silly logfile done cleaning log files
12 silly packumentCache heap:2197815296 maxSize:549453824 maxEntrySize:274726912
13 silly idealTree buildDeps
14 silly reify mark retired [ 'C:\\laragon\\www\\system-school\\node_modules\\acorn' ]
15 silly reify mark retired [ 'C:\\laragon\\www\\system-school\\node_modules\\browserslist' ]
16 silly reify mark retired [ 'C:\\laragon\\www\\system-school\\node_modules\\concurrently' ]
17 silly reify mark retired [ 'C:\\laragon\\www\\system-school\\node_modules\\esbuild' ]
18 silly reify mark retired [ 'C:\\laragon\\www\\system-school\\node_modules\\eslint' ]
19 silly reify mark retired [
19 silly reify   'C:\\laragon\\www\\system-school\\node_modules\\eslint-config-prettier'
19 silly reify ]
20 silly reify mark retired [ 'C:\\laragon\\www\\system-school\\node_modules\\fsevents' ]
21 silly reify mark retired [ 'C:\\laragon\\www\\system-school\\node_modules\\jiti' ]
22 silly reify mark retired [ 'C:\\laragon\\www\\system-school\\node_modules\\js-yaml' ]
23 silly reify mark retired [ 'C:\\laragon\\www\\system-school\\node_modules\\jsesc' ]
24 silly reify mark retired [ 'C:\\laragon\\www\\system-school\\node_modules\\json5' ]
25 silly reify mark retired [
25 silly reify   'C:\\laragon\\www\\system-school\\node_modules\\laravel-vite-plugin'
25 silly reify ]
26 silly reify mark retired [
26 silly reify   'C:\\laragon\\www\\system-school\\node_modules\\lightningcss-darwin-arm64'
26 silly reify ]
27 silly reify mark retired [
27 silly reify   'C:\\laragon\\www\\system-school\\node_modules\\lightningcss-darwin-x64'
27 silly reify ]
28 silly reify mark retired [
28 silly reify   'C:\\laragon\\www\\system-school\\node_modules\\lightningcss-freebsd-x64'
28 silly reify ]
29 silly reify mark retired [
29 silly reify   'C:\\laragon\\www\\system-school\\node_modules\\lightningcss-linux-arm-gnueabihf'
29 silly reify ]
30 silly reify mark retired [
30 silly reify   'C:\\laragon\\www\\system-school\\node_modules\\lightningcss-linux-arm64-gnu'
30 silly reify ]
31 silly reify mark retired [
31 silly reify   'C:\\laragon\\www\\system-school\\node_modules\\lightningcss-linux-arm64-musl'
31 silly reify ]
32 silly reify mark retired [
32 silly reify   'C:\\laragon\\www\\system-school\\node_modules\\lightningcss-linux-x64-gnu'
32 silly reify ]
33 silly reify mark retired [
33 silly reify   'C:\\laragon\\www\\system-school\\node_modules\\lightningcss-linux-x64-musl'
33 silly reify ]
34 silly reify mark retired [
34 silly reify   'C:\\laragon\\www\\system-school\\node_modules\\lightningcss-win32-arm64-msvc'
34 silly reify ]
35 silly reify mark retired [ 'C:\\laragon\\www\\system-school\\node_modules\\loose-envify' ]
36 silly reify mark retired [ 'C:\\laragon\\www\\system-school\\node_modules\\mammoth' ]
37 silly reify mark retired [ 'C:\\laragon\\www\\system-school\\node_modules\\mkdirp' ]
38 silly reify mark retired [ 'C:\\laragon\\www\\system-school\\node_modules\\nanoid' ]
39 silly reify mark retired [ 'C:\\laragon\\www\\system-school\\node_modules\\prettier' ]
40 silly reify mark retired [ 'C:\\laragon\\www\\system-school\\node_modules\\resolve' ]
41 silly reify mark retired [ 'C:\\laragon\\www\\system-school\\node_modules\\rollup' ]
42 silly reify mark retired [ 'C:\\laragon\\www\\system-school\\node_modules\\semver' ]
43 silly reify mark retired [ 'C:\\laragon\\www\\system-school\\node_modules\\tree-kill' ]
44 silly reify mark retired [ 'C:\\laragon\\www\\system-school\\node_modules\\typescript' ]
45 silly reify mark retired [
45 silly reify   'C:\\laragon\\www\\system-school\\node_modules\\update-browserslist-db'
45 silly reify ]
46 silly reify mark retired [ 'C:\\laragon\\www\\system-school\\node_modules\\vite' ]
47 silly reify mark retired [ 'C:\\laragon\\www\\system-school\\node_modules\\which' ]
48 silly reify mark retired [ 'C:\\laragon\\www\\system-school\\node_modules\\@babel\\code-frame' ]
49 silly reify mark retired [
49 silly reify   'C:\\laragon\\www\\system-school\\node_modules\\@babel\\compat-data'
49 silly reify ]
50 silly reify mark retired [ 'C:\\laragon\\www\\system-school\\node_modules\\@babel\\core' ]
51 silly reify mark retired [ 'C:\\laragon\\www\\system-school\\node_modules\\@babel\\generator' ]
52 silly reify mark retired [
52 silly reify   'C:\\laragon\\www\\system-school\\node_modules\\@babel\\helper-compilation-targets'
52 silly reify ]
53 silly reify mark retired [
53 silly reify   'C:\\laragon\\www\\system-school\\node_modules\\@babel\\helper-globals'
53 silly reify ]
54 silly reify mark retired [
54 silly reify   'C:\\laragon\\www\\system-school\\node_modules\\@babel\\helper-module-imports'
54 silly reify ]
55 silly reify mark retired [
55 silly reify   'C:\\laragon\\www\\system-school\\node_modules\\@babel\\helper-module-transforms'
55 silly reify ]
56 silly reify mark retired [
56 silly reify   'C:\\laragon\\www\\system-school\\node_modules\\@babel\\helper-plugin-utils'
56 silly reify ]
57 silly reify mark retired [
57 silly reify   'C:\\laragon\\www\\system-school\\node_modules\\@babel\\helper-string-parser'
57 silly reify ]
58 silly reify mark retired [
58 silly reify   'C:\\laragon\\www\\system-school\\node_modules\\@babel\\helper-validator-identifier'
58 silly reify ]
59 silly reify mark retired [
59 silly reify   'C:\\laragon\\www\\system-school\\node_modules\\@babel\\helper-validator-option'
59 silly reify ]
60 silly reify mark retired [ 'C:\\laragon\\www\\system-school\\node_modules\\@babel\\helpers' ]
61 silly reify mark retired [ 'C:\\laragon\\www\\system-school\\node_modules\\@babel\\parser' ]
62 silly reify mark retired [
62 silly reify   'C:\\laragon\\www\\system-school\\node_modules\\@babel\\plugin-transform-react-jsx-self'
62 silly reify ]
63 silly reify mark retired [
63 silly reify   'C:\\laragon\\www\\system-school\\node_modules\\@babel\\plugin-transform-react-jsx-source'
63 silly reify ]
64 silly reify mark retired [ 'C:\\laragon\\www\\system-school\\node_modules\\@babel\\template' ]
65 silly reify mark retired [ 'C:\\laragon\\www\\system-school\\node_modules\\@babel\\traverse' ]
66 silly reify mark retired [ 'C:\\laragon\\www\\system-school\\node_modules\\@babel\\types' ]
67 silly reify mark retired [ 'C:\\laragon\\www\\system-school\\node_modules\\@date-fns\\tz' ]
68 silly reify mark retired [
68 silly reify   'C:\\laragon\\www\\system-school\\node_modules\\@esbuild\\win32-x64'
68 silly reify ]
69 silly reify mark retired [
69 silly reify   'C:\\laragon\\www\\system-school\\node_modules\\@eslint\\config-array'
69 silly reify ]
70 silly reify mark retired [
70 silly reify   'C:\\laragon\\www\\system-school\\node_modules\\@eslint\\config-helpers'
70 silly reify ]
71 silly reify mark retired [ 'C:\\laragon\\www\\system-school\\node_modules\\@eslint\\core' ]
72 silly reify mark retired [ 'C:\\laragon\\www\\system-school\\node_modules\\@eslint\\eslintrc' ]
73 silly reify mark retired [ 'C:\\laragon\\www\\system-school\\node_modules\\@eslint\\js' ]
74 silly reify mark retired [
74 silly reify   'C:\\laragon\\www\\system-school\\node_modules\\@eslint\\object-schema'
74 silly reify ]
75 silly reify mark retired [
75 silly reify   'C:\\laragon\\www\\system-school\\node_modules\\@eslint\\plugin-kit'
75 silly reify ]
76 silly reify mark retired [ 'C:\\laragon\\www\\system-school\\node_modules\\@floating-ui\\core' ]
77 silly reify mark retired [ 'C:\\laragon\\www\\system-school\\node_modules\\@floating-ui\\dom' ]
78 silly reify mark retired [
78 silly reify   'C:\\laragon\\www\\system-school\\node_modules\\@floating-ui\\react'
78 silly reify ]
79 silly reify mark retired [
79 silly reify   'C:\\laragon\\www\\system-school\\node_modules\\@floating-ui\\react-dom'
79 silly reify ]
80 silly reify mark retired [
80 silly reify   'C:\\laragon\\www\\system-school\\node_modules\\@floating-ui\\utils'
80 silly reify ]
81 silly reify mark retired [
81 silly reify   'C:\\laragon\\www\\system-school\\node_modules\\@eslint-community\\eslint-utils'
81 silly reify ]
82 silly reify mark retired [
82 silly reify   'C:\\laragon\\www\\system-school\\node_modules\\@eslint-community\\regexpp'
82 silly reify ]
83 silly reify mark retired [ 'C:\\laragon\\www\\system-school\\node_modules\\@headlessui\\react' ]
84 silly reify mark retired [ 'C:\\laragon\\www\\system-school\\node_modules\\@humanfs\\core' ]
85 silly reify mark retired [ 'C:\\laragon\\www\\system-school\\node_modules\\@humanfs\\node' ]
86 silly reify mark retired [
86 silly reify   'C:\\laragon\\www\\system-school\\node_modules\\@humanwhocodes\\module-importer'
86 silly reify ]
87 silly reify mark retired [
87 silly reify   'C:\\laragon\\www\\system-school\\node_modules\\@humanwhocodes\\retry'
87 silly reify ]
88 silly reify mark retired [ 'C:\\laragon\\www\\system-school\\node_modules\\@inertiajs\\core' ]
89 silly reify mark retired [ 'C:\\laragon\\www\\system-school\\node_modules\\@inertiajs\\react' ]
90 silly reify mark retired [
90 silly reify   'C:\\laragon\\www\\system-school\\node_modules\\@isaacs\\fs-minipass'
90 silly reify ]
91 silly reify mark retired [
91 silly reify   'C:\\laragon\\www\\system-school\\node_modules\\@jridgewell\\gen-mapping'
91 silly reify ]
92 silly reify mark retired [
92 silly reify   'C:\\laragon\\www\\system-school\\node_modules\\@jridgewell\\remapping'
92 silly reify ]
93 silly reify mark retired [
93 silly reify   'C:\\laragon\\www\\system-school\\node_modules\\@jridgewell\\resolve-uri'
93 silly reify ]
94 silly reify mark retired [
94 silly reify   'C:\\laragon\\www\\system-school\\node_modules\\@jridgewell\\sourcemap-codec'
94 silly reify ]
95 silly reify mark retired [
95 silly reify   'C:\\laragon\\www\\system-school\\node_modules\\@jridgewell\\trace-mapping'
95 silly reify ]
96 silly reify mark retired [
96 silly reify   'C:\\laragon\\www\\system-school\\node_modules\\@laravel\\vite-plugin-wayfinder'
96 silly reify ]
97 silly reify mark retired [
97 silly reify   'C:\\laragon\\www\\system-school\\node_modules\\@nodelib\\fs.scandir'
97 silly reify ]
98 silly reify mark retired [ 'C:\\laragon\\www\\system-school\\node_modules\\@nodelib\\fs.stat' ]
99 silly reify mark retired [ 'C:\\laragon\\www\\system-school\\node_modules\\@nodelib\\fs.walk' ]
100 silly reify mark retired [ 'C:\\laragon\\www\\system-school\\node_modules\\@radix-ui\\number' ]
101 silly reify mark retired [
101 silly reify   'C:\\laragon\\www\\system-school\\node_modules\\@radix-ui\\primitive'
101 silly reify ]
102 silly reify mark retired [
102 silly reify   'C:\\laragon\\www\\system-school\\node_modules\\@radix-ui\\react-arrow'
102 silly reify ]
103 silly reify mark retired [
103 silly reify   'C:\\laragon\\www\\system-school\\node_modules\\@radix-ui\\react-avatar'
103 silly reify ]
104 silly reify mark retired [
104 silly reify   'C:\\laragon\\www\\system-school\\node_modules\\@radix-ui\\react-checkbox'
104 silly reify ]
105 silly reify mark retired [
105 silly reify   'C:\\laragon\\www\\system-school\\node_modules\\@radix-ui\\react-collapsible'
105 silly reify ]
106 silly reify mark retired [
106 silly reify   'C:\\laragon\\www\\system-school\\node_modules\\@radix-ui\\react-collection'
106 silly reify ]
107 silly reify mark retired [
107 silly reify   'C:\\laragon\\www\\system-school\\node_modules\\@radix-ui\\react-compose-refs'
107 silly reify ]
108 silly reify mark retired [
108 silly reify   'C:\\laragon\\www\\system-school\\node_modules\\@radix-ui\\react-context'
108 silly reify ]
109 silly reify mark retired [
109 silly reify   'C:\\laragon\\www\\system-school\\node_modules\\@radix-ui\\react-dialog'
109 silly reify ]
110 silly reify mark retired [
110 silly reify   'C:\\laragon\\www\\system-school\\node_modules\\@radix-ui\\react-direction'
110 silly reify ]
111 silly reify mark retired [
111 silly reify   'C:\\laragon\\www\\system-school\\node_modules\\@radix-ui\\react-dismissable-layer'
111 silly reify ]
112 silly reify mark retired [
112 silly reify   'C:\\laragon\\www\\system-school\\node_modules\\@radix-ui\\react-dropdown-menu'
112 silly reify ]
113 silly reify mark retired [
113 silly reify   'C:\\laragon\\www\\system-school\\node_modules\\@radix-ui\\react-focus-guards'
113 silly reify ]
114 silly reify mark retired [
114 silly reify   'C:\\laragon\\www\\system-school\\node_modules\\@radix-ui\\react-focus-scope'
114 silly reify ]
115 silly reify mark retired [
115 silly reify   'C:\\laragon\\www\\system-school\\node_modules\\@radix-ui\\react-id'
115 silly reify ]
116 silly reify mark retired [
116 silly reify   'C:\\laragon\\www\\system-school\\node_modules\\@radix-ui\\react-label'
116 silly reify ]
117 silly reify mark retired [
117 silly reify   'C:\\laragon\\www\\system-school\\node_modules\\@radix-ui\\react-menu'
117 silly reify ]
118 silly reify mark retired [
118 silly reify   'C:\\laragon\\www\\system-school\\node_modules\\@radix-ui\\react-navigation-menu'
118 silly reify ]
119 silly reify mark retired [
119 silly reify   'C:\\laragon\\www\\system-school\\node_modules\\@radix-ui\\react-popover'
119 silly reify ]
120 silly reify mark retired [
120 silly reify   'C:\\laragon\\www\\system-school\\node_modules\\@radix-ui\\react-popper'
120 silly reify ]
121 silly reify mark retired [
121 silly reify   'C:\\laragon\\www\\system-school\\node_modules\\@radix-ui\\react-portal'
121 silly reify ]
122 silly reify mark retired [
122 silly reify   'C:\\laragon\\www\\system-school\\node_modules\\@radix-ui\\react-presence'
122 silly reify ]
123 silly reify mark retired [
123 silly reify   'C:\\laragon\\www\\system-school\\node_modules\\@radix-ui\\react-primitive'
123 silly reify ]
124 silly reify mark retired [
124 silly reify   'C:\\laragon\\www\\system-school\\node_modules\\@radix-ui\\react-roving-focus'
124 silly reify ]
125 silly reify mark retired [
125 silly reify   'C:\\laragon\\www\\system-school\\node_modules\\@radix-ui\\react-select'
125 silly reify ]
126 silly reify mark retired [
126 silly reify   'C:\\laragon\\www\\system-school\\node_modules\\@radix-ui\\react-separator'
126 silly reify ]
127 silly reify mark retired [
127 silly reify   'C:\\laragon\\www\\system-school\\node_modules\\@radix-ui\\react-slot'
127 silly reify ]
128 silly reify mark retired [
128 silly reify   'C:\\laragon\\www\\system-school\\node_modules\\@radix-ui\\react-toggle'
128 silly reify ]
129 silly reify mark retired [
129 silly reify   'C:\\laragon\\www\\system-school\\node_modules\\@radix-ui\\react-toggle-group'
129 silly reify ]
130 silly reify mark retired [
130 silly reify   'C:\\laragon\\www\\system-school\\node_modules\\@radix-ui\\react-tooltip'
130 silly reify ]
131 silly reify mark retired [
131 silly reify   'C:\\laragon\\www\\system-school\\node_modules\\@radix-ui\\react-use-callback-ref'
131 silly reify ]
132 silly reify mark retired [
132 silly reify   'C:\\laragon\\www\\system-school\\node_modules\\@radix-ui\\react-use-controllable-state'
132 silly reify ]
133 silly reify mark retired [
133 silly reify   'C:\\laragon\\www\\system-school\\node_modules\\@radix-ui\\react-use-effect-event'
133 silly reify ]
134 silly reify mark retired [
134 silly reify   'C:\\laragon\\www\\system-school\\node_modules\\@radix-ui\\react-use-escape-keydown'
134 silly reify ]
135 silly reify mark retired [
135 silly reify   'C:\\laragon\\www\\system-school\\node_modules\\@radix-ui\\react-use-is-hydrated'
135 silly reify ]
136 silly reify mark retired [
136 silly reify   'C:\\laragon\\www\\system-school\\node_modules\\@radix-ui\\react-use-layout-effect'
136 silly reify ]
137 silly reify mark retired [
137 silly reify   'C:\\laragon\\www\\system-school\\node_modules\\@radix-ui\\react-use-previous'
137 silly reify ]
138 silly reify mark retired [
138 silly reify   'C:\\laragon\\www\\system-school\\node_modules\\@radix-ui\\react-use-rect'
138 silly reify ]
139 silly reify mark retired [
139 silly reify   'C:\\laragon\\www\\system-school\\node_modules\\@radix-ui\\react-use-size'
139 silly reify ]
140 silly reify mark retired [
140 silly reify   'C:\\laragon\\www\\system-school\\node_modules\\@radix-ui\\react-visually-hidden'
140 silly reify ]
141 silly reify mark retired [ 'C:\\laragon\\www\\system-school\\node_modules\\@radix-ui\\rect' ]
142 silly reify mark retired [ 'C:\\laragon\\www\\system-school\\node_modules\\@react-aria\\focus' ]
143 silly reify mark retired [
143 silly reify   'C:\\laragon\\www\\system-school\\node_modules\\@react-aria\\interactions'
143 silly reify ]
144 silly reify mark retired [ 'C:\\laragon\\www\\system-school\\node_modules\\@react-aria\\ssr' ]
145 silly reify mark retired [ 'C:\\laragon\\www\\system-school\\node_modules\\@react-aria\\utils' ]
146 silly reify mark retired [
146 silly reify   'C:\\laragon\\www\\system-school\\node_modules\\@react-stately\\flags'
146 silly reify ]
147 silly reify mark retired [
147 silly reify   'C:\\laragon\\www\\system-school\\node_modules\\@react-stately\\utils'
147 silly reify ]
148 silly reify mark retired [
148 silly reify   'C:\\laragon\\www\\system-school\\node_modules\\@react-types\\shared'
148 silly reify ]
149 silly reify mark retired [ 'C:\\laragon\\www\\system-school\\node_modules\\@reduxjs\\toolkit' ]
150 silly reify mark retired [
150 silly reify   'C:\\laragon\\www\\system-school\\node_modules\\@rolldown\\pluginutils'
150 silly reify ]
151 silly reify mark retired [
151 silly reify   'C:\\laragon\\www\\system-school\\node_modules\\@rollup\\rollup-android-arm-eabi'
151 silly reify ]
152 silly reify mark retired [
152 silly reify   'C:\\laragon\\www\\system-school\\node_modules\\@rollup\\rollup-android-arm64'
152 silly reify ]
153 silly reify mark retired [
153 silly reify   'C:\\laragon\\www\\system-school\\node_modules\\@rollup\\rollup-darwin-arm64'
153 silly reify ]
154 silly reify mark retired [
154 silly reify   'C:\\laragon\\www\\system-school\\node_modules\\@rollup\\rollup-darwin-x64'
154 silly reify ]
155 silly reify mark retired [
155 silly reify   'C:\\laragon\\www\\system-school\\node_modules\\@rollup\\rollup-freebsd-arm64'
155 silly reify ]
156 silly reify mark retired [
156 silly reify   'C:\\laragon\\www\\system-school\\node_modules\\@rollup\\rollup-freebsd-x64'
156 silly reify ]
157 silly reify mark retired [
157 silly reify   'C:\\laragon\\www\\system-school\\node_modules\\@rollup\\rollup-linux-arm-gnueabihf'
157 silly reify ]
158 silly reify mark retired [
158 silly reify   'C:\\laragon\\www\\system-school\\node_modules\\@rollup\\rollup-linux-arm-musleabihf'
158 silly reify ]
159 silly reify mark retired [
159 silly reify   'C:\\laragon\\www\\system-school\\node_modules\\@rollup\\rollup-linux-arm64-gnu'
159 silly reify ]
160 silly reify mark retired [
160 silly reify   'C:\\laragon\\www\\system-school\\node_modules\\@rollup\\rollup-linux-arm64-musl'
160 silly reify ]
161 silly reify mark retired [
161 silly reify   'C:\\laragon\\www\\system-school\\node_modules\\@rollup\\rollup-linux-loongarch64-gnu'
161 silly reify ]
162 silly reify mark retired [
162 silly reify   'C:\\laragon\\www\\system-school\\node_modules\\@rollup\\rollup-linux-ppc64-gnu'
162 silly reify ]
163 silly reify mark retired [
163 silly reify   'C:\\laragon\\www\\system-school\\node_modules\\@rollup\\rollup-linux-riscv64-gnu'
163 silly reify ]
164 silly reify mark retired [
164 silly reify   'C:\\laragon\\www\\system-school\\node_modules\\@rollup\\rollup-linux-riscv64-musl'
164 silly reify ]
165 silly reify mark retired [
165 silly reify   'C:\\laragon\\www\\system-school\\node_modules\\@rollup\\rollup-linux-s390x-gnu'
165 silly reify ]
166 silly reify mark retired [
166 silly reify   'C:\\laragon\\www\\system-school\\node_modules\\@rollup\\rollup-linux-x64-gnu'
166 silly reify ]
167 silly reify mark retired [
167 silly reify   'C:\\laragon\\www\\system-school\\node_modules\\@rollup\\rollup-linux-x64-musl'
167 silly reify ]
168 silly reify mark retired [
168 silly reify   'C:\\laragon\\www\\system-school\\node_modules\\@rollup\\rollup-win32-ia32-msvc'
168 silly reify ]
169 silly reify mark retired [
169 silly reify   'C:\\laragon\\www\\system-school\\node_modules\\@rollup\\rollup-win32-arm64-msvc'
169 silly reify ]
170 silly reify mark retired [
170 silly reify   'C:\\laragon\\www\\system-school\\node_modules\\@rollup\\rollup-win32-x64-msvc'
170 silly reify ]
171 silly reify mark retired [
171 silly reify   'C:\\laragon\\www\\system-school\\node_modules\\@standard-schema\\spec'
171 silly reify ]
172 silly reify mark retired [
172 silly reify   'C:\\laragon\\www\\system-school\\node_modules\\@standard-schema\\utils'
172 silly reify ]
173 silly reify mark retired [ 'C:\\laragon\\www\\system-school\\node_modules\\@swc\\helpers' ]
174 silly reify mark retired [
174 silly reify   'C:\\laragon\\www\\system-school\\node_modules\\@tabby_ai\\hijri-converter'
174 silly reify ]
175 silly reify mark retired [ 'C:\\laragon\\www\\system-school\\node_modules\\@tailwindcss\\node' ]
176 silly reify mark retired [
176 silly reify   'C:\\laragon\\www\\system-school\\node_modules\\@tailwindcss\\oxide'
176 silly reify ]
177 silly reify mark retired [
177 silly reify   'C:\\laragon\\www\\system-school\\node_modules\\@tailwindcss\\oxide-android-arm64'
177 silly reify ]
178 silly reify mark retired [
178 silly reify   'C:\\laragon\\www\\system-school\\node_modules\\@tailwindcss\\oxide-darwin-arm64'
178 silly reify ]
179 silly reify mark retired [
179 silly reify   'C:\\laragon\\www\\system-school\\node_modules\\@tailwindcss\\oxide-darwin-x64'
179 silly reify ]
180 silly reify mark retired [
180 silly reify   'C:\\laragon\\www\\system-school\\node_modules\\@tailwindcss\\oxide-freebsd-x64'
180 silly reify ]
181 silly reify mark retired [
181 silly reify   'C:\\laragon\\www\\system-school\\node_modules\\@tailwindcss\\oxide-linux-arm-gnueabihf'
181 silly reify ]
182 silly reify mark retired [
182 silly reify   'C:\\laragon\\www\\system-school\\node_modules\\@tailwindcss\\oxide-linux-arm64-gnu'
182 silly reify ]
183 silly reify mark retired [
183 silly reify   'C:\\laragon\\www\\system-school\\node_modules\\@tailwindcss\\oxide-linux-arm64-musl'
183 silly reify ]
184 silly reify mark retired [
184 silly reify   'C:\\laragon\\www\\system-school\\node_modules\\@tailwindcss\\oxide-linux-x64-gnu'
184 silly reify ]
185 silly reify mark retired [
185 silly reify   'C:\\laragon\\www\\system-school\\node_modules\\@tailwindcss\\oxide-linux-x64-musl'
185 silly reify ]
186 silly reify mark retired [
186 silly reify   'C:\\laragon\\www\\system-school\\node_modules\\@tailwindcss\\oxide-wasm32-wasi'
186 silly reify ]
187 silly reify mark retired [
187 silly reify   'C:\\laragon\\www\\system-school\\node_modules\\@tailwindcss\\oxide-win32-arm64-msvc'
187 silly reify ]
188 silly reify mark retired [
188 silly reify   'C:\\laragon\\www\\system-school\\node_modules\\@tailwindcss\\oxide-win32-x64-msvc'
188 silly reify ]
189 silly reify mark retired [
189 silly reify   'C:\\laragon\\www\\system-school\\node_modules\\lightningcss\\node_modules\\lightningcss-linux-x64-gnu'
189 silly reify ]
190 silly reify moves {
190 silly reify   'C:\\laragon\\www\\system-school\\node_modules\\acorn': 'C:\\laragon\\www\\system-school\\node_modules\\.acorn-Y6m0w0fM',
190 silly reify   'C:\\laragon\\www\\system-school\\node_modules\\browserslist': 'C:\\laragon\\www\\system-school\\node_modules\\.browserslist-Q55LCXz0',
190 silly reify   'C:\\laragon\\www\\system-school\\node_modules\\concurrently': 'C:\\laragon\\www\\system-school\\node_modules\\.concurrently-Kqb0CL5C',
190 silly reify   'C:\\laragon\\www\\system-school\\node_modules\\esbuild': 'C:\\laragon\\www\\system-school\\node_modules\\.esbuild-BPA0HPM0',
190 silly reify   'C:\\laragon\\www\\system-school\\node_modules\\eslint': 'C:\\laragon\\www\\system-school\\node_modules\\.eslint-6ID1XHF0',
190 silly reify   'C:\\laragon\\www\\system-school\\node_modules\\eslint-config-prettier': 'C:\\laragon\\www\\system-school\\node_modules\\.eslint-config-prettier-n8iRxq3k',
190 silly reify   'C:\\laragon\\www\\system-school\\node_modules\\fsevents': 'C:\\laragon\\www\\system-school\\node_modules\\.fsevents-yZI810v3',
190 silly reify   'C:\\laragon\\www\\system-school\\node_modules\\jiti': 'C:\\laragon\\www\\system-school\\node_modules\\.jiti-p8uWPgVT',
190 silly reify   'C:\\laragon\\www\\system-school\\node_modules\\js-yaml': 'C:\\laragon\\www\\system-school\\node_modules\\.js-yaml-tQj6KZW2',
190 silly reify   'C:\\laragon\\www\\system-school\\node_modules\\jsesc': 'C:\\laragon\\www\\system-school\\node_modules\\.jsesc-QJdLiA9C',
190 silly reify   'C:\\laragon\\www\\system-school\\node_modules\\json5': 'C:\\laragon\\www\\system-school\\node_modules\\.json5-f4YGBUcS',
190 silly reify   'C:\\laragon\\www\\system-school\\node_modules\\laravel-vite-plugin': 'C:\\laragon\\www\\system-school\\node_modules\\.laravel-vite-plugin-Yw6RaPiM',
190 silly reify   'C:\\laragon\\www\\system-school\\node_modules\\lightningcss-darwin-arm64': 'C:\\laragon\\www\\system-school\\node_modules\\.lightningcss-darwin-arm64-gcgdy04L',
190 silly reify   'C:\\laragon\\www\\system-school\\node_modules\\lightningcss-darwin-x64': 'C:\\laragon\\www\\system-school\\node_modules\\.lightningcss-darwin-x64-V16wuDxG',
190 silly reify   'C:\\laragon\\www\\system-school\\node_modules\\lightningcss-freebsd-x64': 'C:\\laragon\\www\\system-school\\node_modules\\.lightningcss-freebsd-x64-VSf1R8nW',
190 silly reify   'C:\\laragon\\www\\system-school\\node_modules\\lightningcss-linux-arm-gnueabihf': 'C:\\laragon\\www\\system-school\\node_modules\\.lightningcss-linux-arm-gnueabihf-YdiDNMY3',
190 silly reify   'C:\\laragon\\www\\system-school\\node_modules\\lightningcss-linux-arm64-gnu': 'C:\\laragon\\www\\system-school\\node_modules\\.lightningcss-linux-arm64-gnu-ETiMRN3A',
190 silly reify   'C:\\laragon\\www\\system-school\\node_modules\\lightningcss-linux-arm64-musl': 'C:\\laragon\\www\\system-school\\node_modules\\.lightningcss-linux-arm64-musl-nQQfmakX',
190 silly reify   'C:\\laragon\\www\\system-school\\node_modules\\lightningcss-linux-x64-gnu': 'C:\\laragon\\www\\system-school\\node_modules\\.lightningcss-linux-x64-gnu-A99qfSW6',
190 silly reify   'C:\\laragon\\www\\system-school\\node_modules\\lightningcss-linux-x64-musl': 'C:\\laragon\\www\\system-school\\node_modules\\.lightningcss-linux-x64-musl-gzmdvVW7',
190 silly reify   'C:\\laragon\\www\\system-school\\node_modules\\lightningcss-win32-arm64-msvc': 'C:\\laragon\\www\\system-school\\node_modules\\.lightningcss-win32-arm64-msvc-lRCJmmQv',
190 silly reify   'C:\\laragon\\www\\system-school\\node_modules\\loose-envify': 'C:\\laragon\\www\\system-school\\node_modules\\.loose-envify-mqU1Be1x',
190 silly reify   'C:\\laragon\\www\\system-school\\node_modules\\mammoth': 'C:\\laragon\\www\\system-school\\node_modules\\.mammoth-MHXAnQTm',
190 silly reify   'C:\\laragon\\www\\system-school\\node_modules\\mkdirp': 'C:\\laragon\\www\\system-school\\node_modules\\.mkdirp-TjyNbXF0',
190 silly reify   'C:\\laragon\\www\\system-school\\node_modules\\nanoid': 'C:\\laragon\\www\\system-school\\node_modules\\.nanoid-u7Uot9cv',
190 silly reify   'C:\\laragon\\www\\system-school\\node_modules\\prettier': 'C:\\laragon\\www\\system-school\\node_modules\\.prettier-R08jpego',
190 silly reify   'C:\\laragon\\www\\system-school\\node_modules\\resolve': 'C:\\laragon\\www\\system-school\\node_modules\\.resolve-6yLCZQuB',
190 silly reify   'C:\\laragon\\www\\system-school\\node_modules\\rollup': 'C:\\laragon\\www\\system-school\\node_modules\\.rollup-NESmAzZT',
190 silly reify   'C:\\laragon\\www\\system-school\\node_modules\\semver': 'C:\\laragon\\www\\system-school\\node_modules\\.semver-zYHV3dxp',
190 silly reify   'C:\\laragon\\www\\system-school\\node_modules\\tree-kill': 'C:\\laragon\\www\\system-school\\node_modules\\.tree-kill-80OeRiyX',
190 silly reify   'C:\\laragon\\www\\system-school\\node_modules\\typescript': 'C:\\laragon\\www\\system-school\\node_modules\\.typescript-rWD7ykJR',
190 silly reify   'C:\\laragon\\www\\system-school\\node_modules\\update-browserslist-db': 'C:\\laragon\\www\\system-school\\node_modules\\.update-browserslist-db-8ojZUQie',
190 silly reify   'C:\\laragon\\www\\system-school\\node_modules\\vite': 'C:\\laragon\\www\\system-school\\node_modules\\.vite-KxxUHGUx',
190 silly reify   'C:\\laragon\\www\\system-school\\node_modules\\which': 'C:\\laragon\\www\\system-school\\node_modules\\.which-a24ddlja',
190 silly reify   'C:\\laragon\\www\\system-school\\node_modules\\@babel\\code-frame': 'C:\\laragon\\www\\system-school\\node_modules\\@babel\\.code-frame-ZNhbtD0j',
190 silly reify   'C:\\laragon\\www\\system-school\\node_modules\\@babel\\compat-data': 'C:\\laragon\\www\\system-school\\node_modules\\@babel\\.compat-data-AgwOVH7l',
190 silly reify   'C:\\laragon\\www\\system-school\\node_modules\\@babel\\core': 'C:\\laragon\\www\\system-school\\node_modules\\@babel\\.core-yZhLySVn',
190 silly reify   'C:\\laragon\\www\\system-school\\node_modules\\@babel\\generator': 'C:\\laragon\\www\\system-school\\node_modules\\@babel\\.generator-e1XLsbzS',
190 silly reify   'C:\\laragon\\www\\system-school\\node_modules\\@babel\\helper-compilation-targets': 'C:\\laragon\\www\\system-school\\node_modules\\@babel\\.helper-compilation-targets-0NoiCT0q',
190 silly reify   'C:\\laragon\\www\\system-school\\node_modules\\@babel\\helper-globals': 'C:\\laragon\\www\\system-school\\node_modules\\@babel\\.helper-globals-A06UywkZ',
190 silly reify   'C:\\laragon\\www\\system-school\\node_modules\\@babel\\helper-module-imports': 'C:\\laragon\\www\\system-school\\node_modules\\@babel\\.helper-module-imports-m1Ziw4wp',
190 silly reify   'C:\\laragon\\www\\system-school\\node_modules\\@babel\\helper-module-transforms': 'C:\\laragon\\www\\system-school\\node_modules\\@babel\\.helper-module-transforms-QPI3y5P1',
190 silly reify   'C:\\laragon\\www\\system-school\\node_modules\\@babel\\helper-plugin-utils': 'C:\\laragon\\www\\system-school\\node_modules\\@babel\\.helper-plugin-utils-Hfm3874A',
190 silly reify   'C:\\laragon\\www\\system-school\\node_modules\\@babel\\helper-string-parser': 'C:\\laragon\\www\\system-school\\node_modules\\@babel\\.helper-string-parser-htGynkng',
190 silly reify   'C:\\laragon\\www\\system-school\\node_modules\\@babel\\helper-validator-identifier': 'C:\\laragon\\www\\system-school\\node_modules\\@babel\\.helper-validator-identifier-6aJMzPFb',
190 silly reify   'C:\\laragon\\www\\system-school\\node_modules\\@babel\\helper-validator-option': 'C:\\laragon\\www\\system-school\\node_modules\\@babel\\.helper-validator-option-AHiInOXO',
190 silly reify   'C:\\laragon\\www\\system-school\\node_modules\\@babel\\helpers': 'C:\\laragon\\www\\system-school\\node_modules\\@babel\\.helpers-kX1GueOj',
190 silly reify   'C:\\laragon\\www\\system-school\\node_modules\\@babel\\parser': 'C:\\laragon\\www\\system-school\\node_modules\\@babel\\.parser-WxF7n80J',
190 silly reify   'C:\\laragon\\www\\system-school\\node_modules\\@babel\\plugin-transform-react-jsx-self': 'C:\\laragon\\www\\system-school\\node_modules\\@babel\\.plugin-transform-react-jsx-self-RdBMBAkP',
190 silly reify   'C:\\laragon\\www\\system-school\\node_modules\\@babel\\plugin-transform-react-jsx-source': 'C:\\laragon\\www\\system-school\\node_modules\\@babel\\.plugin-transform-react-jsx-source-NfO56pcU',
190 silly reify   'C:\\laragon\\www\\system-school\\node_modules\\@babel\\template': 'C:\\laragon\\www\\system-school\\node_modules\\@babel\\.template-CrKN0w5z',
190 silly reify   'C:\\laragon\\www\\system-school\\node_modules\\@babel\\traverse': 'C:\\laragon\\www\\system-school\\node_modules\\@babel\\.traverse-cGlNT0VK',
190 silly reify   'C:\\laragon\\www\\system-school\\node_modules\\@babel\\types': 'C:\\laragon\\www\\system-school\\node_modules\\@babel\\.types-34mxABpp',
190 silly reify   'C:\\laragon\\www\\system-school\\node_modules\\@date-fns\\tz': 'C:\\laragon\\www\\system-school\\node_modules\\@date-fns\\.tz-bdeNrWu9',
190 silly reify   'C:\\laragon\\www\\system-school\\node_modules\\@esbuild\\win32-x64': 'C:\\laragon\\www\\system-school\\node_modules\\@esbuild\\.win32-x64-DmF918wd',
190 silly reify   'C:\\laragon\\www\\system-school\\node_modules\\@eslint\\config-array': 'C:\\laragon\\www\\system-school\\node_modules\\@eslint\\.config-array-yBY7P2AM',
190 silly reify   'C:\\laragon\\www\\system-school\\node_modules\\@eslint\\config-helpers': 'C:\\laragon\\www\\system-school\\node_modules\\@eslint\\.config-helpers-CuXzdeEP',
190 silly reify   'C:\\laragon\\www\\system-school\\node_modules\\@eslint\\core': 'C:\\laragon\\www\\system-school\\node_modules\\@eslint\\.core-KUnpvQUM',
190 silly reify   'C:\\laragon\\www\\system-school\\node_modules\\@eslint\\eslintrc': 'C:\\laragon\\www\\system-school\\node_modules\\@eslint\\.eslintrc-PNX1bLkw',
190 silly reify   'C:\\laragon\\www\\system-school\\node_modules\\@eslint\\js': 'C:\\laragon\\www\\system-school\\node_modules\\@eslint\\.js-lTtgMzOM',
190 silly reify   'C:\\laragon\\www\\system-school\\node_modules\\@eslint\\object-schema': 'C:\\laragon\\www\\system-school\\node_modules\\@eslint\\.object-schema-X2iHTpyO',
190 silly reify   'C:\\laragon\\www\\system-school\\node_modules\\@eslint\\plugin-kit': 'C:\\laragon\\www\\system-school\\node_modules\\@eslint\\.plugin-kit-V51d96X7',
190 silly reify   'C:\\laragon\\www\\system-school\\node_modules\\@floating-ui\\core': 'C:\\laragon\\www\\system-school\\node_modules\\@floating-ui\\.core-bS2DXpel',
190 silly reify   'C:\\laragon\\www\\system-school\\node_modules\\@floating-ui\\dom': 'C:\\laragon\\www\\system-school\\node_modules\\@floating-ui\\.dom-M9E2feMd',
190 silly reify   'C:\\laragon\\www\\system-school\\node_modules\\@floating-ui\\react': 'C:\\laragon\\www\\system-school\\node_modules\\@floating-ui\\.react-vYdMLcrN',
190 silly reify   'C:\\laragon\\www\\system-school\\node_modules\\@floating-ui\\react-dom': 'C:\\laragon\\www\\system-school\\node_modules\\@floating-ui\\.react-dom-ojDpYlLl',
190 silly reify   'C:\\laragon\\www\\system-school\\node_modules\\@floating-ui\\utils': 'C:\\laragon\\www\\system-school\\node_modules\\@floating-ui\\.utils-GHthiiL1',
190 silly reify   'C:\\laragon\\www\\system-school\\node_modules\\@eslint-community\\eslint-utils': 'C:\\laragon\\www\\system-school\\node_modules\\@eslint-community\\.eslint-utils-ipASh1D7',
190 silly reify   'C:\\laragon\\www\\system-school\\node_modules\\@eslint-community\\regexpp': 'C:\\laragon\\www\\system-school\\node_modules\\@eslint-community\\.regexpp-pEIoCTFv',
190 silly reify   'C:\\laragon\\www\\system-school\\node_modules\\@headlessui\\react': 'C:\\laragon\\www\\system-school\\node_modules\\@headlessui\\.react-InPJAH43',
190 silly reify   'C:\\laragon\\www\\system-school\\node_modules\\@humanfs\\core': 'C:\\laragon\\www\\system-school\\node_modules\\@humanfs\\.core-mpAFJlgu',
190 silly reify   'C:\\laragon\\www\\system-school\\node_modules\\@humanfs\\node': 'C:\\laragon\\www\\system-school\\node_modules\\@humanfs\\.node-kFb3fYeW',
190 silly reify   'C:\\laragon\\www\\system-school\\node_modules\\@humanwhocodes\\module-importer': 'C:\\laragon\\www\\system-school\\node_modules\\@humanwhocodes\\.module-importer-eotuh6fX',
190 silly reify   'C:\\laragon\\www\\system-school\\node_modules\\@humanwhocodes\\retry': 'C:\\laragon\\www\\system-school\\node_modules\\@humanwhocodes\\.retry-O7WAqYU9',
190 silly reify   'C:\\laragon\\www\\system-school\\node_modules\\@inertiajs\\core': 'C:\\laragon\\www\\system-school\\node_modules\\@inertiajs\\.core-iQETOEUX',
190 silly reify   'C:\\laragon\\www\\system-school\\node_modules\\@inertiajs\\react': 'C:\\laragon\\www\\system-school\\node_modules\\@inertiajs\\.react-4Z5ZSoJN',
190 silly reify   'C:\\laragon\\www\\system-school\\node_modules\\@isaacs\\fs-minipass': 'C:\\laragon\\www\\system-school\\node_modules\\@isaacs\\.fs-minipass-0lmPbHLT',
190 silly reify   'C:\\laragon\\www\\system-school\\node_modules\\@jridgewell\\gen-mapping': 'C:\\laragon\\www\\system-school\\node_modules\\@jridgewell\\.gen-mapping-AhXw9mtx',
190 silly reify   'C:\\laragon\\www\\system-school\\node_modules\\@jridgewell\\remapping': 'C:\\laragon\\www\\system-school\\node_modules\\@jridgewell\\.remapping-hpbWyJRk',
190 silly reify   'C:\\laragon\\www\\system-school\\node_modules\\@jridgewell\\resolve-uri': 'C:\\laragon\\www\\system-school\\node_modules\\@jridgewell\\.resolve-uri-anxMGoEL',
190 silly reify   'C:\\laragon\\www\\system-school\\node_modules\\@jridgewell\\sourcemap-codec': 'C:\\laragon\\www\\system-school\\node_modules\\@jridgewell\\.sourcemap-codec-CcH9mFU2',
190 silly reify   'C:\\laragon\\www\\system-school\\node_modules\\@jridgewell\\trace-mapping': 'C:\\laragon\\www\\system-school\\node_modules\\@jridgewell\\.trace-mapping-ep5o9uA5',
190 silly reify   'C:\\laragon\\www\\system-school\\node_modules\\@laravel\\vite-plugin-wayfinder': 'C:\\laragon\\www\\system-school\\node_modules\\@laravel\\.vite-plugin-wayfinder-8QuV0hQw',
190 silly reify   'C:\\laragon\\www\\system-school\\node_modules\\@nodelib\\fs.scandir': 'C:\\laragon\\www\\system-school\\node_modules\\@nodelib\\.fs.scandir-6w2w0jF4',
190 silly reify   'C:\\laragon\\www\\system-school\\node_modules\\@nodelib\\fs.stat': 'C:\\laragon\\www\\system-school\\node_modules\\@nodelib\\.fs.stat-Lv1BuO3M',
190 silly reify   'C:\\laragon\\www\\system-school\\node_modules\\@nodelib\\fs.walk': 'C:\\laragon\\www\\system-school\\node_modules\\@nodelib\\.fs.walk-SlV45ceK',
190 silly reify   'C:\\laragon\\www\\system-school\\node_modules\\@radix-ui\\number': 'C:\\laragon\\www\\system-school\\node_modules\\@radix-ui\\.number-VjIyi4lJ',
190 silly reify   'C:\\laragon\\www\\system-school\\node_modules\\@radix-ui\\primitive': 'C:\\laragon\\www\\system-school\\node_modules\\@radix-ui\\.primitive-M1qM6vD5',
190 silly reify   'C:\\laragon\\www\\system-school\\node_modules\\@radix-ui\\react-arrow': 'C:\\laragon\\www\\system-school\\node_modules\\@radix-ui\\.react-arrow-rdrFRZmL',
190 silly reify   'C:\\laragon\\www\\system-school\\node_modules\\@radix-ui\\react-avatar': 'C:\\laragon\\www\\system-school\\node_modules\\@radix-ui\\.react-avatar-DgewGX5U',
190 silly reify   'C:\\laragon\\www\\system-school\\node_modules\\@radix-ui\\react-checkbox': 'C:\\laragon\\www\\system-school\\node_modules\\@radix-ui\\.react-checkbox-V3MRS1y2',
190 silly reify   'C:\\laragon\\www\\system-school\\node_modules\\@radix-ui\\react-collapsible': 'C:\\laragon\\www\\system-school\\node_modules\\@radix-ui\\.react-collapsible-C0LkjLaz',
190 silly reify   'C:\\laragon\\www\\system-school\\node_modules\\@radix-ui\\react-collection': 'C:\\laragon\\www\\system-school\\node_modules\\@radix-ui\\.react-collection-F0FPDx8p',
190 silly reify   'C:\\laragon\\www\\system-school\\node_modules\\@radix-ui\\react-compose-refs': 'C:\\laragon\\www\\system-school\\node_modules\\@radix-ui\\.react-compose-refs-TqTMxHXa',
190 silly reify   'C:\\laragon\\www\\system-school\\node_modules\\@radix-ui\\react-context': 'C:\\laragon\\www\\system-school\\node_modules\\@radix-ui\\.react-context-vdJeTOn1',
190 silly reify   'C:\\laragon\\www\\system-school\\node_modules\\@radix-ui\\react-dialog': 'C:\\laragon\\www\\system-school\\node_modules\\@radix-ui\\.react-dialog-UI9CwSY5',
190 silly reify   'C:\\laragon\\www\\system-school\\node_modules\\@radix-ui\\react-direction': 'C:\\laragon\\www\\system-school\\node_modules\\@radix-ui\\.react-direction-Ol9xp2hn',
190 silly reify   'C:\\laragon\\www\\system-school\\node_modules\\@radix-ui\\react-dismissable-layer': 'C:\\laragon\\www\\system-school\\node_modules\\@radix-ui\\.react-dismissable-layer-zw8Eo679',
190 silly reify   'C:\\laragon\\www\\system-school\\node_modules\\@radix-ui\\react-dropdown-menu': 'C:\\laragon\\www\\system-school\\node_modules\\@radix-ui\\.react-dropdown-menu-5wVMVt6n',
190 silly reify   'C:\\laragon\\www\\system-school\\node_modules\\@radix-ui\\react-focus-guards': 'C:\\laragon\\www\\system-school\\node_modules\\@radix-ui\\.react-focus-guards-Vt30cG2C',
190 silly reify   'C:\\laragon\\www\\system-school\\node_modules\\@radix-ui\\react-focus-scope': 'C:\\laragon\\www\\system-school\\node_modules\\@radix-ui\\.react-focus-scope-TFG8mK2U',
190 silly reify   'C:\\laragon\\www\\system-school\\node_modules\\@radix-ui\\react-id': 'C:\\laragon\\www\\system-school\\node_modules\\@radix-ui\\.react-id-1B5ufxX0',
190 silly reify   'C:\\laragon\\www\\system-school\\node_modules\\@radix-ui\\react-label': 'C:\\laragon\\www\\system-school\\node_modules\\@radix-ui\\.react-label-TYYqyM1n',
190 silly reify   'C:\\laragon\\www\\system-school\\node_modules\\@radix-ui\\react-menu': 'C:\\laragon\\www\\system-school\\node_modules\\@radix-ui\\.react-menu-mqKzkMKo',
190 silly reify   'C:\\laragon\\www\\system-school\\node_modules\\@radix-ui\\react-navigation-menu': 'C:\\laragon\\www\\system-school\\node_modules\\@radix-ui\\.react-navigation-menu-Xz2Zk7WF',
190 silly reify   'C:\\laragon\\www\\system-school\\node_modules\\@radix-ui\\react-popover': 'C:\\laragon\\www\\system-school\\node_modules\\@radix-ui\\.react-popover-SlbJUgmD',
190 silly reify   'C:\\laragon\\www\\system-school\\node_modules\\@radix-ui\\react-popper': 'C:\\laragon\\www\\system-school\\node_modules\\@radix-ui\\.react-popper-eeAj4u80',
190 silly reify   'C:\\laragon\\www\\system-school\\node_modules\\@radix-ui\\react-portal': 'C:\\laragon\\www\\system-school\\node_modules\\@radix-ui\\.react-portal-M2Pz7qEx',
190 silly reify   'C:\\laragon\\www\\system-school\\node_modules\\@radix-ui\\react-presence': 'C:\\laragon\\www\\system-school\\node_modules\\@radix-ui\\.react-presence-xzNJpSxt',
190 silly reify   'C:\\laragon\\www\\system-school\\node_modules\\@radix-ui\\react-primitive': 'C:\\laragon\\www\\system-school\\node_modules\\@radix-ui\\.react-primitive-oLeWbUgM',
190 silly reify   'C:\\laragon\\www\\system-school\\node_modules\\@radix-ui\\react-roving-focus': 'C:\\laragon\\www\\system-school\\node_modules\\@radix-ui\\.react-roving-focus-AMMwoQST',
190 silly reify   'C:\\laragon\\www\\system-school\\node_modules\\@radix-ui\\react-select': 'C:\\laragon\\www\\system-school\\node_modules\\@radix-ui\\.react-select-kLGk5lN5',
190 silly reify   'C:\\laragon\\www\\system-school\\node_modules\\@radix-ui\\react-separator': 'C:\\laragon\\www\\system-school\\node_modules\\@radix-ui\\.react-separator-A4dr9CDm',
190 silly reify   'C:\\laragon\\www\\system-school\\node_modules\\@radix-ui\\react-slot': 'C:\\laragon\\www\\system-school\\node_modules\\@radix-ui\\.react-slot-czYHUXwC',
190 silly reify   'C:\\laragon\\www\\system-school\\node_modules\\@radix-ui\\react-toggle': 'C:\\laragon\\www\\system-school\\node_modules\\@radix-ui\\.react-toggle-EWFhcLds',
190 silly reify   'C:\\laragon\\www\\system-school\\node_modules\\@radix-ui\\react-toggle-group': 'C:\\laragon\\www\\system-school\\node_modules\\@radix-ui\\.react-toggle-group-Rh658r6I',
190 silly reify   'C:\\laragon\\www\\system-school\\node_modules\\@radix-ui\\react-tooltip': 'C:\\laragon\\www\\system-school\\node_modules\\@radix-ui\\.react-tooltip-HaaOraKP',
190 silly reify   'C:\\laragon\\www\\system-school\\node_modules\\@radix-ui\\react-use-callback-ref': 'C:\\laragon\\www\\system-school\\node_modules\\@radix-ui\\.react-use-callback-ref-k9xciipQ',
190 silly reify   'C:\\laragon\\www\\system-school\\node_modules\\@radix-ui\\react-use-controllable-state': 'C:\\laragon\\www\\system-school\\node_modules\\@radix-ui\\.react-use-controllable-state-oBM3p7ba',
190 silly reify   'C:\\laragon\\www\\system-school\\node_modules\\@radix-ui\\react-use-effect-event': 'C:\\laragon\\www\\system-school\\node_modules\\@radix-ui\\.react-use-effect-event-mKW4uOR7',
190 silly reify   'C:\\laragon\\www\\system-school\\node_modules\\@radix-ui\\react-use-escape-keydown': 'C:\\laragon\\www\\system-school\\node_modules\\@radix-ui\\.react-use-escape-keydown-VXUUNAg8',
190 silly reify   'C:\\laragon\\www\\system-school\\node_modules\\@radix-ui\\react-use-is-hydrated': 'C:\\laragon\\www\\system-school\\node_modules\\@radix-ui\\.react-use-is-hydrated-zCY3bJaX',
190 silly reify   'C:\\laragon\\www\\system-school\\node_modules\\@radix-ui\\react-use-layout-effect': 'C:\\laragon\\www\\system-school\\node_modules\\@radix-ui\\.react-use-layout-effect-AxXLychZ',
190 silly reify   'C:\\laragon\\www\\system-school\\node_modules\\@radix-ui\\react-use-previous': 'C:\\laragon\\www\\system-school\\node_modules\\@radix-ui\\.react-use-previous-9XPaz3pA',
190 silly reify   'C:\\laragon\\www\\system-school\\node_modules\\@radix-ui\\react-use-rect': 'C:\\laragon\\www\\system-school\\node_modules\\@radix-ui\\.react-use-rect-rMZmD7S6',
190 silly reify   'C:\\laragon\\www\\system-school\\node_modules\\@radix-ui\\react-use-size': 'C:\\laragon\\www\\system-school\\node_modules\\@radix-ui\\.react-use-size-m1bpyw7P',
190 silly reify   'C:\\laragon\\www\\system-school\\node_modules\\@radix-ui\\react-visually-hidden': 'C:\\laragon\\www\\system-school\\node_modules\\@radix-ui\\.react-visually-hidden-thIsuIro',
190 silly reify   'C:\\laragon\\www\\system-school\\node_modules\\@radix-ui\\rect': 'C:\\laragon\\www\\system-school\\node_modules\\@radix-ui\\.rect-UuCM72wk',
190 silly reify   'C:\\laragon\\www\\system-school\\node_modules\\@react-aria\\focus': 'C:\\laragon\\www\\system-school\\node_modules\\@react-aria\\.focus-nX1MqGWB',
190 silly reify   'C:\\laragon\\www\\system-school\\node_modules\\@react-aria\\interactions': 'C:\\laragon\\www\\system-school\\node_modules\\@react-aria\\.interactions-iP8tGPD9',
190 silly reify   'C:\\laragon\\www\\system-school\\node_modules\\@react-aria\\ssr': 'C:\\laragon\\www\\system-school\\node_modules\\@react-aria\\.ssr-MiMp5fUO',
190 silly reify   'C:\\laragon\\www\\system-school\\node_modules\\@react-aria\\utils': 'C:\\laragon\\www\\system-school\\node_modules\\@react-aria\\.utils-4CEcEmpq',
190 silly reify   'C:\\laragon\\www\\system-school\\node_modules\\@react-stately\\flags': 'C:\\laragon\\www\\system-school\\node_modules\\@react-stately\\.flags-lv9iXeOb',
190 silly reify   'C:\\laragon\\www\\system-school\\node_modules\\@react-stately\\utils': 'C:\\laragon\\www\\system-school\\node_modules\\@react-stately\\.utils-N1Y9TmJN',
190 silly reify   'C:\\laragon\\www\\system-school\\node_modules\\@react-types\\shared': 'C:\\laragon\\www\\system-school\\node_modules\\@react-types\\.shared-GHSex8Qx',
190 silly reify   'C:\\laragon\\www\\system-school\\node_modules\\@reduxjs\\toolkit': 'C:\\laragon\\www\\system-school\\node_modules\\@reduxjs\\.toolkit-tI0DFnhs',
190 silly reify   'C:\\laragon\\www\\system-school\\node_modules\\@rolldown\\pluginutils': 'C:\\laragon\\www\\system-school\\node_modules\\@rolldown\\.pluginutils-yIvOaSvb',
190 silly reify   'C:\\laragon\\www\\system-school\\node_modules\\@rollup\\rollup-android-arm-eabi': 'C:\\laragon\\www\\system-school\\node_modules\\@rollup\\.rollup-android-arm-eabi-JOuzbi8z',
190 silly reify   'C:\\laragon\\www\\system-school\\node_modules\\@rollup\\rollup-android-arm64': 'C:\\laragon\\www\\system-school\\node_modules\\@rollup\\.rollup-android-arm64-xSPKpP96',
190 silly reify   'C:\\laragon\\www\\system-school\\node_modules\\@rollup\\rollup-darwin-arm64': 'C:\\laragon\\www\\system-school\\node_modules\\@rollup\\.rollup-darwin-arm64-dUqFDRE3',
190 silly reify   'C:\\laragon\\www\\system-school\\node_modules\\@rollup\\rollup-darwin-x64': 'C:\\laragon\\www\\system-school\\node_modules\\@rollup\\.rollup-darwin-x64-PtLO8VV1',
190 silly reify   'C:\\laragon\\www\\system-school\\node_modules\\@rollup\\rollup-freebsd-arm64': 'C:\\laragon\\www\\system-school\\node_modules\\@rollup\\.rollup-freebsd-arm64-YiAyOizi',
190 silly reify   'C:\\laragon\\www\\system-school\\node_modules\\@rollup\\rollup-freebsd-x64': 'C:\\laragon\\www\\system-school\\node_modules\\@rollup\\.rollup-freebsd-x64-vvaGQdJI',
190 silly reify   'C:\\laragon\\www\\system-school\\node_modules\\@rollup\\rollup-linux-arm-gnueabihf': 'C:\\laragon\\www\\system-school\\node_modules\\@rollup\\.rollup-linux-arm-gnueabihf-SE44qQer',
190 silly reify   'C:\\laragon\\www\\system-school\\node_modules\\@rollup\\rollup-linux-arm-musleabihf': 'C:\\laragon\\www\\system-school\\node_modules\\@rollup\\.rollup-linux-arm-musleabihf-NJqH7DOZ',
190 silly reify   'C:\\laragon\\www\\system-school\\node_modules\\@rollup\\rollup-linux-arm64-gnu': 'C:\\laragon\\www\\system-school\\node_modules\\@rollup\\.rollup-linux-arm64-gnu-O7QyXe4r',
190 silly reify   'C:\\laragon\\www\\system-school\\node_modules\\@rollup\\rollup-linux-arm64-musl': 'C:\\laragon\\www\\system-school\\node_modules\\@rollup\\.rollup-linux-arm64-musl-mXTA5jhP',
190 silly reify   'C:\\laragon\\www\\system-school\\node_modules\\@rollup\\rollup-linux-loongarch64-gnu': 'C:\\laragon\\www\\system-school\\node_modules\\@rollup\\.rollup-linux-loongarch64-gnu-STmpMU84',
190 silly reify   'C:\\laragon\\www\\system-school\\node_modules\\@rollup\\rollup-linux-ppc64-gnu': 'C:\\laragon\\www\\system-school\\node_modules\\@rollup\\.rollup-linux-ppc64-gnu-cFHHvveX',
190 silly reify   'C:\\laragon\\www\\system-school\\node_modules\\@rollup\\rollup-linux-riscv64-gnu': 'C:\\laragon\\www\\system-school\\node_modules\\@rollup\\.rollup-linux-riscv64-gnu-AxOfh9aC',
190 silly reify   'C:\\laragon\\www\\system-school\\node_modules\\@rollup\\rollup-linux-riscv64-musl': 'C:\\laragon\\www\\system-school\\node_modules\\@rollup\\.rollup-linux-riscv64-musl-ttzI4Gck',
190 silly reify   'C:\\laragon\\www\\system-school\\node_modules\\@rollup\\rollup-linux-s390x-gnu': 'C:\\laragon\\www\\system-school\\node_modules\\@rollup\\.rollup-linux-s390x-gnu-cUxcOoG9',
190 silly reify   'C:\\laragon\\www\\system-school\\node_modules\\@rollup\\rollup-linux-x64-gnu': 'C:\\laragon\\www\\system-school\\node_modules\\@rollup\\.rollup-linux-x64-gnu-suAXjZtK',
190 silly reify   'C:\\laragon\\www\\system-school\\node_modules\\@rollup\\rollup-linux-x64-musl': 'C:\\laragon\\www\\system-school\\node_modules\\@rollup\\.rollup-linux-x64-musl-JcsCq4l6',
190 silly reify   'C:\\laragon\\www\\system-school\\node_modules\\@rollup\\rollup-win32-ia32-msvc': 'C:\\laragon\\www\\system-school\\node_modules\\@rollup\\.rollup-win32-ia32-msvc-P1lNX60E',
190 silly reify   'C:\\laragon\\www\\system-school\\node_modules\\@rollup\\rollup-win32-arm64-msvc': 'C:\\laragon\\www\\system-school\\node_modules\\@rollup\\.rollup-win32-arm64-msvc-lGhMQaQm',
190 silly reify   'C:\\laragon\\www\\system-school\\node_modules\\@rollup\\rollup-win32-x64-msvc': 'C:\\laragon\\www\\system-school\\node_modules\\@rollup\\.rollup-win32-x64-msvc-5fRjrGwv',
190 silly reify   'C:\\laragon\\www\\system-school\\node_modules\\@standard-schema\\spec': 'C:\\laragon\\www\\system-school\\node_modules\\@standard-schema\\.spec-FGOKgj2y',
190 silly reify   'C:\\laragon\\www\\system-school\\node_modules\\@standard-schema\\utils': 'C:\\laragon\\www\\system-school\\node_modules\\@standard-schema\\.utils-jbMsaFeR',
190 silly reify   'C:\\laragon\\www\\system-school\\node_modules\\@swc\\helpers': 'C:\\laragon\\www\\system-school\\node_modules\\@swc\\.helpers-sfSyVTuC',
190 silly reify   'C:\\laragon\\www\\system-school\\node_modules\\@tabby_ai\\hijri-converter': 'C:\\laragon\\www\\system-school\\node_modules\\@tabby_ai\\.hijri-converter-s44N1usX',
190 silly reify   'C:\\laragon\\www\\system-school\\node_modules\\@tailwindcss\\node': 'C:\\laragon\\www\\system-school\\node_modules\\@tailwindcss\\.node-kATTXHo4',
190 silly reify   'C:\\laragon\\www\\system-school\\node_modules\\@tailwindcss\\oxide': 'C:\\laragon\\www\\system-school\\node_modules\\@tailwindcss\\.oxide-LD2QAu64',
190 silly reify   'C:\\laragon\\www\\system-school\\node_modules\\@tailwindcss\\oxide-android-arm64': 'C:\\laragon\\www\\system-school\\node_modules\\@tailwindcss\\.oxide-android-arm64-jGXki8wu',
190 silly reify   'C:\\laragon\\www\\system-school\\node_modules\\@tailwindcss\\oxide-darwin-arm64': 'C:\\laragon\\www\\system-school\\node_modules\\@tailwindcss\\.oxide-darwin-arm64-OIxkcMKA',
190 silly reify   'C:\\laragon\\www\\system-school\\node_modules\\@tailwindcss\\oxide-darwin-x64': 'C:\\laragon\\www\\system-school\\node_modules\\@tailwindcss\\.oxide-darwin-x64-0BHAfi87',
190 silly reify   'C:\\laragon\\www\\system-school\\node_modules\\@tailwindcss\\oxide-freebsd-x64': 'C:\\laragon\\www\\system-school\\node_modules\\@tailwindcss\\.oxide-freebsd-x64-hRsjbf24',
190 silly reify   'C:\\laragon\\www\\system-school\\node_modules\\@tailwindcss\\oxide-linux-arm-gnueabihf': 'C:\\laragon\\www\\system-school\\node_modules\\@tailwindcss\\.oxide-linux-arm-gnueabihf-26UxI26e',
190 silly reify   'C:\\laragon\\www\\system-school\\node_modules\\@tailwindcss\\oxide-linux-arm64-gnu': 'C:\\laragon\\www\\system-school\\node_modules\\@tailwindcss\\.oxide-linux-arm64-gnu-sWLq9XYu',
190 silly reify   'C:\\laragon\\www\\system-school\\node_modules\\@tailwindcss\\oxide-linux-arm64-musl': 'C:\\laragon\\www\\system-school\\node_modules\\@tailwindcss\\.oxide-linux-arm64-musl-MMHFXLNw',
190 silly reify   'C:\\laragon\\www\\system-school\\node_modules\\@tailwindcss\\oxide-linux-x64-gnu': 'C:\\laragon\\www\\system-school\\node_modules\\@tailwindcss\\.oxide-linux-x64-gnu-85mlASQB',
190 silly reify   'C:\\laragon\\www\\system-school\\node_modules\\@tailwindcss\\oxide-linux-x64-musl': 'C:\\laragon\\www\\system-school\\node_modules\\@tailwindcss\\.oxide-linux-x64-musl-2RfjQJ5t',
190 silly reify   'C:\\laragon\\www\\system-school\\node_modules\\@tailwindcss\\oxide-wasm32-wasi': 'C:\\laragon\\www\\system-school\\node_modules\\@tailwindcss\\.oxide-wasm32-wasi-RDHN40Rh',
190 silly reify   'C:\\laragon\\www\\system-school\\node_modules\\@tailwindcss\\oxide-win32-arm64-msvc': 'C:\\laragon\\www\\system-school\\node_modules\\@tailwindcss\\.oxide-win32-arm64-msvc-ofSpTleX',
190 silly reify   'C:\\laragon\\www\\system-school\\node_modules\\@tailwindcss\\oxide-win32-x64-msvc': 'C:\\laragon\\www\\system-school\\node_modules\\@tailwindcss\\.oxide-win32-x64-msvc-RseSh6UK',
190 silly reify   'C:\\laragon\\www\\system-school\\node_modules\\lightningcss\\node_modules\\lightningcss-linux-x64-gnu': 'C:\\laragon\\www\\system-school\\node_modules\\lightningcss\\node_modules\\.lightningcss-linux-x64-gnu-5vCPRIcR'
190 silly reify }
191 verbose reify failed optional dependency C:\laragon\www\system-school\node_modules\@tailwindcss\oxide-wasm32-wasi
192 silly reify mark deleted [
192 silly reify   'C:\\laragon\\www\\system-school\\node_modules\\@tailwindcss\\oxide-wasm32-wasi'
192 silly reify ]
193 verbose reify failed optional dependency C:\laragon\www\system-school\node_modules\lightningcss\node_modules\lightningcss-linux-x64-gnu
194 silly reify mark deleted [
194 silly reify   'C:\\laragon\\www\\system-school\\node_modules\\lightningcss\\node_modules\\lightningcss-linux-x64-gnu'
194 silly reify ]
195 verbose reify failed optional dependency C:\laragon\www\system-school\node_modules\@tailwindcss\oxide-win32-arm64-msvc
196 silly reify mark deleted [
196 silly reify   'C:\\laragon\\www\\system-school\\node_modules\\@tailwindcss\\oxide-win32-arm64-msvc'
196 silly reify ]
197 verbose reify failed optional dependency C:\laragon\www\system-school\node_modules\@tailwindcss\oxide-linux-x64-musl
198 silly reify mark deleted [
198 silly reify   'C:\\laragon\\www\\system-school\\node_modules\\@tailwindcss\\oxide-linux-x64-musl'
198 silly reify ]
199 verbose reify failed optional dependency C:\laragon\www\system-school\node_modules\@tailwindcss\oxide-linux-x64-gnu
200 silly reify mark deleted [
200 silly reify   'C:\\laragon\\www\\system-school\\node_modules\\@tailwindcss\\oxide-linux-x64-gnu'
200 silly reify ]
201 verbose reify failed optional dependency C:\laragon\www\system-school\node_modules\@tailwindcss\oxide-linux-arm64-musl
202 silly reify mark deleted [
202 silly reify   'C:\\laragon\\www\\system-school\\node_modules\\@tailwindcss\\oxide-linux-arm64-musl'
202 silly reify ]
203 verbose reify failed optional dependency C:\laragon\www\system-school\node_modules\@tailwindcss\oxide-linux-arm64-gnu
204 silly reify mark deleted [
204 silly reify   'C:\\laragon\\www\\system-school\\node_modules\\@tailwindcss\\oxide-linux-arm64-gnu'
204 silly reify ]
205 verbose reify failed optional dependency C:\laragon\www\system-school\node_modules\@tailwindcss\oxide-linux-arm-gnueabihf
206 silly reify mark deleted [
206 silly reify   'C:\\laragon\\www\\system-school\\node_modules\\@tailwindcss\\oxide-linux-arm-gnueabihf'
206 silly reify ]
207 verbose reify failed optional dependency C:\laragon\www\system-school\node_modules\@tailwindcss\oxide-freebsd-x64
208 silly reify mark deleted [
208 silly reify   'C:\\laragon\\www\\system-school\\node_modules\\@tailwindcss\\oxide-freebsd-x64'
208 silly reify ]
209 verbose reify failed optional dependency C:\laragon\www\system-school\node_modules\@tailwindcss\oxide-darwin-x64
210 silly reify mark deleted [
210 silly reify   'C:\\laragon\\www\\system-school\\node_modules\\@tailwindcss\\oxide-darwin-x64'
210 silly reify ]
211 verbose reify failed optional dependency C:\laragon\www\system-school\node_modules\@tailwindcss\oxide-darwin-arm64
212 silly reify mark deleted [
212 silly reify   'C:\\laragon\\www\\system-school\\node_modules\\@tailwindcss\\oxide-darwin-arm64'
212 silly reify ]
213 verbose reify failed optional dependency C:\laragon\www\system-school\node_modules\@tailwindcss\oxide-android-arm64
214 silly reify mark deleted [
214 silly reify   'C:\\laragon\\www\\system-school\\node_modules\\@tailwindcss\\oxide-android-arm64'
214 silly reify ]
215 verbose reify failed optional dependency C:\laragon\www\system-school\node_modules\@tailwindcss\oxide\node_modules\@tailwindcss\oxide-linux-x64-gnu
216 silly reify mark deleted [
216 silly reify   'C:\\laragon\\www\\system-school\\node_modules\\@tailwindcss\\oxide\\node_modules\\@tailwindcss\\oxide-linux-x64-gnu'
216 silly reify ]
217 verbose reify failed optional dependency C:\laragon\www\system-school\node_modules\@rollup\rollup-win32-arm64-msvc
218 silly reify mark deleted [
218 silly reify   'C:\\laragon\\www\\system-school\\node_modules\\@rollup\\rollup-win32-arm64-msvc'
218 silly reify ]
219 verbose reify failed optional dependency C:\laragon\www\system-school\node_modules\@rollup\rollup-win32-ia32-msvc
220 silly reify mark deleted [
220 silly reify   'C:\\laragon\\www\\system-school\\node_modules\\@rollup\\rollup-win32-ia32-msvc'
220 silly reify ]
221 verbose reify failed optional dependency C:\laragon\www\system-school\node_modules\@rollup\rollup-linux-x64-musl
222 silly reify mark deleted [
222 silly reify   'C:\\laragon\\www\\system-school\\node_modules\\@rollup\\rollup-linux-x64-musl'
222 silly reify ]
223 verbose reify failed optional dependency C:\laragon\www\system-school\node_modules\@rollup\rollup-linux-x64-gnu
224 silly reify mark deleted [
224 silly reify   'C:\\laragon\\www\\system-school\\node_modules\\@rollup\\rollup-linux-x64-gnu'
224 silly reify ]
225 verbose reify failed optional dependency C:\laragon\www\system-school\node_modules\@rollup\rollup-linux-s390x-gnu
226 silly reify mark deleted [
226 silly reify   'C:\\laragon\\www\\system-school\\node_modules\\@rollup\\rollup-linux-s390x-gnu'
226 silly reify ]
227 verbose reify failed optional dependency C:\laragon\www\system-school\node_modules\@rollup\rollup-linux-riscv64-musl
228 silly reify mark deleted [
228 silly reify   'C:\\laragon\\www\\system-school\\node_modules\\@rollup\\rollup-linux-riscv64-musl'
228 silly reify ]
229 verbose reify failed optional dependency C:\laragon\www\system-school\node_modules\@rollup\rollup-linux-riscv64-gnu
230 silly reify mark deleted [
230 silly reify   'C:\\laragon\\www\\system-school\\node_modules\\@rollup\\rollup-linux-riscv64-gnu'
230 silly reify ]
231 verbose reify failed optional dependency C:\laragon\www\system-school\node_modules\@rollup\rollup-linux-ppc64-gnu
232 silly reify mark deleted [
232 silly reify   'C:\\laragon\\www\\system-school\\node_modules\\@rollup\\rollup-linux-ppc64-gnu'
232 silly reify ]
233 verbose reify failed optional dependency C:\laragon\www\system-school\node_modules\@rollup\rollup-linux-loongarch64-gnu
234 silly reify mark deleted [
234 silly reify   'C:\\laragon\\www\\system-school\\node_modules\\@rollup\\rollup-linux-loongarch64-gnu'
234 silly reify ]
235 verbose reify failed optional dependency C:\laragon\www\system-school\node_modules\@rollup\rollup-linux-arm64-musl
236 silly reify mark deleted [
236 silly reify   'C:\\laragon\\www\\system-school\\node_modules\\@rollup\\rollup-linux-arm64-musl'
236 silly reify ]
237 verbose reify failed optional dependency C:\laragon\www\system-school\node_modules\@rollup\rollup-linux-arm64-gnu
238 silly reify mark deleted [
238 silly reify   'C:\\laragon\\www\\system-school\\node_modules\\@rollup\\rollup-linux-arm64-gnu'
238 silly reify ]
239 verbose reify failed optional dependency C:\laragon\www\system-school\node_modules\@rollup\rollup-linux-arm-musleabihf
240 silly reify mark deleted [
240 silly reify   'C:\\laragon\\www\\system-school\\node_modules\\@rollup\\rollup-linux-arm-musleabihf'
240 silly reify ]
241 verbose reify failed optional dependency C:\laragon\www\system-school\node_modules\@rollup\rollup-linux-arm-gnueabihf
242 silly reify mark deleted [
242 silly reify   'C:\\laragon\\www\\system-school\\node_modules\\@rollup\\rollup-linux-arm-gnueabihf'
242 silly reify ]
243 verbose reify failed optional dependency C:\laragon\www\system-school\node_modules\@rollup\rollup-freebsd-x64
244 silly reify mark deleted [
244 silly reify   'C:\\laragon\\www\\system-school\\node_modules\\@rollup\\rollup-freebsd-x64'
244 silly reify ]
245 verbose reify failed optional dependency C:\laragon\www\system-school\node_modules\@rollup\rollup-freebsd-arm64
246 silly reify mark deleted [
246 silly reify   'C:\\laragon\\www\\system-school\\node_modules\\@rollup\\rollup-freebsd-arm64'
246 silly reify ]
247 verbose reify failed optional dependency C:\laragon\www\system-school\node_modules\@rollup\rollup-darwin-x64
248 silly reify mark deleted [
248 silly reify   'C:\\laragon\\www\\system-school\\node_modules\\@rollup\\rollup-darwin-x64'
248 silly reify ]
249 verbose reify failed optional dependency C:\laragon\www\system-school\node_modules\@rollup\rollup-darwin-arm64
250 silly reify mark deleted [
250 silly reify   'C:\\laragon\\www\\system-school\\node_modules\\@rollup\\rollup-darwin-arm64'
250 silly reify ]
251 verbose reify failed optional dependency C:\laragon\www\system-school\node_modules\@rollup\rollup-android-arm64
252 silly reify mark deleted [
252 silly reify   'C:\\laragon\\www\\system-school\\node_modules\\@rollup\\rollup-android-arm64'
252 silly reify ]
253 verbose reify failed optional dependency C:\laragon\www\system-school\node_modules\@rollup\rollup-android-arm-eabi
254 silly reify mark deleted [
254 silly reify   'C:\\laragon\\www\\system-school\\node_modules\\@rollup\\rollup-android-arm-eabi'
254 silly reify ]
255 verbose reify failed optional dependency C:\laragon\www\system-school\node_modules\rollup\node_modules\@rollup\rollup-linux-x64-gnu
256 silly reify mark deleted [
256 silly reify   'C:\\laragon\\www\\system-school\\node_modules\\rollup\\node_modules\\@rollup\\rollup-linux-x64-gnu'
256 silly reify ]
257 verbose reify failed optional dependency C:\laragon\www\system-school\node_modules\lightningcss-win32-arm64-msvc
258 silly reify mark deleted [
258 silly reify   'C:\\laragon\\www\\system-school\\node_modules\\lightningcss-win32-arm64-msvc'
258 silly reify ]
259 verbose reify failed optional dependency C:\laragon\www\system-school\node_modules\lightningcss-linux-x64-musl
260 silly reify mark deleted [
260 silly reify   'C:\\laragon\\www\\system-school\\node_modules\\lightningcss-linux-x64-musl'
260 silly reify ]
261 verbose reify failed optional dependency C:\laragon\www\system-school\node_modules\lightningcss-linux-x64-gnu
262 silly reify mark deleted [
262 silly reify   'C:\\laragon\\www\\system-school\\node_modules\\lightningcss-linux-x64-gnu'
262 silly reify ]
263 verbose reify failed optional dependency C:\laragon\www\system-school\node_modules\lightningcss-linux-arm64-musl
264 silly reify mark deleted [
264 silly reify   'C:\\laragon\\www\\system-school\\node_modules\\lightningcss-linux-arm64-musl'
264 silly reify ]
265 verbose reify failed optional dependency C:\laragon\www\system-school\node_modules\lightningcss-linux-arm64-gnu
266 silly reify mark deleted [
266 silly reify   'C:\\laragon\\www\\system-school\\node_modules\\lightningcss-linux-arm64-gnu'
266 silly reify ]
267 verbose reify failed optional dependency C:\laragon\www\system-school\node_modules\lightningcss-linux-arm-gnueabihf
268 silly reify mark deleted [
268 silly reify   'C:\\laragon\\www\\system-school\\node_modules\\lightningcss-linux-arm-gnueabihf'
268 silly reify ]
269 verbose reify failed optional dependency C:\laragon\www\system-school\node_modules\lightningcss-freebsd-x64
270 silly reify mark deleted [
270 silly reify   'C:\\laragon\\www\\system-school\\node_modules\\lightningcss-freebsd-x64'
270 silly reify ]
271 verbose reify failed optional dependency C:\laragon\www\system-school\node_modules\lightningcss-darwin-x64
272 silly reify mark deleted [
272 silly reify   'C:\\laragon\\www\\system-school\\node_modules\\lightningcss-darwin-x64'
272 silly reify ]
273 verbose reify failed optional dependency C:\laragon\www\system-school\node_modules\lightningcss-darwin-arm64
274 silly reify mark deleted [
274 silly reify   'C:\\laragon\\www\\system-school\\node_modules\\lightningcss-darwin-arm64'
274 silly reify ]
275 verbose reify failed optional dependency C:\laragon\www\system-school\node_modules\fsevents
276 silly reify mark deleted [ 'C:\\laragon\\www\\system-school\\node_modules\\fsevents' ]
277 silly packumentCache corgi:https://registry.npmjs.org/@tabby_ai%2fhijri-converter cache-miss
278 silly packumentCache corgi:https://registry.npmjs.org/@tailwindcss%2foxide-win32-x64-msvc cache-miss
279 silly packumentCache corgi:https://registry.npmjs.org/@swc%2fhelpers cache-miss
280 silly packumentCache corgi:https://registry.npmjs.org/@tailwindcss%2fnode cache-miss
281 silly packumentCache corgi:https://registry.npmjs.org/@tailwindcss%2foxide cache-miss
282 silly packumentCache corgi:https://registry.npmjs.org/@standard-schema%2futils cache-miss
283 silly packumentCache corgi:https://registry.npmjs.org/@standard-schema%2fspec cache-miss
284 silly packumentCache corgi:https://registry.npmjs.org/@rolldown%2fpluginutils cache-miss
285 silly packumentCache corgi:https://registry.npmjs.org/@reduxjs%2ftoolkit cache-miss
286 silly packumentCache corgi:https://registry.npmjs.org/@rollup%2frollup-win32-x64-msvc cache-miss
287 silly packumentCache corgi:https://registry.npmjs.org/@react-types%2fshared cache-miss
288 silly packumentCache corgi:https://registry.npmjs.org/@react-stately%2fflags cache-miss
289 silly packumentCache corgi:https://registry.npmjs.org/@radix-ui%2frect cache-miss
290 silly packumentCache corgi:https://registry.npmjs.org/@react-stately%2futils cache-miss
291 silly packumentCache corgi:https://registry.npmjs.org/@react-aria%2futils cache-miss
292 silly packumentCache corgi:https://registry.npmjs.org/@react-aria%2fssr cache-miss
293 silly packumentCache corgi:https://registry.npmjs.org/@react-aria%2ffocus cache-miss
294 silly packumentCache corgi:https://registry.npmjs.org/@react-aria%2finteractions cache-miss
295 silly packumentCache corgi:https://registry.npmjs.org/@radix-ui%2freact-visually-hidden cache-miss
296 silly packumentCache corgi:https://registry.npmjs.org/@radix-ui%2freact-use-size cache-miss
297 silly packumentCache corgi:https://registry.npmjs.org/@radix-ui%2freact-use-rect cache-miss
298 silly packumentCache corgi:https://registry.npmjs.org/@radix-ui%2freact-use-previous cache-miss
299 silly packumentCache corgi:https://registry.npmjs.org/@radix-ui%2freact-use-layout-effect cache-miss
300 silly packumentCache corgi:https://registry.npmjs.org/@radix-ui%2freact-use-is-hydrated cache-miss
301 silly packumentCache corgi:https://registry.npmjs.org/@radix-ui%2freact-use-escape-keydown cache-miss
302 silly packumentCache corgi:https://registry.npmjs.org/@radix-ui%2freact-use-effect-event cache-miss
303 silly packumentCache corgi:https://registry.npmjs.org/@radix-ui%2freact-use-controllable-state cache-miss
304 silly packumentCache corgi:https://registry.npmjs.org/@radix-ui%2freact-use-callback-ref cache-miss
305 silly packumentCache corgi:https://registry.npmjs.org/@radix-ui%2freact-toggle-group cache-miss
306 silly packumentCache corgi:https://registry.npmjs.org/@radix-ui%2freact-tooltip cache-miss
307 silly packumentCache corgi:https://registry.npmjs.org/@radix-ui%2freact-toggle cache-miss
308 silly packumentCache corgi:https://registry.npmjs.org/@radix-ui%2freact-slot cache-miss
309 silly packumentCache corgi:https://registry.npmjs.org/@radix-ui%2freact-separator cache-miss
310 silly packumentCache corgi:https://registry.npmjs.org/@radix-ui%2freact-select cache-miss
311 silly packumentCache corgi:https://registry.npmjs.org/@radix-ui%2freact-roving-focus cache-miss
312 silly packumentCache corgi:https://registry.npmjs.org/@radix-ui%2freact-primitive cache-miss
313 silly packumentCache corgi:https://registry.npmjs.org/@radix-ui%2freact-presence cache-miss
314 silly packumentCache corgi:https://registry.npmjs.org/@radix-ui%2freact-portal cache-miss
315 silly packumentCache corgi:https://registry.npmjs.org/@radix-ui%2freact-popper cache-miss
316 silly packumentCache corgi:https://registry.npmjs.org/@radix-ui%2freact-popover cache-miss
317 silly packumentCache corgi:https://registry.npmjs.org/@radix-ui%2freact-navigation-menu cache-miss
318 silly packumentCache corgi:https://registry.npmjs.org/@radix-ui%2freact-menu cache-miss
319 silly packumentCache corgi:https://registry.npmjs.org/@radix-ui%2freact-label cache-miss
320 silly packumentCache corgi:https://registry.npmjs.org/@radix-ui%2freact-id cache-miss
321 silly packumentCache corgi:https://registry.npmjs.org/@radix-ui%2freact-focus-scope cache-miss
322 silly packumentCache corgi:https://registry.npmjs.org/@radix-ui%2freact-focus-guards cache-miss
323 silly packumentCache corgi:https://registry.npmjs.org/@radix-ui%2freact-dropdown-menu cache-miss
324 silly packumentCache corgi:https://registry.npmjs.org/@radix-ui%2freact-dismissable-layer cache-miss
325 silly packumentCache corgi:https://registry.npmjs.org/@radix-ui%2freact-direction cache-miss
326 silly packumentCache corgi:https://registry.npmjs.org/@radix-ui%2freact-dialog cache-miss
327 silly packumentCache corgi:https://registry.npmjs.org/@radix-ui%2freact-context cache-miss
328 silly packumentCache corgi:https://registry.npmjs.org/@radix-ui%2freact-compose-refs cache-miss
329 silly packumentCache corgi:https://registry.npmjs.org/@radix-ui%2freact-collection cache-miss
330 silly packumentCache corgi:https://registry.npmjs.org/@radix-ui%2freact-checkbox cache-miss
331 silly packumentCache corgi:https://registry.npmjs.org/@radix-ui%2freact-collapsible cache-miss
332 silly packumentCache corgi:https://registry.npmjs.org/@radix-ui%2freact-avatar cache-miss
333 silly packumentCache corgi:https://registry.npmjs.org/@radix-ui%2freact-arrow cache-miss
334 silly packumentCache corgi:https://registry.npmjs.org/@radix-ui%2fprimitive cache-miss
335 silly packumentCache corgi:https://registry.npmjs.org/@radix-ui%2fnumber cache-miss
336 silly packumentCache corgi:https://registry.npmjs.org/@laravel%2fvite-plugin-wayfinder cache-miss
337 silly packumentCache corgi:https://registry.npmjs.org/@jridgewell%2ftrace-mapping cache-miss
338 silly packumentCache corgi:https://registry.npmjs.org/@jridgewell%2fsourcemap-codec cache-miss
339 silly packumentCache corgi:https://registry.npmjs.org/@nodelib%2ffs.scandir cache-miss
340 silly packumentCache corgi:https://registry.npmjs.org/@jridgewell%2fresolve-uri cache-miss
341 silly packumentCache corgi:https://registry.npmjs.org/@nodelib%2ffs.stat cache-miss
342 silly packumentCache corgi:https://registry.npmjs.org/@nodelib%2ffs.walk cache-miss
343 silly packumentCache corgi:https://registry.npmjs.org/@isaacs%2ffs-minipass cache-miss
344 silly packumentCache corgi:https://registry.npmjs.org/@jridgewell%2fremapping cache-miss
345 silly packumentCache corgi:https://registry.npmjs.org/@jridgewell%2fgen-mapping cache-miss
346 silly packumentCache corgi:https://registry.npmjs.org/@inertiajs%2freact cache-miss
347 silly packumentCache corgi:https://registry.npmjs.org/@inertiajs%2fcore cache-miss
348 silly packumentCache corgi:https://registry.npmjs.org/@humanfs%2fnode cache-miss
349 silly packumentCache corgi:https://registry.npmjs.org/@humanwhocodes%2fretry cache-miss
350 silly packumentCache corgi:https://registry.npmjs.org/@humanfs%2fcore cache-miss
351 silly packumentCache corgi:https://registry.npmjs.org/@humanwhocodes%2fmodule-importer cache-miss
352 silly packumentCache corgi:https://registry.npmjs.org/@headlessui%2freact cache-miss
353 silly packumentCache corgi:https://registry.npmjs.org/@eslint-community%2fregexpp cache-miss
354 silly packumentCache corgi:https://registry.npmjs.org/@eslint-community%2feslint-utils cache-miss
355 silly packumentCache corgi:https://registry.npmjs.org/@floating-ui%2futils cache-miss
356 silly packumentCache corgi:https://registry.npmjs.org/@floating-ui%2freact cache-miss
357 silly packumentCache corgi:https://registry.npmjs.org/@eslint%2fplugin-kit cache-miss
358 silly packumentCache corgi:https://registry.npmjs.org/@floating-ui%2freact-dom cache-miss
359 silly packumentCache corgi:https://registry.npmjs.org/@floating-ui%2fdom cache-miss
360 silly packumentCache corgi:https://registry.npmjs.org/@floating-ui%2fcore cache-miss
361 silly packumentCache corgi:https://registry.npmjs.org/@eslint%2fobject-schema cache-miss
362 silly packumentCache corgi:https://registry.npmjs.org/@eslint%2fjs cache-miss
363 silly packumentCache corgi:https://registry.npmjs.org/@eslint%2feslintrc cache-miss
364 silly packumentCache corgi:https://registry.npmjs.org/@eslint%2fcore cache-miss
365 silly packumentCache corgi:https://registry.npmjs.org/@esbuild%2fwin32-x64 cache-miss
366 silly packumentCache corgi:https://registry.npmjs.org/@date-fns%2ftz cache-miss
367 silly packumentCache corgi:https://registry.npmjs.org/@eslint%2fconfig-array cache-miss
368 silly packumentCache corgi:https://registry.npmjs.org/@eslint%2fconfig-helpers cache-miss
369 silly packumentCache corgi:https://registry.npmjs.org/@babel%2ftypes cache-miss
370 silly packumentCache corgi:https://registry.npmjs.org/@babel%2ftraverse cache-miss
371 silly packumentCache corgi:https://registry.npmjs.org/@babel%2ftemplate cache-miss
372 silly packumentCache corgi:https://registry.npmjs.org/@babel%2fplugin-transform-react-jsx-source cache-miss
373 silly packumentCache corgi:https://registry.npmjs.org/@babel%2fparser cache-miss
374 silly packumentCache corgi:https://registry.npmjs.org/@babel%2fhelper-validator-option cache-miss
375 silly packumentCache corgi:https://registry.npmjs.org/@babel%2fhelpers cache-miss
376 silly packumentCache corgi:https://registry.npmjs.org/@babel%2fplugin-transform-react-jsx-self cache-miss
377 silly packumentCache corgi:https://registry.npmjs.org/@babel%2fhelper-validator-identifier cache-miss
378 silly packumentCache corgi:https://registry.npmjs.org/@babel%2fhelper-string-parser cache-miss
379 silly packumentCache corgi:https://registry.npmjs.org/@babel%2fhelper-plugin-utils cache-miss
380 silly packumentCache corgi:https://registry.npmjs.org/@babel%2fhelper-module-transforms cache-miss
381 silly packumentCache corgi:https://registry.npmjs.org/@babel%2fhelper-module-imports cache-miss
382 silly packumentCache corgi:https://registry.npmjs.org/@babel%2fhelper-globals cache-miss
383 silly packumentCache corgi:https://registry.npmjs.org/@babel%2fhelper-compilation-targets cache-miss
384 silly packumentCache corgi:https://registry.npmjs.org/@babel%2fgenerator cache-miss
385 silly packumentCache corgi:https://registry.npmjs.org/which cache-miss
386 silly packumentCache corgi:https://registry.npmjs.org/vite cache-miss
387 silly packumentCache corgi:https://registry.npmjs.org/update-browserslist-db cache-miss
388 silly packumentCache corgi:https://registry.npmjs.org/@babel%2fcode-frame cache-miss
389 silly packumentCache corgi:https://registry.npmjs.org/@babel%2fcompat-data cache-miss
390 silly packumentCache corgi:https://registry.npmjs.org/@babel%2fcore cache-miss
391 silly packumentCache corgi:https://registry.npmjs.org/tree-kill cache-miss
392 silly packumentCache corgi:https://registry.npmjs.org/semver cache-miss
393 silly packumentCache corgi:https://registry.npmjs.org/resolve cache-miss
394 silly packumentCache corgi:https://registry.npmjs.org/typescript cache-miss
395 silly packumentCache corgi:https://registry.npmjs.org/rollup cache-miss
396 silly packumentCache corgi:https://registry.npmjs.org/prettier cache-miss
397 silly packumentCache corgi:https://registry.npmjs.org/mkdirp cache-miss
398 silly packumentCache corgi:https://registry.npmjs.org/mammoth cache-miss
399 silly packumentCache corgi:https://registry.npmjs.org/nanoid cache-miss
400 silly packumentCache corgi:https://registry.npmjs.org/loose-envify cache-miss
401 silly packumentCache corgi:https://registry.npmjs.org/jsesc cache-miss
402 silly packumentCache corgi:https://registry.npmjs.org/json5 cache-miss
403 silly packumentCache corgi:https://registry.npmjs.org/laravel-vite-plugin cache-miss
404 silly packumentCache corgi:https://registry.npmjs.org/js-yaml cache-miss
405 silly packumentCache corgi:https://registry.npmjs.org/jiti cache-miss
406 silly packumentCache corgi:https://registry.npmjs.org/eslint-config-prettier cache-miss
407 silly packumentCache corgi:https://registry.npmjs.org/eslint cache-miss
408 silly packumentCache corgi:https://registry.npmjs.org/esbuild cache-miss
409 silly packumentCache corgi:https://registry.npmjs.org/concurrently cache-miss
410 silly packumentCache corgi:https://registry.npmjs.org/browserslist cache-miss
411 silly packumentCache corgi:https://registry.npmjs.org/acorn cache-miss
412 silly packumentCache corgi:https://registry.npmjs.org/immer cache-miss
413 silly packumentCache corgi:https://registry.npmjs.org/globals cache-miss
414 silly packumentCache corgi:https://registry.npmjs.org/@humanwhocodes%2fretry cache-miss
415 silly packumentCache corgi:https://registry.npmjs.org/eslint-visitor-keys cache-miss
416 silly packumentCache corgi:https://registry.npmjs.org/picomatch cache-miss
417 silly packumentCache corgi:https://registry.npmjs.org/argparse cache-miss
418 silly packumentCache corgi:https://registry.npmjs.org/@rollup%2frollup-win32-x64-msvc cache-miss
419 silly packumentCache corgi:https://registry.npmjs.org/fdir cache-miss
420 http fetch GET 200 https://registry.npmjs.org/@standard-schema%2fspec 1021ms (cache miss)
421 silly packumentCache corgi:https://registry.npmjs.org/@standard-schema%2fspec set size:undefined disposed:false
422 http fetch GET 200 https://registry.npmjs.org/@tabby_ai%2fhijri-converter 1028ms (cache miss)
423 silly packumentCache corgi:https://registry.npmjs.org/@tabby_ai%2fhijri-converter set size:undefined disposed:false
424 http fetch GET 200 https://registry.npmjs.org/@swc%2fhelpers 1027ms (cache miss)
425 silly packumentCache corgi:https://registry.npmjs.org/@swc%2fhelpers set size:undefined disposed:false
426 http fetch GET 200 https://registry.npmjs.org/@rolldown%2fpluginutils 1035ms (cache miss)
427 silly packumentCache corgi:https://registry.npmjs.org/@rolldown%2fpluginutils set size:undefined disposed:false
428 http fetch GET 200 https://registry.npmjs.org/@rollup%2frollup-win32-x64-msvc 1042ms (cache miss)
429 silly packumentCache corgi:https://registry.npmjs.org/@rollup%2frollup-win32-x64-msvc set size:undefined disposed:false
430 http fetch GET 200 https://registry.npmjs.org/@standard-schema%2futils 1047ms (cache miss)
431 silly packumentCache corgi:https://registry.npmjs.org/@standard-schema%2futils set size:undefined disposed:false
432 http fetch GET 200 https://registry.npmjs.org/@radix-ui%2frect 1061ms (cache miss)
433 silly packumentCache corgi:https://registry.npmjs.org/@radix-ui%2frect set size:undefined disposed:false
434 http fetch GET 200 https://registry.npmjs.org/@tailwindcss%2fnode 1141ms (cache miss)
435 silly packumentCache corgi:https://registry.npmjs.org/@tailwindcss%2fnode set size:undefined disposed:false
436 http fetch GET 200 https://registry.npmjs.org/@tailwindcss%2foxide 1291ms (cache miss)
437 silly packumentCache corgi:https://registry.npmjs.org/@tailwindcss%2foxide set size:undefined disposed:false
438 http fetch GET 200 https://registry.npmjs.org/@react-stately%2fflags 1469ms (cache miss)
439 silly packumentCache corgi:https://registry.npmjs.org/@react-stately%2fflags set size:undefined disposed:false
440 http fetch GET 200 https://registry.npmjs.org/@reduxjs%2ftoolkit 1653ms (cache miss)
441 silly packumentCache corgi:https://registry.npmjs.org/@reduxjs%2ftoolkit set size:undefined disposed:false
442 http fetch GET 200 https://registry.npmjs.org/@radix-ui%2freact-use-size 1818ms (cache miss)
443 silly packumentCache corgi:https://registry.npmjs.org/@radix-ui%2freact-use-size set size:undefined disposed:false
444 http fetch GET 200 https://registry.npmjs.org/@radix-ui%2freact-use-rect 1819ms (cache miss)
445 silly packumentCache corgi:https://registry.npmjs.org/@radix-ui%2freact-use-rect set size:undefined disposed:false
446 http fetch GET 200 https://registry.npmjs.org/@radix-ui%2freact-visually-hidden 1851ms (cache miss)
447 silly packumentCache corgi:https://registry.npmjs.org/@radix-ui%2freact-visually-hidden set size:undefined disposed:false
448 http fetch GET 200 https://registry.npmjs.org/@radix-ui%2freact-use-layout-effect 1892ms (cache miss)
449 silly packumentCache corgi:https://registry.npmjs.org/@radix-ui%2freact-use-layout-effect set size:undefined disposed:false
450 http fetch GET 200 https://registry.npmjs.org/@radix-ui%2freact-use-is-hydrated 2032ms (cache miss)
451 silly packumentCache corgi:https://registry.npmjs.org/@radix-ui%2freact-use-is-hydrated set size:undefined disposed:false
452 http fetch GET 200 https://registry.npmjs.org/@radix-ui%2freact-use-escape-keydown 2267ms (cache miss)
453 silly packumentCache corgi:https://registry.npmjs.org/@radix-ui%2freact-use-escape-keydown set size:undefined disposed:false
454 http fetch GET 200 https://registry.npmjs.org/@radix-ui%2freact-use-effect-event 2406ms (cache miss)
455 silly packumentCache corgi:https://registry.npmjs.org/@radix-ui%2freact-use-effect-event set size:undefined disposed:false
456 http fetch GET 200 https://registry.npmjs.org/@radix-ui%2freact-use-previous 2425ms (cache miss)
457 silly packumentCache corgi:https://registry.npmjs.org/@radix-ui%2freact-use-previous set size:undefined disposed:false
458 http fetch GET 200 https://registry.npmjs.org/@radix-ui%2freact-use-controllable-state 2559ms (cache miss)
459 silly packumentCache corgi:https://registry.npmjs.org/@radix-ui%2freact-use-controllable-state set size:undefined disposed:false
460 http fetch GET 200 https://registry.npmjs.org/@radix-ui%2freact-toggle-group 2631ms (cache miss)
461 silly packumentCache corgi:https://registry.npmjs.org/@radix-ui%2freact-toggle-group set size:undefined disposed:false
462 http fetch GET 200 https://registry.npmjs.org/@radix-ui%2freact-tooltip 2699ms (cache miss)
463 silly packumentCache corgi:https://registry.npmjs.org/@radix-ui%2freact-tooltip set size:undefined disposed:false
464 http fetch GET 200 https://registry.npmjs.org/@radix-ui%2freact-use-callback-ref 2828ms (cache miss)
465 silly packumentCache corgi:https://registry.npmjs.org/@radix-ui%2freact-use-callback-ref set size:undefined disposed:false
466 http fetch GET 200 https://registry.npmjs.org/@radix-ui%2freact-toggle 2836ms (cache miss)
467 silly packumentCache corgi:https://registry.npmjs.org/@radix-ui%2freact-toggle set size:undefined disposed:false
468 http fetch GET 200 https://registry.npmjs.org/@radix-ui%2freact-slot 3055ms (cache miss)
469 silly packumentCache corgi:https://registry.npmjs.org/@radix-ui%2freact-slot set size:undefined disposed:false
470 http fetch GET 200 https://registry.npmjs.org/@radix-ui%2freact-separator 3213ms (cache miss)
471 silly packumentCache corgi:https://registry.npmjs.org/@radix-ui%2freact-separator set size:undefined disposed:false
472 http fetch GET 200 https://registry.npmjs.org/@radix-ui%2freact-select 3298ms (cache miss)
473 silly packumentCache corgi:https://registry.npmjs.org/@radix-ui%2freact-select set size:undefined disposed:false
474 http fetch GET 200 https://registry.npmjs.org/@radix-ui%2freact-roving-focus 3359ms (cache miss)
475 silly packumentCache corgi:https://registry.npmjs.org/@radix-ui%2freact-roving-focus set size:undefined disposed:false
476 http fetch GET 200 https://registry.npmjs.org/@radix-ui%2freact-primitive 3402ms (cache miss)
477 silly packumentCache corgi:https://registry.npmjs.org/@radix-ui%2freact-primitive set size:undefined disposed:false
478 http fetch GET 200 https://registry.npmjs.org/@radix-ui%2freact-presence 3412ms (cache miss)
479 silly packumentCache corgi:https://registry.npmjs.org/@radix-ui%2freact-presence set size:undefined disposed:false
480 http fetch GET 200 https://registry.npmjs.org/@radix-ui%2freact-portal 3630ms (cache miss)
481 silly packumentCache corgi:https://registry.npmjs.org/@radix-ui%2freact-portal set size:undefined disposed:false
482 http fetch GET 200 https://registry.npmjs.org/@radix-ui%2freact-popper 3666ms (cache miss)
483 silly packumentCache corgi:https://registry.npmjs.org/@radix-ui%2freact-popper set size:undefined disposed:false
484 http fetch GET 200 https://registry.npmjs.org/@radix-ui%2freact-popover 3896ms (cache miss)
485 silly packumentCache corgi:https://registry.npmjs.org/@radix-ui%2freact-popover set size:undefined disposed:false
486 http fetch GET 200 https://registry.npmjs.org/@radix-ui%2freact-label 4121ms (cache miss)
487 silly packumentCache corgi:https://registry.npmjs.org/@radix-ui%2freact-label set size:undefined disposed:false
488 http fetch GET 200 https://registry.npmjs.org/@radix-ui%2freact-id 4149ms (cache miss)
489 silly packumentCache corgi:https://registry.npmjs.org/@radix-ui%2freact-id set size:undefined disposed:false
490 http fetch GET 200 https://registry.npmjs.org/@radix-ui%2freact-focus-scope 4204ms (cache miss)
491 silly packumentCache corgi:https://registry.npmjs.org/@radix-ui%2freact-focus-scope set size:undefined disposed:false
492 http fetch GET 200 https://registry.npmjs.org/@radix-ui%2freact-navigation-menu 4609ms (cache miss)
493 silly packumentCache corgi:https://registry.npmjs.org/@radix-ui%2freact-navigation-menu set size:undefined disposed:false
494 http fetch GET 200 https://registry.npmjs.org/@radix-ui%2freact-focus-guards 4684ms (cache miss)
495 silly packumentCache corgi:https://registry.npmjs.org/@radix-ui%2freact-focus-guards set size:undefined disposed:false
496 http fetch GET 200 https://registry.npmjs.org/@radix-ui%2freact-menu 4767ms (cache miss)
497 silly packumentCache corgi:https://registry.npmjs.org/@radix-ui%2freact-menu set size:undefined disposed:false
498 http fetch GET 200 https://registry.npmjs.org/@radix-ui%2freact-dismissable-layer 4882ms (cache miss)
499 silly packumentCache corgi:https://registry.npmjs.org/@radix-ui%2freact-dismissable-layer set size:undefined disposed:false
500 http fetch GET 200 https://registry.npmjs.org/@radix-ui%2freact-dialog 4949ms (cache miss)
501 silly packumentCache corgi:https://registry.npmjs.org/@radix-ui%2freact-dialog set size:undefined disposed:false
502 http fetch GET 200 https://registry.npmjs.org/@radix-ui%2freact-direction 4953ms (cache miss)
503 silly packumentCache corgi:https://registry.npmjs.org/@radix-ui%2freact-direction set size:undefined disposed:false
504 http fetch GET 200 https://registry.npmjs.org/@radix-ui%2freact-context 5032ms (cache miss)
505 silly packumentCache corgi:https://registry.npmjs.org/@radix-ui%2freact-context set size:undefined disposed:false
506 http fetch GET 200 https://registry.npmjs.org/@radix-ui%2freact-dropdown-menu 5093ms (cache miss)
507 silly packumentCache corgi:https://registry.npmjs.org/@radix-ui%2freact-dropdown-menu set size:undefined disposed:false
508 http fetch GET 200 https://registry.npmjs.org/@radix-ui%2freact-compose-refs 5375ms (cache miss)
509 silly packumentCache corgi:https://registry.npmjs.org/@radix-ui%2freact-compose-refs set size:undefined disposed:false
510 http fetch GET 200 https://registry.npmjs.org/@radix-ui%2freact-collapsible 5667ms (cache miss)
511 silly packumentCache corgi:https://registry.npmjs.org/@radix-ui%2freact-collapsible set size:undefined disposed:false
512 http fetch GET 200 https://registry.npmjs.org/@radix-ui%2freact-avatar 5720ms (cache miss)
513 silly packumentCache corgi:https://registry.npmjs.org/@radix-ui%2freact-avatar set size:undefined disposed:false
514 http fetch GET 200 https://registry.npmjs.org/@radix-ui%2fprimitive 5761ms (cache miss)
515 silly packumentCache corgi:https://registry.npmjs.org/@radix-ui%2fprimitive set size:undefined disposed:false
516 http fetch GET 200 https://registry.npmjs.org/@radix-ui%2fnumber 5796ms (cache miss)
517 silly packumentCache corgi:https://registry.npmjs.org/@radix-ui%2fnumber set size:undefined disposed:false
518 http fetch GET 200 https://registry.npmjs.org/@radix-ui%2freact-arrow 5825ms (cache miss)
519 silly packumentCache corgi:https://registry.npmjs.org/@radix-ui%2freact-arrow set size:undefined disposed:false
520 http fetch GET 200 https://registry.npmjs.org/@radix-ui%2freact-collection 5858ms (cache miss)
521 silly packumentCache corgi:https://registry.npmjs.org/@radix-ui%2freact-collection set size:undefined disposed:false
522 http fetch GET 200 https://registry.npmjs.org/@radix-ui%2freact-checkbox 6104ms (cache miss)
523 silly packumentCache corgi:https://registry.npmjs.org/@radix-ui%2freact-checkbox set size:undefined disposed:false
524 http fetch GET 200 https://registry.npmjs.org/@laravel%2fvite-plugin-wayfinder 6116ms (cache miss)
525 silly packumentCache corgi:https://registry.npmjs.org/@laravel%2fvite-plugin-wayfinder set size:undefined disposed:false
526 http fetch GET 200 https://registry.npmjs.org/@jridgewell%2fsourcemap-codec 6463ms (cache miss)
527 silly packumentCache corgi:https://registry.npmjs.org/@jridgewell%2fsourcemap-codec set size:undefined disposed:false
528 http fetch GET 200 https://registry.npmjs.org/@jridgewell%2fresolve-uri 6537ms (cache miss)
529 silly packumentCache corgi:https://registry.npmjs.org/@jridgewell%2fresolve-uri set size:undefined disposed:false
530 http fetch GET 200 https://registry.npmjs.org/@nodelib%2ffs.scandir 6588ms (cache miss)
531 silly packumentCache corgi:https://registry.npmjs.org/@nodelib%2ffs.scandir set size:undefined disposed:false
532 http fetch GET 200 https://registry.npmjs.org/@jridgewell%2ftrace-mapping 6693ms (cache miss)
533 silly packumentCache corgi:https://registry.npmjs.org/@jridgewell%2ftrace-mapping set size:undefined disposed:false
534 http fetch GET 200 https://registry.npmjs.org/@jridgewell%2fremapping 6837ms (cache miss)
535 silly packumentCache corgi:https://registry.npmjs.org/@jridgewell%2fremapping set size:undefined disposed:false
536 http fetch GET 200 https://registry.npmjs.org/@nodelib%2ffs.walk 6842ms (cache miss)
537 silly packumentCache corgi:https://registry.npmjs.org/@nodelib%2ffs.walk set size:undefined disposed:false
538 http fetch GET 200 https://registry.npmjs.org/@isaacs%2ffs-minipass 6944ms (cache miss)
539 silly packumentCache corgi:https://registry.npmjs.org/@isaacs%2ffs-minipass set size:undefined disposed:false
540 http fetch GET 200 https://registry.npmjs.org/@nodelib%2ffs.stat 6962ms (cache miss)
541 silly packumentCache corgi:https://registry.npmjs.org/@nodelib%2ffs.stat set size:undefined disposed:false
542 http fetch GET 200 https://registry.npmjs.org/@humanfs%2fnode 7396ms (cache miss)
543 silly packumentCache corgi:https://registry.npmjs.org/@humanfs%2fnode set size:undefined disposed:false
544 http fetch GET 200 https://registry.npmjs.org/@react-stately%2futils 7567ms (cache miss)
545 silly packumentCache corgi:https://registry.npmjs.org/@react-stately%2futils set size:undefined disposed:false
546 http fetch GET 200 https://registry.npmjs.org/@humanwhocodes%2fretry 7565ms (cache miss)
547 silly packumentCache corgi:https://registry.npmjs.org/@humanwhocodes%2fretry set size:undefined disposed:false
548 http fetch GET 200 https://registry.npmjs.org/@inertiajs%2fcore 7624ms (cache miss)
549 silly packumentCache corgi:https://registry.npmjs.org/@inertiajs%2fcore set size:undefined disposed:false
550 http fetch GET 200 https://registry.npmjs.org/@tailwindcss%2foxide-win32-x64-msvc 7688ms (cache miss)
551 silly packumentCache corgi:https://registry.npmjs.org/@tailwindcss%2foxide-win32-x64-msvc set size:undefined disposed:false
552 http fetch GET 200 https://registry.npmjs.org/@humanfs%2fcore 7708ms (cache miss)
553 silly packumentCache corgi:https://registry.npmjs.org/@humanfs%2fcore set size:undefined disposed:false
554 http fetch GET 200 https://registry.npmjs.org/@inertiajs%2freact 7742ms (cache miss)
555 silly packumentCache corgi:https://registry.npmjs.org/@inertiajs%2freact set size:undefined disposed:false
556 http fetch GET 200 https://registry.npmjs.org/@jridgewell%2fgen-mapping 7792ms (cache miss)
557 silly packumentCache corgi:https://registry.npmjs.org/@jridgewell%2fgen-mapping set size:undefined disposed:false
558 http fetch GET 200 https://registry.npmjs.org/@humanwhocodes%2fmodule-importer 7800ms (cache miss)
559 silly packumentCache corgi:https://registry.npmjs.org/@humanwhocodes%2fmodule-importer set size:undefined disposed:false
560 http fetch GET 200 https://registry.npmjs.org/@react-aria%2finteractions 7906ms (cache miss)
561 silly packumentCache corgi:https://registry.npmjs.org/@react-aria%2finteractions set size:undefined disposed:false
562 http fetch GET 200 https://registry.npmjs.org/@eslint-community%2fregexpp 8164ms (cache miss)
563 silly packumentCache corgi:https://registry.npmjs.org/@eslint-community%2fregexpp set size:undefined disposed:false
564 http fetch GET 200 https://registry.npmjs.org/@eslint-community%2feslint-utils 8341ms (cache miss)
565 silly packumentCache corgi:https://registry.npmjs.org/@eslint-community%2feslint-utils set size:undefined disposed:false
566 http fetch GET 200 https://registry.npmjs.org/@react-types%2fshared 8372ms (cache miss)
567 silly packumentCache corgi:https://registry.npmjs.org/@react-types%2fshared set size:undefined disposed:false
568 http fetch GET 200 https://registry.npmjs.org/@eslint%2fplugin-kit 8441ms (cache miss)
569 silly packumentCache corgi:https://registry.npmjs.org/@eslint%2fplugin-kit set size:undefined disposed:false
570 http fetch GET 200 https://registry.npmjs.org/@floating-ui%2fdom 8467ms (cache miss)
571 silly packumentCache corgi:https://registry.npmjs.org/@floating-ui%2fdom set size:undefined disposed:false
572 http fetch GET 200 https://registry.npmjs.org/@floating-ui%2freact-dom 8540ms (cache miss)
573 silly packumentCache corgi:https://registry.npmjs.org/@floating-ui%2freact-dom set size:undefined disposed:false
574 http fetch GET 200 https://registry.npmjs.org/@floating-ui%2freact 8581ms (cache miss)
575 silly packumentCache corgi:https://registry.npmjs.org/@floating-ui%2freact set size:undefined disposed:false
576 http fetch GET 200 https://registry.npmjs.org/@eslint%2feslintrc 8655ms (cache miss)
577 silly packumentCache corgi:https://registry.npmjs.org/@eslint%2feslintrc set size:undefined disposed:false
578 http fetch GET 200 https://registry.npmjs.org/@floating-ui%2futils 8667ms (cache miss)
579 silly packumentCache corgi:https://registry.npmjs.org/@floating-ui%2futils set size:undefined disposed:false
580 http fetch GET 200 https://registry.npmjs.org/@floating-ui%2fcore 8728ms (cache miss)
581 silly packumentCache corgi:https://registry.npmjs.org/@floating-ui%2fcore set size:undefined disposed:false
582 http fetch GET 200 https://registry.npmjs.org/@eslint%2fobject-schema 8799ms (cache miss)
583 silly packumentCache corgi:https://registry.npmjs.org/@eslint%2fobject-schema set size:undefined disposed:false
584 http fetch GET 200 https://registry.npmjs.org/@eslint%2fconfig-array 9015ms (cache miss)
585 silly packumentCache corgi:https://registry.npmjs.org/@eslint%2fconfig-array set size:undefined disposed:false
586 http fetch GET 200 https://registry.npmjs.org/@eslint%2fcore 9066ms (cache miss)
587 silly packumentCache corgi:https://registry.npmjs.org/@eslint%2fcore set size:undefined disposed:false
588 http fetch GET 200 https://registry.npmjs.org/@babel%2ftypes 9121ms (cache miss)
589 silly packumentCache corgi:https://registry.npmjs.org/@babel%2ftypes set size:undefined disposed:false
590 http fetch GET 200 https://registry.npmjs.org/@esbuild%2fwin32-x64 9153ms (cache miss)
591 silly packumentCache corgi:https://registry.npmjs.org/@esbuild%2fwin32-x64 set size:undefined disposed:false
592 http fetch GET 200 https://registry.npmjs.org/@babel%2ftraverse 9183ms (cache miss)
593 silly packumentCache corgi:https://registry.npmjs.org/@babel%2ftraverse set size:undefined disposed:false
594 http fetch GET 200 https://registry.npmjs.org/@babel%2fplugin-transform-react-jsx-source 9206ms (cache miss)
595 silly packumentCache corgi:https://registry.npmjs.org/@babel%2fplugin-transform-react-jsx-source set size:undefined disposed:false
596 http fetch GET 200 https://registry.npmjs.org/@babel%2fparser 9321ms (cache miss)
597 silly packumentCache corgi:https://registry.npmjs.org/@babel%2fparser set size:undefined disposed:false
598 http fetch GET 200 https://registry.npmjs.org/@react-aria%2fssr 9470ms (cache miss)
599 silly packumentCache corgi:https://registry.npmjs.org/@react-aria%2fssr set size:undefined disposed:false
600 http fetch GET 200 https://registry.npmjs.org/@date-fns%2ftz 9468ms (cache miss)
601 silly packumentCache corgi:https://registry.npmjs.org/@date-fns%2ftz set size:undefined disposed:false
602 http fetch GET 200 https://registry.npmjs.org/@babel%2fhelper-validator-option 9497ms (cache miss)
603 silly packumentCache corgi:https://registry.npmjs.org/@babel%2fhelper-validator-option set size:undefined disposed:false
604 http fetch GET 200 https://registry.npmjs.org/@eslint%2fconfig-helpers 9506ms (cache miss)
605 silly packumentCache corgi:https://registry.npmjs.org/@eslint%2fconfig-helpers set size:undefined disposed:false
606 http fetch GET 200 https://registry.npmjs.org/@babel%2ftemplate 9619ms (cache miss)
607 silly packumentCache corgi:https://registry.npmjs.org/@babel%2ftemplate set size:undefined disposed:false
608 http fetch GET 200 https://registry.npmjs.org/@babel%2fhelper-validator-identifier 9628ms (cache miss)
609 silly packumentCache corgi:https://registry.npmjs.org/@babel%2fhelper-validator-identifier set size:undefined disposed:false
610 http fetch GET 200 https://registry.npmjs.org/@babel%2fhelper-string-parser 9666ms (cache miss)
611 silly packumentCache corgi:https://registry.npmjs.org/@babel%2fhelper-string-parser set size:undefined disposed:false
612 http fetch GET 200 https://registry.npmjs.org/@babel%2fhelper-plugin-utils 9705ms (cache miss)
613 silly packumentCache corgi:https://registry.npmjs.org/@babel%2fhelper-plugin-utils set size:undefined disposed:false
614 http fetch GET 200 https://registry.npmjs.org/@eslint%2fjs 9803ms (cache miss)
615 silly packumentCache corgi:https://registry.npmjs.org/@eslint%2fjs set size:undefined disposed:false
616 http fetch GET 200 https://registry.npmjs.org/@babel%2fplugin-transform-react-jsx-self 9823ms (cache miss)
617 silly packumentCache corgi:https://registry.npmjs.org/@babel%2fplugin-transform-react-jsx-self set size:undefined disposed:false
618 http fetch GET 200 https://registry.npmjs.org/@babel%2fhelper-module-transforms 9873ms (cache miss)
619 silly packumentCache corgi:https://registry.npmjs.org/@babel%2fhelper-module-transforms set size:undefined disposed:false
620 http fetch GET 200 https://registry.npmjs.org/@babel%2fhelpers 9875ms (cache miss)
621 silly packumentCache corgi:https://registry.npmjs.org/@babel%2fhelpers set size:undefined disposed:false
622 http fetch GET 200 https://registry.npmjs.org/which 9904ms (cache miss)
623 silly packumentCache corgi:https://registry.npmjs.org/which set size:undefined disposed:false
624 http fetch GET 200 https://registry.npmjs.org/@babel%2fhelper-module-imports 9909ms (cache miss)
625 silly packumentCache corgi:https://registry.npmjs.org/@babel%2fhelper-module-imports set size:undefined disposed:false
626 http fetch GET 200 https://registry.npmjs.org/update-browserslist-db 9939ms (cache miss)
627 silly packumentCache corgi:https://registry.npmjs.org/update-browserslist-db set size:undefined disposed:false
628 http fetch GET 200 https://registry.npmjs.org/@babel%2fhelper-globals 9971ms (cache miss)
629 silly packumentCache corgi:https://registry.npmjs.org/@babel%2fhelper-globals set size:undefined disposed:false
630 http fetch GET 200 https://registry.npmjs.org/@babel%2fhelper-compilation-targets 9976ms (cache miss)
631 silly packumentCache corgi:https://registry.npmjs.org/@babel%2fhelper-compilation-targets set size:undefined disposed:false
632 http fetch GET 200 https://registry.npmjs.org/@babel%2fgenerator 10009ms (cache miss)
633 silly packumentCache corgi:https://registry.npmjs.org/@babel%2fgenerator set size:undefined disposed:false
634 http fetch GET 200 https://registry.npmjs.org/vite 10111ms (cache miss)
635 silly packumentCache corgi:https://registry.npmjs.org/vite set size:undefined disposed:false
636 http fetch GET 200 https://registry.npmjs.org/tree-kill 10140ms (cache miss)
637 silly packumentCache corgi:https://registry.npmjs.org/tree-kill set size:undefined disposed:false
638 http fetch GET 200 https://registry.npmjs.org/semver 10175ms (cache miss)
639 silly packumentCache corgi:https://registry.npmjs.org/semver set size:undefined disposed:false
640 http fetch GET 200 https://registry.npmjs.org/resolve 10189ms (cache miss)
641 silly packumentCache corgi:https://registry.npmjs.org/resolve set size:undefined disposed:false
642 http fetch GET 200 https://registry.npmjs.org/mkdirp 10265ms (cache miss)
643 silly packumentCache corgi:https://registry.npmjs.org/mkdirp set size:undefined disposed:false
644 http fetch GET 200 https://registry.npmjs.org/prettier 10317ms (cache miss)
645 silly packumentCache corgi:https://registry.npmjs.org/prettier set size:undefined disposed:false
646 http fetch GET 200 https://registry.npmjs.org/mammoth 10322ms (cache miss)
647 silly packumentCache corgi:https://registry.npmjs.org/mammoth set size:undefined disposed:false
648 http fetch GET 200 https://registry.npmjs.org/@babel%2fcore 10381ms (cache miss)
649 silly packumentCache corgi:https://registry.npmjs.org/@babel%2fcore set size:undefined disposed:false
650 http fetch GET 200 https://registry.npmjs.org/@babel%2fcode-frame 10391ms (cache miss)
651 silly packumentCache corgi:https://registry.npmjs.org/@babel%2fcode-frame set size:undefined disposed:false
652 http fetch GET 200 https://registry.npmjs.org/@babel%2fcompat-data 10405ms (cache miss)
653 silly packumentCache corgi:https://registry.npmjs.org/@babel%2fcompat-data set size:undefined disposed:false
654 http fetch GET 200 https://registry.npmjs.org/rollup 10419ms (cache miss)
655 silly packumentCache corgi:https://registry.npmjs.org/rollup set size:undefined disposed:false
656 http fetch GET 200 https://registry.npmjs.org/jsesc 10460ms (cache miss)
657 silly packumentCache corgi:https://registry.npmjs.org/jsesc set size:undefined disposed:false
658 http fetch GET 200 https://registry.npmjs.org/nanoid 10473ms (cache miss)
659 silly packumentCache corgi:https://registry.npmjs.org/nanoid set size:undefined disposed:false
660 http fetch GET 200 https://registry.npmjs.org/laravel-vite-plugin 10550ms (cache miss)
661 silly packumentCache corgi:https://registry.npmjs.org/laravel-vite-plugin set size:undefined disposed:false
662 http fetch GET 200 https://registry.npmjs.org/loose-envify 10581ms (cache miss)
663 silly packumentCache corgi:https://registry.npmjs.org/loose-envify set size:undefined disposed:false
664 http fetch GET 200 https://registry.npmjs.org/js-yaml 10586ms (cache miss)
665 silly packumentCache corgi:https://registry.npmjs.org/js-yaml set size:undefined disposed:false
666 http fetch GET 200 https://registry.npmjs.org/jiti 10638ms (cache miss)
667 silly packumentCache corgi:https://registry.npmjs.org/jiti set size:undefined disposed:false
668 http fetch GET 200 https://registry.npmjs.org/typescript 10666ms (cache miss)
669 silly packumentCache corgi:https://registry.npmjs.org/typescript set size:undefined disposed:false
670 http fetch GET 200 https://registry.npmjs.org/@humanwhocodes%2fretry 10711ms (cache miss)
671 silly packumentCache corgi:https://registry.npmjs.org/@humanwhocodes%2fretry set size:undefined disposed:false
672 http fetch GET 200 https://registry.npmjs.org/eslint-config-prettier 10718ms (cache miss)
673 silly packumentCache corgi:https://registry.npmjs.org/eslint-config-prettier set size:undefined disposed:false
674 http fetch GET 200 https://registry.npmjs.org/concurrently 10720ms (cache miss)
675 silly packumentCache corgi:https://registry.npmjs.org/concurrently set size:undefined disposed:false
676 http fetch GET 200 https://registry.npmjs.org/acorn 10761ms (cache miss)
677 silly packumentCache corgi:https://registry.npmjs.org/acorn set size:undefined disposed:false
678 http fetch GET 200 https://registry.npmjs.org/eslint 10769ms (cache miss)
679 silly packumentCache corgi:https://registry.npmjs.org/eslint set size:undefined disposed:false
680 http fetch GET 200 https://registry.npmjs.org/browserslist 10792ms (cache miss)
681 silly packumentCache corgi:https://registry.npmjs.org/browserslist set size:undefined disposed:false
682 http fetch GET 200 https://registry.npmjs.org/esbuild 10852ms (cache miss)
683 silly packumentCache corgi:https://registry.npmjs.org/esbuild set size:undefined disposed:false
684 http fetch GET 200 https://registry.npmjs.org/@rollup%2frollup-win32-x64-msvc 10820ms (cache miss)
685 silly packumentCache corgi:https://registry.npmjs.org/@rollup%2frollup-win32-x64-msvc set size:undefined disposed:false
686 http fetch GET 200 https://registry.npmjs.org/eslint-visitor-keys 10934ms (cache miss)
687 silly packumentCache corgi:https://registry.npmjs.org/eslint-visitor-keys set size:undefined disposed:false
688 http fetch GET 200 https://registry.npmjs.org/argparse 10942ms (cache miss)
689 silly packumentCache corgi:https://registry.npmjs.org/argparse set size:undefined disposed:false
690 http fetch GET 200 https://registry.npmjs.org/fdir 10991ms (cache miss)
691 silly packumentCache corgi:https://registry.npmjs.org/fdir set size:undefined disposed:false
692 http fetch GET 200 https://registry.npmjs.org/json5 11037ms (cache miss)
693 silly packumentCache corgi:https://registry.npmjs.org/json5 set size:undefined disposed:false
694 http fetch GET 200 https://registry.npmjs.org/@standard-schema/spec/-/spec-1.1.0.tgz 10056ms (cache miss)
695 http fetch GET 200 https://registry.npmjs.org/@tabby_ai/hijri-converter/-/hijri-converter-1.0.5.tgz 10078ms (cache miss)
696 http fetch GET 200 https://registry.npmjs.org/picomatch 11144ms (cache miss)
697 silly packumentCache corgi:https://registry.npmjs.org/picomatch set size:undefined disposed:false
698 http fetch GET 200 https://registry.npmjs.org/@radix-ui/rect/-/rect-1.1.1.tgz 10228ms (cache miss)
699 http fetch GET 200 https://registry.npmjs.org/@standard-schema/utils/-/utils-0.3.0.tgz 10281ms (cache miss)
700 http fetch GET 200 https://registry.npmjs.org/@swc/helpers/-/helpers-0.5.17.tgz 10338ms (cache miss)
701 http fetch GET 200 https://registry.npmjs.org/@tailwindcss/node/-/node-4.1.12.tgz 10224ms (cache miss)
702 http fetch GET 200 https://registry.npmjs.org/@rolldown/pluginutils/-/pluginutils-1.0.0-beta.38.tgz 10340ms (cache miss)
703 http fetch GET 200 https://registry.npmjs.org/@radix-ui/react-use-size/-/react-use-size-1.1.1.tgz 9611ms (cache miss)
704 http fetch GET 200 https://registry.npmjs.org/@tailwindcss/oxide/-/oxide-4.1.12.tgz 10198ms (cache miss)
705 http fetch GET 200 https://registry.npmjs.org/@radix-ui/react-use-rect/-/react-use-rect-1.1.1.tgz 9689ms (cache miss)
706 http fetch GET 200 https://registry.npmjs.org/globals 11493ms (cache miss)
707 silly packumentCache corgi:https://registry.npmjs.org/globals set size:undefined disposed:false
708 http fetch GET 200 https://registry.npmjs.org/@react-stately/flags/-/flags-3.1.2.tgz 10155ms (cache miss)
709 http fetch GET 200 https://registry.npmjs.org/@radix-ui/react-use-is-hydrated/-/react-use-is-hydrated-0.1.0.tgz 9649ms (cache miss)
710 http fetch GET 200 https://registry.npmjs.org/@radix-ui/react-use-escape-keydown/-/react-use-escape-keydown-1.1.1.tgz 9419ms (cache miss)
711 http fetch GET 200 https://registry.npmjs.org/@radix-ui/react-use-layout-effect/-/react-use-layout-effect-1.1.1.tgz 9807ms (cache miss)
712 http fetch GET 200 https://registry.npmjs.org/@radix-ui/react-use-effect-event/-/react-use-effect-event-0.0.2.tgz 9315ms (cache miss)
713 http fetch GET 200 https://registry.npmjs.org/@radix-ui/react-use-previous/-/react-use-previous-1.1.1.tgz 9347ms (cache miss)
714 http fetch GET 200 https://registry.npmjs.org/@radix-ui/react-visually-hidden/-/react-visually-hidden-1.2.3.tgz 9942ms (cache miss)
715 http fetch GET 200 https://registry.npmjs.org/@radix-ui/react-use-controllable-state/-/react-use-controllable-state-1.2.2.tgz 9238ms (cache miss)
716 http fetch GET 200 https://registry.npmjs.org/@radix-ui/react-toggle-group/-/react-toggle-group-1.1.11.tgz 9173ms (cache miss)
717 http fetch GET 200 https://registry.npmjs.org/@radix-ui/react-tooltip/-/react-tooltip-1.2.8.tgz 9229ms (cache miss)
718 http fetch GET 200 https://registry.npmjs.org/@radix-ui/react-toggle/-/react-toggle-1.1.10.tgz 9116ms (cache miss)
719 http fetch GET 200 https://registry.npmjs.org/@radix-ui/react-use-callback-ref/-/react-use-callback-ref-1.1.1.tgz 9134ms (cache miss)
720 http fetch GET 200 https://registry.npmjs.org/@radix-ui/react-slot/-/react-slot-1.2.3.tgz 8923ms (cache miss)
721 http fetch GET 200 https://registry.npmjs.org/@radix-ui/react-roving-focus/-/react-roving-focus-1.1.11.tgz 8701ms (cache miss)
722 http fetch GET 200 https://registry.npmjs.org/@radix-ui/react-separator/-/react-separator-1.1.7.tgz 8858ms (cache miss)
723 http fetch GET 200 https://registry.npmjs.org/@radix-ui/react-select/-/react-select-2.2.6.tgz 8783ms (cache miss)
724 http fetch GET 200 https://registry.npmjs.org/@radix-ui/react-primitive/-/react-primitive-2.1.3.tgz 8703ms (cache miss)
725 http fetch GET 200 https://registry.npmjs.org/@radix-ui/react-presence/-/react-presence-1.1.5.tgz 8696ms (cache miss)
726 http fetch GET 200 https://registry.npmjs.org/@radix-ui/react-popper/-/react-popper-1.2.8.tgz 8557ms (cache miss)
727 http fetch GET 200 https://registry.npmjs.org/@reduxjs/toolkit/-/toolkit-2.11.2.tgz 10602ms (cache miss)
728 http fetch GET 200 https://registry.npmjs.org/@radix-ui/react-popover/-/react-popover-1.1.15.tgz 8379ms (cache miss)
729 http fetch GET 200 https://registry.npmjs.org/@radix-ui/react-label/-/react-label-2.1.7.tgz 8170ms (cache miss)
730 http fetch GET 200 https://registry.npmjs.org/@radix-ui/react-focus-scope/-/react-focus-scope-1.1.7.tgz 8125ms (cache miss)
731 http fetch GET 200 https://registry.npmjs.org/@radix-ui/react-navigation-menu/-/react-navigation-menu-1.2.14.tgz 7766ms (cache miss)
732 http fetch GET 200 https://registry.npmjs.org/@radix-ui/react-dismissable-layer/-/react-dismissable-layer-1.1.11.tgz 7520ms (cache miss)
733 http fetch GET 200 https://registry.npmjs.org/@radix-ui/react-focus-guards/-/react-focus-guards-1.1.3.tgz 7790ms (cache miss)
734 http fetch GET 200 https://registry.npmjs.org/@radix-ui/react-menu/-/react-menu-2.1.16.tgz 7744ms (cache miss)
735 http fetch GET 200 https://registry.npmjs.org/@radix-ui/react-portal/-/react-portal-1.1.9.tgz 8895ms (cache miss)
736 http fetch GET 200 https://registry.npmjs.org/@radix-ui/react-id/-/react-id-1.1.1.tgz 8414ms (cache miss)
737 http fetch GET 200 https://registry.npmjs.org/@radix-ui/react-dialog/-/react-dialog-1.1.15.tgz 7656ms (cache miss)
738 http fetch GET 200 https://registry.npmjs.org/@radix-ui/react-context/-/react-context-1.1.2.tgz 7575ms (cache miss)
739 http fetch GET 200 https://registry.npmjs.org/@radix-ui/react-direction/-/react-direction-1.1.1.tgz 7657ms (cache miss)
740 http fetch GET 200 https://registry.npmjs.org/@radix-ui/react-dropdown-menu/-/react-dropdown-menu-2.1.16.tgz 7537ms (cache miss)
741 http fetch GET 200 https://registry.npmjs.org/@radix-ui/react-collapsible/-/react-collapsible-1.1.12.tgz 7040ms (cache miss)
742 http fetch GET 200 https://registry.npmjs.org/@radix-ui/react-compose-refs/-/react-compose-refs-1.1.2.tgz 7395ms (cache miss)
743 http fetch GET 200 https://registry.npmjs.org/@radix-ui/react-avatar/-/react-avatar-1.1.10.tgz 7107ms (cache miss)
744 http fetch GET 200 https://registry.npmjs.org/@radix-ui/number/-/number-1.1.1.tgz 7048ms (cache miss)
745 http fetch GET 200 https://registry.npmjs.org/@radix-ui/react-arrow/-/react-arrow-1.1.7.tgz 7050ms (cache miss)
746 http fetch GET 200 https://registry.npmjs.org/@radix-ui/react-collection/-/react-collection-1.1.7.tgz 7063ms (cache miss)
747 http fetch GET 200 https://registry.npmjs.org/@radix-ui/react-checkbox/-/react-checkbox-1.3.3.tgz 6821ms (cache miss)
748 http fetch GET 200 https://registry.npmjs.org/@jridgewell/sourcemap-codec/-/sourcemap-codec-1.5.5.tgz 6565ms (cache miss)
749 http fetch GET 200 https://registry.npmjs.org/@radix-ui/primitive/-/primitive-1.1.3.tgz 7288ms (cache miss)
750 http fetch GET 200 https://registry.npmjs.org/@jridgewell/resolve-uri/-/resolve-uri-3.1.2.tgz 6516ms (cache miss)
751 http fetch GET 200 https://registry.npmjs.org/@nodelib/fs.stat/-/fs.stat-2.0.5.tgz 6097ms (cache miss)
752 http fetch GET 200 https://registry.npmjs.org/@rollup/rollup-win32-x64-msvc/-/rollup-win32-x64-msvc-4.9.5.tgz 12034ms (cache miss)
753 http fetch GET 200 https://registry.npmjs.org/@nodelib/fs.scandir/-/fs.scandir-2.1.5.tgz 6485ms (cache miss)
754 http fetch GET 200 https://registry.npmjs.org/@humanwhocodes/retry/-/retry-0.4.3.tgz 5589ms (cache miss)
755 http fetch GET 200 https://registry.npmjs.org/@jridgewell/remapping/-/remapping-2.3.5.tgz 6320ms (cache miss)
756 http fetch GET 200 https://registry.npmjs.org/@headlessui%2freact 13161ms (cache miss)
757 silly packumentCache corgi:https://registry.npmjs.org/@headlessui%2freact set size:undefined disposed:false
758 http fetch GET 200 https://registry.npmjs.org/@nodelib/fs.walk/-/fs.walk-1.2.8.tgz 6356ms (cache miss)
759 http fetch GET 200 https://registry.npmjs.org/@jridgewell/trace-mapping/-/trace-mapping-0.3.30.tgz 6519ms (cache miss)
760 http fetch GET 200 https://registry.npmjs.org/immer 13218ms (cache miss)
761 silly packumentCache corgi:https://registry.npmjs.org/immer set size:undefined disposed:false
762 http fetch GET 200 https://registry.npmjs.org/@humanwhocodes/module-importer/-/module-importer-1.0.1.tgz 5478ms (cache miss)
763 http fetch GET 200 https://registry.npmjs.org/@jridgewell/gen-mapping/-/gen-mapping-0.3.13.tgz 5488ms (cache miss)
764 http fetch GET 200 https://registry.npmjs.org/@isaacs/fs-minipass/-/fs-minipass-4.0.1.tgz 6342ms (cache miss)
765 http fetch GET 200 https://registry.npmjs.org/@humanfs/node/-/node-0.16.6.tgz 5945ms (cache miss)
766 http fetch GET 200 https://registry.npmjs.org/@humanfs/core/-/core-0.19.1.tgz 5685ms (cache miss)
767 http fetch GET 200 https://registry.npmjs.org/@eslint-community/regexpp/-/regexpp-4.12.1.tgz 5382ms (cache miss)
768 http fetch GET 200 https://registry.npmjs.org/@eslint-community/eslint-utils/-/eslint-utils-4.7.0.tgz 5214ms (cache miss)
769 http fetch GET 200 https://registry.npmjs.org/@react-stately/utils/-/utils-3.10.8.tgz 6048ms (cache miss)
770 http fetch GET 200 https://registry.npmjs.org/@floating-ui/react/-/react-0.26.28.tgz 5270ms (cache miss)
771 http fetch GET 200 https://registry.npmjs.org/@floating-ui/utils/-/utils-0.2.10.tgz 5214ms (cache miss)
772 http fetch GET 200 https://registry.npmjs.org/@inertiajs/react/-/react-2.1.4.tgz 6146ms (cache miss)
773 http fetch GET 200 https://registry.npmjs.org/@react-types/shared/-/shared-3.31.0.tgz 5533ms (cache miss)
774 http fetch GET 200 https://registry.npmjs.org/@floating-ui/core/-/core-1.7.3.tgz 5184ms (cache miss)
775 http fetch GET 200 https://registry.npmjs.org/@eslint/eslintrc/-/eslintrc-3.3.1.tgz 5276ms (cache miss)
776 http fetch GET 200 https://registry.npmjs.org/@floating-ui/react-dom/-/react-dom-2.1.5.tgz 5400ms (cache miss)
777 http fetch GET 200 https://registry.npmjs.org/@eslint/plugin-kit/-/plugin-kit-0.3.5.tgz 5582ms (cache miss)
778 http fetch GET 200 https://registry.npmjs.org/@floating-ui/dom/-/dom-1.7.3.tgz 5567ms (cache miss)
779 http fetch GET 200 https://registry.npmjs.org/@eslint/object-schema/-/object-schema-2.1.6.tgz 5328ms (cache miss)
780 http fetch GET 200 https://registry.npmjs.org/@inertiajs/core/-/core-2.1.4.tgz 6584ms (cache miss)
781 http fetch GET 200 https://registry.npmjs.org/@babel/helper-validator-option/-/helper-validator-option-7.27.1.tgz 4780ms (cache miss)
782 http fetch GET 200 https://registry.npmjs.org/@react-aria/interactions/-/interactions-3.25.4.tgz 6392ms (cache miss)
783 http fetch GET 200 https://registry.npmjs.org/@babel/traverse/-/traverse-7.28.4.tgz 5118ms (cache miss)
784 http fetch GET 200 https://registry.npmjs.org/@eslint/core/-/core-0.15.2.tgz 5329ms (cache miss)
785 http fetch GET 200 https://registry.npmjs.org/@babel/parser/-/parser-7.28.4.tgz 5081ms (cache miss)
786 http fetch GET 200 https://registry.npmjs.org/@babel/types/-/types-7.28.4.tgz 5315ms (cache miss)
787 http fetch GET 200 https://registry.npmjs.org/@date-fns/tz/-/tz-1.4.1.tgz 4994ms (cache miss)
788 http fetch GET 200 https://registry.npmjs.org/@babel/plugin-transform-react-jsx-source/-/plugin-transform-react-jsx-source-7.27.1.tgz 5255ms (cache miss)
789 http fetch GET 200 https://registry.npmjs.org/@babel/helper-plugin-utils/-/helper-plugin-utils-7.27.1.tgz 4780ms (cache miss)
790 http fetch GET 200 https://registry.npmjs.org/@eslint/config-helpers/-/config-helpers-0.3.1.tgz 5049ms (cache miss)
791 http fetch GET 200 https://registry.npmjs.org/@babel/template/-/template-7.27.2.tgz 4961ms (cache miss)
792 http fetch GET 200 https://registry.npmjs.org/@babel/helper-validator-identifier/-/helper-validator-identifier-7.27.1.tgz 4969ms (cache miss)
793 http fetch GET 200 https://registry.npmjs.org/@babel/helper-module-transforms/-/helper-module-transforms-7.28.3.tgz 4724ms (cache miss)
794 http fetch GET 200 https://registry.npmjs.org/@babel/helper-string-parser/-/helper-string-parser-7.27.1.tgz 4933ms (cache miss)
795 http fetch GET 200 https://registry.npmjs.org/which/-/which-2.0.2.tgz 4728ms (cache miss)
796 http fetch GET 200 https://registry.npmjs.org/update-browserslist-db/-/update-browserslist-db-1.1.3.tgz 4747ms (cache miss)
797 http fetch GET 200 https://registry.npmjs.org/@babel/helper-module-imports/-/helper-module-imports-7.27.1.tgz 4794ms (cache miss)
798 http fetch GET 200 https://registry.npmjs.org/@babel/helper-globals/-/helper-globals-7.28.0.tgz 4731ms (cache miss)
799 http fetch GET 200 https://registry.npmjs.org/@eslint/js/-/js-9.33.0.tgz 4907ms (cache miss)
800 http fetch GET 200 https://registry.npmjs.org/@babel/helper-compilation-targets/-/helper-compilation-targets-7.27.2.tgz 4736ms (cache miss)
801 http fetch GET 200 https://registry.npmjs.org/@babel/plugin-transform-react-jsx-self/-/plugin-transform-react-jsx-self-7.27.1.tgz 4922ms (cache miss)
802 http fetch GET 200 https://registry.npmjs.org/semver/-/semver-6.3.1.tgz 4631ms (cache miss)
803 http fetch GET 200 https://registry.npmjs.org/tree-kill/-/tree-kill-1.2.2.tgz 4670ms (cache miss)
804 http fetch GET 200 https://registry.npmjs.org/mkdirp/-/mkdirp-3.0.1.tgz 4548ms (cache miss)
805 http fetch GET 200 https://registry.npmjs.org/@eslint/config-array/-/config-array-0.21.0.tgz 5809ms (cache miss)
806 http fetch GET 200 https://registry.npmjs.org/resolve/-/resolve-2.0.0-next.5.tgz 4760ms (cache miss)
807 http fetch GET 200 https://registry.npmjs.org/jsesc/-/jsesc-3.1.0.tgz 4596ms (cache miss)
808 http fetch GET 200 https://registry.npmjs.org/@babel/generator/-/generator-7.28.3.tgz 5094ms (cache miss)
809 http fetch GET 200 https://registry.npmjs.org/nanoid/-/nanoid-3.3.11.tgz 4644ms (cache miss)
810 http fetch GET 200 https://registry.npmjs.org/@babel/code-frame/-/code-frame-7.27.1.tgz 4731ms (cache miss)
811 http fetch GET 200 https://registry.npmjs.org/laravel-vite-plugin/-/laravel-vite-plugin-2.0.0.tgz 4574ms (cache miss)
812 http fetch GET 200 https://registry.npmjs.org/@babel/helpers/-/helpers-7.28.4.tgz 5264ms (cache miss)
813 http fetch GET 200 https://registry.npmjs.org/loose-envify/-/loose-envify-1.4.0.tgz 4645ms (cache miss)
814 http fetch GET 200 https://registry.npmjs.org/@babel/compat-data/-/compat-data-7.28.0.tgz 4838ms (cache miss)
815 http fetch GET 200 https://registry.npmjs.org/js-yaml/-/js-yaml-4.1.1.tgz 4693ms (cache miss)
816 http fetch GET 200 https://registry.npmjs.org/prettier/-/prettier-3.6.2.tgz 4997ms (cache miss)
817 http fetch GET 200 https://registry.npmjs.org/jiti/-/jiti-2.5.1.tgz 4694ms (cache miss)
818 http fetch GET 200 https://registry.npmjs.org/eslint-config-prettier/-/eslint-config-prettier-10.1.8.tgz 4768ms (cache miss)
819 http fetch GET 200 https://registry.npmjs.org/concurrently/-/concurrently-9.2.0.tgz 5618ms (cache miss)
820 http fetch GET 200 https://registry.npmjs.org/acorn/-/acorn-8.15.0.tgz 5720ms (cache miss)
821 http fetch GET 200 https://registry.npmjs.org/@humanwhocodes/retry/-/retry-0.3.1.tgz 5840ms (cache miss)
822 http fetch GET 200 https://registry.npmjs.org/@react-aria/ssr/-/ssr-3.9.10.tgz 7263ms (cache miss)
823 http fetch GET 200 https://registry.npmjs.org/@babel/core/-/core-7.28.4.tgz 6342ms (cache miss)
824 http fetch GET 200 https://registry.npmjs.org/eslint-visitor-keys/-/eslint-visitor-keys-3.4.3.tgz 6240ms (cache miss)
825 http fetch GET 200 https://registry.npmjs.org/mammoth/-/mammoth-1.12.0.tgz 6902ms (cache miss)
826 http fetch GET 200 https://registry.npmjs.org/argparse/-/argparse-1.0.10.tgz 6258ms (cache miss)
827 http fetch GET 200 https://registry.npmjs.org/rollup/-/rollup-4.46.2.tgz 6883ms (cache miss)
828 http fetch GET 200 https://registry.npmjs.org/vite/-/vite-7.2.7.tgz 7199ms (cache miss)
829 http fetch GET 200 https://registry.npmjs.org/@tailwindcss/oxide-win32-x64-msvc/-/oxide-win32-x64-msvc-4.1.12.tgz 9709ms (cache miss)
830 http fetch GET 200 https://registry.npmjs.org/esbuild/-/esbuild-0.25.9.tgz 6528ms (cache miss)
831 http fetch GET 200 https://registry.npmjs.org/fdir/-/fdir-6.5.0.tgz 6419ms (cache miss)
832 http fetch GET 200 https://registry.npmjs.org/json5/-/json5-2.2.3.tgz 6460ms (cache miss)
833 http fetch GET 200 https://registry.npmjs.org/globals/-/globals-14.0.0.tgz 6047ms (cache miss)
834 http fetch GET 200 https://registry.npmjs.org/browserslist/-/browserslist-4.25.2.tgz 6757ms (cache miss)
835 http fetch GET 200 https://registry.npmjs.org/picomatch/-/picomatch-4.0.3.tgz 6418ms (cache miss)
836 http fetch GET 200 https://registry.npmjs.org/@laravel/vite-plugin-wayfinder/-/vite-plugin-wayfinder-0.1.3.tgz 11716ms (cache miss)
837 http fetch GET 200 https://registry.npmjs.org/eslint/-/eslint-9.33.0.tgz 7267ms (cache miss)
838 http fetch GET 200 https://registry.npmjs.org/@rollup/rollup-win32-x64-msvc/-/rollup-win32-x64-msvc-4.46.2.tgz 7599ms (cache miss)
839 http fetch GET 200 https://registry.npmjs.org/@react-aria%2futils 18499ms (cache miss)
840 silly packumentCache corgi:https://registry.npmjs.org/@react-aria%2futils set size:undefined disposed:false
841 http fetch GET 200 https://registry.npmjs.org/typescript/-/typescript-5.9.2.tgz 7808ms (cache miss)
842 http fetch GET 200 https://registry.npmjs.org/@headlessui/react/-/react-2.2.7.tgz 5775ms (cache miss)
843 http fetch GET 200 https://registry.npmjs.org/@esbuild/win32-x64/-/win32-x64-0.25.9.tgz 9996ms (cache miss)
844 http fetch GET 200 https://registry.npmjs.org/immer/-/immer-11.1.6.tgz 6203ms (cache miss)
845 http fetch GET 200 https://registry.npmjs.org/@react-aria/utils/-/utils-3.30.0.tgz 2183ms (cache miss)
846 http fetch GET 200 https://registry.npmjs.org/@react-aria%2ffocus 23521ms (cache miss)
847 silly packumentCache corgi:https://registry.npmjs.org/@react-aria%2ffocus set size:undefined disposed:false
848 http fetch GET 200 https://registry.npmjs.org/@react-aria/focus/-/focus-3.21.0.tgz 891ms (cache miss)
849 info run @tailwindcss/oxide@4.1.12 postinstall node_modules/@tailwindcss/oxide node ./scripts/install.js
850 info run esbuild@0.25.9 postinstall node_modules/esbuild node install.js
851 info run @tailwindcss/oxide@4.1.12 postinstall { code: 0, signal: null }
852 info run esbuild@0.25.9 postinstall { code: 0, signal: null }
853 silly CHANGE node_modules/lightningcss/node_modules/lightningcss-linux-x64-gnu
854 silly CHANGE node_modules/@tailwindcss/oxide-win32-x64-msvc
855 silly CHANGE node_modules/@tailwindcss/oxide-win32-arm64-msvc
856 silly CHANGE node_modules/@tailwindcss/oxide-wasm32-wasi
857 silly CHANGE node_modules/@tailwindcss/oxide-linux-x64-musl
858 silly CHANGE node_modules/@tailwindcss/oxide-linux-x64-gnu
859 silly CHANGE node_modules/@tailwindcss/oxide-linux-arm64-musl
860 silly CHANGE node_modules/@tailwindcss/oxide-linux-arm64-gnu
861 silly CHANGE node_modules/@tailwindcss/oxide-linux-arm-gnueabihf
862 silly CHANGE node_modules/@tailwindcss/oxide-freebsd-x64
863 silly CHANGE node_modules/@tailwindcss/oxide-darwin-x64
864 silly CHANGE node_modules/@tailwindcss/oxide-darwin-arm64
865 silly CHANGE node_modules/@tailwindcss/oxide-android-arm64
866 silly CHANGE node_modules/@tailwindcss/oxide
867 silly CHANGE node_modules/@tailwindcss/oxide/node_modules/@tailwindcss/oxide-linux-x64-gnu
868 silly CHANGE node_modules/@tailwindcss/node
869 silly CHANGE node_modules/@tabby_ai/hijri-converter
870 silly CHANGE node_modules/@swc/helpers
871 silly CHANGE node_modules/@standard-schema/utils
872 silly CHANGE node_modules/@standard-schema/spec
873 silly CHANGE node_modules/@rollup/rollup-win32-x64-msvc
874 silly CHANGE node_modules/@rollup/rollup-win32-arm64-msvc
875 silly CHANGE node_modules/@rollup/rollup-win32-ia32-msvc
876 silly CHANGE node_modules/@rollup/rollup-linux-x64-musl
877 silly CHANGE node_modules/@rollup/rollup-linux-x64-gnu
878 silly CHANGE node_modules/@rollup/rollup-linux-s390x-gnu
879 silly CHANGE node_modules/@rollup/rollup-linux-riscv64-musl
880 silly CHANGE node_modules/@rollup/rollup-linux-riscv64-gnu
881 silly CHANGE node_modules/@rollup/rollup-linux-ppc64-gnu
882 silly CHANGE node_modules/@rollup/rollup-linux-loongarch64-gnu
883 silly CHANGE node_modules/@rollup/rollup-linux-arm64-musl
884 silly CHANGE node_modules/@rollup/rollup-linux-arm64-gnu
885 silly CHANGE node_modules/@rollup/rollup-linux-arm-musleabihf
886 silly CHANGE node_modules/@rollup/rollup-linux-arm-gnueabihf
887 silly CHANGE node_modules/@rollup/rollup-freebsd-x64
888 silly CHANGE node_modules/@rollup/rollup-freebsd-arm64
889 silly CHANGE node_modules/@rollup/rollup-darwin-x64
890 silly CHANGE node_modules/@rollup/rollup-darwin-arm64
891 silly CHANGE node_modules/@rollup/rollup-android-arm64
892 silly CHANGE node_modules/@rollup/rollup-android-arm-eabi
893 silly CHANGE node_modules/@rolldown/pluginutils
894 silly CHANGE node_modules/@reduxjs/toolkit
895 silly CHANGE node_modules/@reduxjs/toolkit/node_modules/immer
896 silly CHANGE node_modules/@react-types/shared
897 silly CHANGE node_modules/@react-stately/utils
898 silly CHANGE node_modules/@react-stately/flags
899 silly CHANGE node_modules/@react-aria/utils
900 silly CHANGE node_modules/@react-aria/ssr
901 silly CHANGE node_modules/@react-aria/interactions
902 silly CHANGE node_modules/@react-aria/focus
903 silly CHANGE node_modules/@radix-ui/rect
904 silly CHANGE node_modules/@radix-ui/react-visually-hidden
905 silly CHANGE node_modules/@radix-ui/react-use-size
906 silly CHANGE node_modules/@radix-ui/react-use-rect
907 silly CHANGE node_modules/@radix-ui/react-use-previous
908 silly CHANGE node_modules/@radix-ui/react-use-layout-effect
909 silly CHANGE node_modules/@radix-ui/react-use-is-hydrated
910 silly CHANGE node_modules/@radix-ui/react-use-escape-keydown
911 silly CHANGE node_modules/@radix-ui/react-use-effect-event
912 silly CHANGE node_modules/@radix-ui/react-use-controllable-state
913 silly CHANGE node_modules/@radix-ui/react-use-callback-ref
914 silly CHANGE node_modules/@radix-ui/react-tooltip
915 silly CHANGE node_modules/@radix-ui/react-toggle-group
916 silly CHANGE node_modules/@radix-ui/react-toggle
917 silly CHANGE node_modules/@radix-ui/react-slot
918 silly CHANGE node_modules/@radix-ui/react-separator
919 silly CHANGE node_modules/@radix-ui/react-select
920 silly CHANGE node_modules/@radix-ui/react-roving-focus
921 silly CHANGE node_modules/@radix-ui/react-primitive
922 silly CHANGE node_modules/@radix-ui/react-presence
923 silly CHANGE node_modules/@radix-ui/react-portal
924 silly CHANGE node_modules/@radix-ui/react-popper
925 silly CHANGE node_modules/@radix-ui/react-popover
926 silly CHANGE node_modules/@radix-ui/react-navigation-menu
927 silly CHANGE node_modules/@radix-ui/react-menu
928 silly CHANGE node_modules/@radix-ui/react-label
929 silly CHANGE node_modules/@radix-ui/react-id
930 silly CHANGE node_modules/@radix-ui/react-focus-scope
931 silly CHANGE node_modules/@radix-ui/react-focus-guards
932 silly CHANGE node_modules/@radix-ui/react-dropdown-menu
933 silly CHANGE node_modules/@radix-ui/react-dismissable-layer
934 silly CHANGE node_modules/@radix-ui/react-direction
935 silly CHANGE node_modules/@radix-ui/react-dialog
936 silly CHANGE node_modules/@radix-ui/react-context
937 silly CHANGE node_modules/@radix-ui/react-compose-refs
938 silly CHANGE node_modules/@radix-ui/react-collection
939 silly CHANGE node_modules/@radix-ui/react-collapsible
940 silly CHANGE node_modules/@radix-ui/react-checkbox
941 silly CHANGE node_modules/@radix-ui/react-avatar
942 silly CHANGE node_modules/@radix-ui/react-arrow
943 silly CHANGE node_modules/@radix-ui/primitive
944 silly CHANGE node_modules/@radix-ui/number
945 silly CHANGE node_modules/@nodelib/fs.walk
946 silly CHANGE node_modules/@nodelib/fs.stat
947 silly CHANGE node_modules/@nodelib/fs.scandir
948 silly CHANGE node_modules/@laravel/vite-plugin-wayfinder
949 silly CHANGE node_modules/@jridgewell/trace-mapping
950 silly CHANGE node_modules/@jridgewell/sourcemap-codec
951 silly CHANGE node_modules/@jridgewell/resolve-uri
952 silly CHANGE node_modules/@jridgewell/remapping
953 silly CHANGE node_modules/@jridgewell/gen-mapping
954 silly CHANGE node_modules/@isaacs/fs-minipass
955 silly CHANGE node_modules/@inertiajs/react
956 silly CHANGE node_modules/@inertiajs/core
957 silly CHANGE node_modules/@humanwhocodes/retry
958 silly CHANGE node_modules/@humanwhocodes/module-importer
959 silly CHANGE node_modules/@humanfs/node
960 silly CHANGE node_modules/@humanfs/node/node_modules/@humanwhocodes/retry
961 silly CHANGE node_modules/@humanfs/core
962 silly CHANGE node_modules/@headlessui/react
963 silly CHANGE node_modules/@eslint-community/regexpp
964 silly CHANGE node_modules/@eslint-community/eslint-utils
965 silly CHANGE node_modules/@eslint-community/eslint-utils/node_modules/eslint-visitor-keys
966 silly CHANGE node_modules/@floating-ui/utils
967 silly CHANGE node_modules/@floating-ui/react-dom
968 silly CHANGE node_modules/@floating-ui/react
969 silly CHANGE node_modules/@floating-ui/dom
970 silly CHANGE node_modules/@floating-ui/core
971 silly CHANGE node_modules/@eslint/plugin-kit
972 silly CHANGE node_modules/@eslint/object-schema
973 silly CHANGE node_modules/@eslint/js
974 silly CHANGE node_modules/@eslint/eslintrc
975 silly CHANGE node_modules/@eslint/eslintrc/node_modules/globals
976 silly CHANGE node_modules/@eslint/core
977 silly CHANGE node_modules/@eslint/config-helpers
978 silly CHANGE node_modules/@eslint/config-array
979 silly CHANGE node_modules/@esbuild/win32-x64
980 silly CHANGE node_modules/@date-fns/tz
981 silly CHANGE node_modules/@babel/types
982 silly CHANGE node_modules/@babel/traverse
983 silly CHANGE node_modules/@babel/template
984 silly CHANGE node_modules/@babel/plugin-transform-react-jsx-source
985 silly CHANGE node_modules/@babel/plugin-transform-react-jsx-self
986 silly CHANGE node_modules/@babel/parser
987 silly CHANGE node_modules/@babel/helpers
988 silly CHANGE node_modules/@babel/helper-validator-option
989 silly CHANGE node_modules/@babel/helper-validator-identifier
990 silly CHANGE node_modules/@babel/helper-string-parser
991 silly CHANGE node_modules/@babel/helper-plugin-utils
992 silly CHANGE node_modules/@babel/helper-module-transforms
993 silly CHANGE node_modules/@babel/helper-module-imports
994 silly CHANGE node_modules/@babel/helper-globals
995 silly CHANGE node_modules/@babel/helper-compilation-targets
996 silly CHANGE node_modules/@babel/generator
997 silly CHANGE node_modules/@babel/core
998 silly CHANGE node_modules/@babel/compat-data
999 silly CHANGE node_modules/@babel/code-frame
1000 silly CHANGE node_modules/which
1001 silly CHANGE node_modules/vite
1002 silly CHANGE node_modules/vite/node_modules/picomatch
1003 silly CHANGE node_modules/vite/node_modules/fdir
1004 silly CHANGE node_modules/update-browserslist-db
1005 silly CHANGE node_modules/typescript
1006 silly CHANGE node_modules/tree-kill
1007 silly CHANGE node_modules/semver
1008 silly CHANGE node_modules/rollup
1009 silly CHANGE node_modules/rollup/node_modules/@rollup/rollup-win32-x64-msvc
1010 silly CHANGE node_modules/rollup/node_modules/@rollup/rollup-linux-x64-gnu
1011 silly CHANGE node_modules/resolve
1012 silly CHANGE node_modules/prettier
1013 silly CHANGE node_modules/nanoid
1014 silly CHANGE node_modules/mkdirp
1015 silly CHANGE node_modules/mammoth
1016 silly CHANGE node_modules/mammoth/node_modules/argparse
1017 silly CHANGE node_modules/loose-envify
1018 silly CHANGE node_modules/lightningcss-win32-arm64-msvc
1019 silly CHANGE node_modules/lightningcss-linux-x64-musl
1020 silly CHANGE node_modules/lightningcss-linux-x64-gnu
1021 silly CHANGE node_modules/lightningcss-linux-arm64-musl
1022 silly CHANGE node_modules/lightningcss-linux-arm64-gnu
1023 silly CHANGE node_modules/lightningcss-linux-arm-gnueabihf
1024 silly CHANGE node_modules/lightningcss-freebsd-x64
1025 silly CHANGE node_modules/lightningcss-darwin-x64
1026 silly CHANGE node_modules/lightningcss-darwin-arm64
1027 silly CHANGE node_modules/laravel-vite-plugin
1028 silly CHANGE node_modules/json5
1029 silly CHANGE node_modules/jsesc
1030 silly CHANGE node_modules/js-yaml
1031 silly CHANGE node_modules/jiti
1032 silly CHANGE node_modules/fsevents
1033 silly CHANGE node_modules/eslint-config-prettier
1034 silly CHANGE node_modules/eslint
1035 silly CHANGE node_modules/esbuild
1036 silly CHANGE node_modules/concurrently
1037 silly CHANGE node_modules/browserslist
1038 silly CHANGE node_modules/acorn
1039 verbose cwd C:\laragon\www\system-school
1040 verbose os Windows_NT 10.0.26200
1041 verbose node v22.17.0
1042 verbose npm  v10.9.2
1043 verbose exit 0
1044 info ok
