0 verbose cli C:\Program Files\nodejs\node.exe C:\Program Files\nodejs\node_modules\npm\bin\npm-cli.js
1 info using npm@10.9.2
2 info using node@v22.17.0
3 silly config load:file:C:\Program Files\nodejs\node_modules\npm\npmrc
4 silly config load:file:C:\laragon\www\system-school\.npmrc
5 silly config load:file:C:\Users\SR GEARS\.npmrc
6 silly config load:file:C:\Users\SR GEARS\AppData\Roaming\npm\etc\npmrc
7 verbose title npm install
8 verbose argv "install" "--cache" ".npm-cache"
9 verbose logfile logs-max:10 dir:C:\laragon\www\system-school\.npm-cache\_logs\2026-05-21T13_31_05_863Z-
10 verbose logfile C:\laragon\www\system-school\.npm-cache\_logs\2026-05-21T13_31_05_863Z-debug-0.log
11 silly logfile done cleaning log files
12 silly packumentCache heap:2197815296 maxSize:549453824 maxEntrySize:274726912
13 silly idealTree buildDeps
14 http fetch GET https://registry.npmjs.org/npm attempt 1 failed with EACCES
15 silly reify mark retired [ 'C:\\laragon\\www\\system-school\\node_modules\\acorn' ]
16 silly reify mark retired [ 'C:\\laragon\\www\\system-school\\node_modules\\browserslist' ]
17 silly reify mark retired [ 'C:\\laragon\\www\\system-school\\node_modules\\concurrently' ]
18 silly reify mark retired [ 'C:\\laragon\\www\\system-school\\node_modules\\esbuild' ]
19 silly reify mark retired [ 'C:\\laragon\\www\\system-school\\node_modules\\eslint' ]
20 silly reify mark retired [
20 silly reify   'C:\\laragon\\www\\system-school\\node_modules\\eslint-config-prettier'
20 silly reify ]
21 silly reify mark retired [ 'C:\\laragon\\www\\system-school\\node_modules\\fsevents' ]
22 silly reify mark retired [ 'C:\\laragon\\www\\system-school\\node_modules\\jiti' ]
23 silly reify mark retired [ 'C:\\laragon\\www\\system-school\\node_modules\\js-yaml' ]
24 silly reify mark retired [ 'C:\\laragon\\www\\system-school\\node_modules\\jsesc' ]
25 silly reify mark retired [ 'C:\\laragon\\www\\system-school\\node_modules\\json5' ]
26 silly reify mark retired [
26 silly reify   'C:\\laragon\\www\\system-school\\node_modules\\laravel-vite-plugin'
26 silly reify ]
27 silly reify mark retired [
27 silly reify   'C:\\laragon\\www\\system-school\\node_modules\\lightningcss-darwin-arm64'
27 silly reify ]
28 silly reify mark retired [
28 silly reify   'C:\\laragon\\www\\system-school\\node_modules\\lightningcss-darwin-x64'
28 silly reify ]
29 silly reify mark retired [
29 silly reify   'C:\\laragon\\www\\system-school\\node_modules\\lightningcss-freebsd-x64'
29 silly reify ]
30 silly reify mark retired [
30 silly reify   'C:\\laragon\\www\\system-school\\node_modules\\lightningcss-linux-arm-gnueabihf'
30 silly reify ]
31 silly reify mark retired [
31 silly reify   'C:\\laragon\\www\\system-school\\node_modules\\lightningcss-linux-arm64-gnu'
31 silly reify ]
32 silly reify mark retired [
32 silly reify   'C:\\laragon\\www\\system-school\\node_modules\\lightningcss-linux-arm64-musl'
32 silly reify ]
33 silly reify mark retired [
33 silly reify   'C:\\laragon\\www\\system-school\\node_modules\\lightningcss-linux-x64-gnu'
33 silly reify ]
34 silly reify mark retired [
34 silly reify   'C:\\laragon\\www\\system-school\\node_modules\\lightningcss-linux-x64-musl'
34 silly reify ]
35 silly reify mark retired [
35 silly reify   'C:\\laragon\\www\\system-school\\node_modules\\lightningcss-win32-arm64-msvc'
35 silly reify ]
36 silly reify mark retired [ 'C:\\laragon\\www\\system-school\\node_modules\\loose-envify' ]
37 silly reify mark retired [ 'C:\\laragon\\www\\system-school\\node_modules\\mammoth' ]
38 silly reify mark retired [ 'C:\\laragon\\www\\system-school\\node_modules\\mkdirp' ]
39 silly reify mark retired [ 'C:\\laragon\\www\\system-school\\node_modules\\nanoid' ]
40 silly reify mark retired [ 'C:\\laragon\\www\\system-school\\node_modules\\prettier' ]
41 silly reify mark retired [ 'C:\\laragon\\www\\system-school\\node_modules\\resolve' ]
42 silly reify mark retired [ 'C:\\laragon\\www\\system-school\\node_modules\\rollup' ]
43 silly reify mark retired [ 'C:\\laragon\\www\\system-school\\node_modules\\semver' ]
44 silly reify mark retired [ 'C:\\laragon\\www\\system-school\\node_modules\\tree-kill' ]
45 silly reify mark retired [ 'C:\\laragon\\www\\system-school\\node_modules\\typescript' ]
46 silly reify mark retired [
46 silly reify   'C:\\laragon\\www\\system-school\\node_modules\\update-browserslist-db'
46 silly reify ]
47 silly reify mark retired [ 'C:\\laragon\\www\\system-school\\node_modules\\vite' ]
48 silly reify mark retired [ 'C:\\laragon\\www\\system-school\\node_modules\\which' ]
49 silly reify mark retired [ 'C:\\laragon\\www\\system-school\\node_modules\\@babel\\code-frame' ]
50 silly reify mark retired [
50 silly reify   'C:\\laragon\\www\\system-school\\node_modules\\@babel\\compat-data'
50 silly reify ]
51 silly reify mark retired [ 'C:\\laragon\\www\\system-school\\node_modules\\@babel\\core' ]
52 silly reify mark retired [ 'C:\\laragon\\www\\system-school\\node_modules\\@babel\\generator' ]
53 silly reify mark retired [
53 silly reify   'C:\\laragon\\www\\system-school\\node_modules\\@babel\\helper-compilation-targets'
53 silly reify ]
54 silly reify mark retired [
54 silly reify   'C:\\laragon\\www\\system-school\\node_modules\\@babel\\helper-globals'
54 silly reify ]
55 silly reify mark retired [
55 silly reify   'C:\\laragon\\www\\system-school\\node_modules\\@babel\\helper-module-imports'
55 silly reify ]
56 silly reify mark retired [
56 silly reify   'C:\\laragon\\www\\system-school\\node_modules\\@babel\\helper-module-transforms'
56 silly reify ]
57 silly reify mark retired [
57 silly reify   'C:\\laragon\\www\\system-school\\node_modules\\@babel\\helper-plugin-utils'
57 silly reify ]
58 silly reify mark retired [
58 silly reify   'C:\\laragon\\www\\system-school\\node_modules\\@babel\\helper-string-parser'
58 silly reify ]
59 silly reify mark retired [
59 silly reify   'C:\\laragon\\www\\system-school\\node_modules\\@babel\\helper-validator-identifier'
59 silly reify ]
60 silly reify mark retired [
60 silly reify   'C:\\laragon\\www\\system-school\\node_modules\\@babel\\helper-validator-option'
60 silly reify ]
61 silly reify mark retired [ 'C:\\laragon\\www\\system-school\\node_modules\\@babel\\helpers' ]
62 silly reify mark retired [ 'C:\\laragon\\www\\system-school\\node_modules\\@babel\\parser' ]
63 silly reify mark retired [
63 silly reify   'C:\\laragon\\www\\system-school\\node_modules\\@babel\\plugin-transform-react-jsx-self'
63 silly reify ]
64 silly reify mark retired [
64 silly reify   'C:\\laragon\\www\\system-school\\node_modules\\@babel\\plugin-transform-react-jsx-source'
64 silly reify ]
65 silly reify mark retired [ 'C:\\laragon\\www\\system-school\\node_modules\\@babel\\template' ]
66 silly reify mark retired [ 'C:\\laragon\\www\\system-school\\node_modules\\@babel\\traverse' ]
67 silly reify mark retired [ 'C:\\laragon\\www\\system-school\\node_modules\\@babel\\types' ]
68 silly reify mark retired [ 'C:\\laragon\\www\\system-school\\node_modules\\@date-fns\\tz' ]
69 silly reify mark retired [
69 silly reify   'C:\\laragon\\www\\system-school\\node_modules\\@esbuild\\win32-x64'
69 silly reify ]
70 silly reify mark retired [
70 silly reify   'C:\\laragon\\www\\system-school\\node_modules\\@eslint\\config-array'
70 silly reify ]
71 silly reify mark retired [
71 silly reify   'C:\\laragon\\www\\system-school\\node_modules\\@eslint\\config-helpers'
71 silly reify ]
72 silly reify mark retired [ 'C:\\laragon\\www\\system-school\\node_modules\\@eslint\\core' ]
73 silly reify mark retired [ 'C:\\laragon\\www\\system-school\\node_modules\\@eslint\\eslintrc' ]
74 silly reify mark retired [ 'C:\\laragon\\www\\system-school\\node_modules\\@eslint\\js' ]
75 silly reify mark retired [
75 silly reify   'C:\\laragon\\www\\system-school\\node_modules\\@eslint\\object-schema'
75 silly reify ]
76 silly reify mark retired [
76 silly reify   'C:\\laragon\\www\\system-school\\node_modules\\@eslint\\plugin-kit'
76 silly reify ]
77 silly reify mark retired [
77 silly reify   'C:\\laragon\\www\\system-school\\node_modules\\@eslint-community\\eslint-utils'
77 silly reify ]
78 silly reify mark retired [
78 silly reify   'C:\\laragon\\www\\system-school\\node_modules\\@eslint-community\\regexpp'
78 silly reify ]
79 silly reify mark retired [ 'C:\\laragon\\www\\system-school\\node_modules\\@floating-ui\\core' ]
80 silly reify mark retired [ 'C:\\laragon\\www\\system-school\\node_modules\\@floating-ui\\dom' ]
81 silly reify mark retired [
81 silly reify   'C:\\laragon\\www\\system-school\\node_modules\\@floating-ui\\react'
81 silly reify ]
82 silly reify mark retired [
82 silly reify   'C:\\laragon\\www\\system-school\\node_modules\\@floating-ui\\react-dom'
82 silly reify ]
83 silly reify mark retired [
83 silly reify   'C:\\laragon\\www\\system-school\\node_modules\\@floating-ui\\utils'
83 silly reify ]
84 silly reify mark retired [ 'C:\\laragon\\www\\system-school\\node_modules\\@headlessui\\react' ]
85 silly reify mark retired [ 'C:\\laragon\\www\\system-school\\node_modules\\@humanfs\\core' ]
86 silly reify mark retired [ 'C:\\laragon\\www\\system-school\\node_modules\\@humanfs\\node' ]
87 silly reify mark retired [
87 silly reify   'C:\\laragon\\www\\system-school\\node_modules\\@humanwhocodes\\module-importer'
87 silly reify ]
88 silly reify mark retired [
88 silly reify   'C:\\laragon\\www\\system-school\\node_modules\\@humanwhocodes\\retry'
88 silly reify ]
89 silly reify mark retired [ 'C:\\laragon\\www\\system-school\\node_modules\\@inertiajs\\core' ]
90 silly reify mark retired [ 'C:\\laragon\\www\\system-school\\node_modules\\@inertiajs\\react' ]
91 silly reify mark retired [
91 silly reify   'C:\\laragon\\www\\system-school\\node_modules\\@isaacs\\fs-minipass'
91 silly reify ]
92 silly reify mark retired [
92 silly reify   'C:\\laragon\\www\\system-school\\node_modules\\@jridgewell\\gen-mapping'
92 silly reify ]
93 silly reify mark retired [
93 silly reify   'C:\\laragon\\www\\system-school\\node_modules\\@jridgewell\\remapping'
93 silly reify ]
94 silly reify mark retired [
94 silly reify   'C:\\laragon\\www\\system-school\\node_modules\\@jridgewell\\resolve-uri'
94 silly reify ]
95 silly reify mark retired [
95 silly reify   'C:\\laragon\\www\\system-school\\node_modules\\@jridgewell\\sourcemap-codec'
95 silly reify ]
96 silly reify mark retired [
96 silly reify   'C:\\laragon\\www\\system-school\\node_modules\\@jridgewell\\trace-mapping'
96 silly reify ]
97 silly reify mark retired [
97 silly reify   'C:\\laragon\\www\\system-school\\node_modules\\@laravel\\vite-plugin-wayfinder'
97 silly reify ]
98 silly reify mark retired [
98 silly reify   'C:\\laragon\\www\\system-school\\node_modules\\@nodelib\\fs.scandir'
98 silly reify ]
99 silly reify mark retired [ 'C:\\laragon\\www\\system-school\\node_modules\\@nodelib\\fs.stat' ]
100 silly reify mark retired [ 'C:\\laragon\\www\\system-school\\node_modules\\@nodelib\\fs.walk' ]
101 silly reify mark retired [ 'C:\\laragon\\www\\system-school\\node_modules\\@radix-ui\\number' ]
102 silly reify mark retired [
102 silly reify   'C:\\laragon\\www\\system-school\\node_modules\\@radix-ui\\react-arrow'
102 silly reify ]
103 silly reify mark retired [
103 silly reify   'C:\\laragon\\www\\system-school\\node_modules\\@radix-ui\\primitive'
103 silly reify ]
104 silly reify mark retired [
104 silly reify   'C:\\laragon\\www\\system-school\\node_modules\\@radix-ui\\react-avatar'
104 silly reify ]
105 silly reify mark retired [
105 silly reify   'C:\\laragon\\www\\system-school\\node_modules\\@radix-ui\\react-checkbox'
105 silly reify ]
106 silly reify mark retired [
106 silly reify   'C:\\laragon\\www\\system-school\\node_modules\\@radix-ui\\react-collapsible'
106 silly reify ]
107 silly reify mark retired [
107 silly reify   'C:\\laragon\\www\\system-school\\node_modules\\@radix-ui\\react-collection'
107 silly reify ]
108 silly reify mark retired [
108 silly reify   'C:\\laragon\\www\\system-school\\node_modules\\@radix-ui\\react-compose-refs'
108 silly reify ]
109 silly reify mark retired [
109 silly reify   'C:\\laragon\\www\\system-school\\node_modules\\@radix-ui\\react-context'
109 silly reify ]
110 silly reify mark retired [
110 silly reify   'C:\\laragon\\www\\system-school\\node_modules\\@radix-ui\\react-dialog'
110 silly reify ]
111 silly reify mark retired [
111 silly reify   'C:\\laragon\\www\\system-school\\node_modules\\@radix-ui\\react-direction'
111 silly reify ]
112 silly reify mark retired [
112 silly reify   'C:\\laragon\\www\\system-school\\node_modules\\@radix-ui\\react-dismissable-layer'
112 silly reify ]
113 silly reify mark retired [
113 silly reify   'C:\\laragon\\www\\system-school\\node_modules\\@radix-ui\\react-dropdown-menu'
113 silly reify ]
114 silly reify mark retired [
114 silly reify   'C:\\laragon\\www\\system-school\\node_modules\\@radix-ui\\react-focus-guards'
114 silly reify ]
115 silly reify mark retired [
115 silly reify   'C:\\laragon\\www\\system-school\\node_modules\\@radix-ui\\react-focus-scope'
115 silly reify ]
116 silly reify mark retired [
116 silly reify   'C:\\laragon\\www\\system-school\\node_modules\\@radix-ui\\react-id'
116 silly reify ]
117 silly reify mark retired [
117 silly reify   'C:\\laragon\\www\\system-school\\node_modules\\@radix-ui\\react-label'
117 silly reify ]
118 silly reify mark retired [
118 silly reify   'C:\\laragon\\www\\system-school\\node_modules\\@radix-ui\\react-menu'
118 silly reify ]
119 silly reify mark retired [
119 silly reify   'C:\\laragon\\www\\system-school\\node_modules\\@radix-ui\\react-navigation-menu'
119 silly reify ]
120 silly reify mark retired [
120 silly reify   'C:\\laragon\\www\\system-school\\node_modules\\@radix-ui\\react-popover'
120 silly reify ]
121 silly reify mark retired [
121 silly reify   'C:\\laragon\\www\\system-school\\node_modules\\@radix-ui\\react-popper'
121 silly reify ]
122 silly reify mark retired [
122 silly reify   'C:\\laragon\\www\\system-school\\node_modules\\@radix-ui\\react-portal'
122 silly reify ]
123 silly reify mark retired [
123 silly reify   'C:\\laragon\\www\\system-school\\node_modules\\@radix-ui\\react-presence'
123 silly reify ]
124 silly reify mark retired [
124 silly reify   'C:\\laragon\\www\\system-school\\node_modules\\@radix-ui\\react-primitive'
124 silly reify ]
125 silly reify mark retired [
125 silly reify   'C:\\laragon\\www\\system-school\\node_modules\\@radix-ui\\react-roving-focus'
125 silly reify ]
126 silly reify mark retired [
126 silly reify   'C:\\laragon\\www\\system-school\\node_modules\\@radix-ui\\react-select'
126 silly reify ]
127 silly reify mark retired [
127 silly reify   'C:\\laragon\\www\\system-school\\node_modules\\@radix-ui\\react-separator'
127 silly reify ]
128 silly reify mark retired [
128 silly reify   'C:\\laragon\\www\\system-school\\node_modules\\@radix-ui\\react-toggle'
128 silly reify ]
129 silly reify mark retired [
129 silly reify   'C:\\laragon\\www\\system-school\\node_modules\\@radix-ui\\react-slot'
129 silly reify ]
130 silly reify mark retired [
130 silly reify   'C:\\laragon\\www\\system-school\\node_modules\\@radix-ui\\react-toggle-group'
130 silly reify ]
131 silly reify mark retired [
131 silly reify   'C:\\laragon\\www\\system-school\\node_modules\\@radix-ui\\react-tooltip'
131 silly reify ]
132 silly reify mark retired [
132 silly reify   'C:\\laragon\\www\\system-school\\node_modules\\@radix-ui\\react-use-callback-ref'
132 silly reify ]
133 silly reify mark retired [
133 silly reify   'C:\\laragon\\www\\system-school\\node_modules\\@radix-ui\\react-use-controllable-state'
133 silly reify ]
134 silly reify mark retired [
134 silly reify   'C:\\laragon\\www\\system-school\\node_modules\\@radix-ui\\react-use-effect-event'
134 silly reify ]
135 silly reify mark retired [
135 silly reify   'C:\\laragon\\www\\system-school\\node_modules\\@radix-ui\\react-use-escape-keydown'
135 silly reify ]
136 silly reify mark retired [
136 silly reify   'C:\\laragon\\www\\system-school\\node_modules\\@radix-ui\\react-use-is-hydrated'
136 silly reify ]
137 silly reify mark retired [
137 silly reify   'C:\\laragon\\www\\system-school\\node_modules\\@radix-ui\\react-use-layout-effect'
137 silly reify ]
138 silly reify mark retired [
138 silly reify   'C:\\laragon\\www\\system-school\\node_modules\\@radix-ui\\react-use-previous'
138 silly reify ]
139 silly reify mark retired [
139 silly reify   'C:\\laragon\\www\\system-school\\node_modules\\@radix-ui\\react-use-rect'
139 silly reify ]
140 silly reify mark retired [
140 silly reify   'C:\\laragon\\www\\system-school\\node_modules\\@radix-ui\\react-use-size'
140 silly reify ]
141 silly reify mark retired [
141 silly reify   'C:\\laragon\\www\\system-school\\node_modules\\@radix-ui\\react-visually-hidden'
141 silly reify ]
142 silly reify mark retired [ 'C:\\laragon\\www\\system-school\\node_modules\\@radix-ui\\rect' ]
143 silly reify mark retired [ 'C:\\laragon\\www\\system-school\\node_modules\\@react-aria\\focus' ]
144 silly reify mark retired [ 'C:\\laragon\\www\\system-school\\node_modules\\@react-aria\\ssr' ]
145 silly reify mark retired [
145 silly reify   'C:\\laragon\\www\\system-school\\node_modules\\@react-aria\\interactions'
145 silly reify ]
146 silly reify mark retired [ 'C:\\laragon\\www\\system-school\\node_modules\\@react-aria\\utils' ]
147 silly reify mark retired [
147 silly reify   'C:\\laragon\\www\\system-school\\node_modules\\@react-stately\\flags'
147 silly reify ]
148 silly reify mark retired [
148 silly reify   'C:\\laragon\\www\\system-school\\node_modules\\@react-stately\\utils'
148 silly reify ]
149 silly reify mark retired [
149 silly reify   'C:\\laragon\\www\\system-school\\node_modules\\@react-types\\shared'
149 silly reify ]
150 silly reify mark retired [ 'C:\\laragon\\www\\system-school\\node_modules\\@reduxjs\\toolkit' ]
151 silly reify mark retired [
151 silly reify   'C:\\laragon\\www\\system-school\\node_modules\\@rolldown\\pluginutils'
151 silly reify ]
152 silly reify mark retired [
152 silly reify   'C:\\laragon\\www\\system-school\\node_modules\\@rollup\\rollup-android-arm-eabi'
152 silly reify ]
153 silly reify mark retired [
153 silly reify   'C:\\laragon\\www\\system-school\\node_modules\\@rollup\\rollup-android-arm64'
153 silly reify ]
154 silly reify mark retired [
154 silly reify   'C:\\laragon\\www\\system-school\\node_modules\\@rollup\\rollup-darwin-arm64'
154 silly reify ]
155 silly reify mark retired [
155 silly reify   'C:\\laragon\\www\\system-school\\node_modules\\@rollup\\rollup-darwin-x64'
155 silly reify ]
156 silly reify mark retired [
156 silly reify   'C:\\laragon\\www\\system-school\\node_modules\\@rollup\\rollup-freebsd-arm64'
156 silly reify ]
157 silly reify mark retired [
157 silly reify   'C:\\laragon\\www\\system-school\\node_modules\\@rollup\\rollup-freebsd-x64'
157 silly reify ]
158 silly reify mark retired [
158 silly reify   'C:\\laragon\\www\\system-school\\node_modules\\@rollup\\rollup-linux-arm-gnueabihf'
158 silly reify ]
159 silly reify mark retired [
159 silly reify   'C:\\laragon\\www\\system-school\\node_modules\\@rollup\\rollup-linux-arm-musleabihf'
159 silly reify ]
160 silly reify mark retired [
160 silly reify   'C:\\laragon\\www\\system-school\\node_modules\\@rollup\\rollup-linux-arm64-gnu'
160 silly reify ]
161 silly reify mark retired [
161 silly reify   'C:\\laragon\\www\\system-school\\node_modules\\@rollup\\rollup-linux-arm64-musl'
161 silly reify ]
162 silly reify mark retired [
162 silly reify   'C:\\laragon\\www\\system-school\\node_modules\\@rollup\\rollup-linux-loongarch64-gnu'
162 silly reify ]
163 silly reify mark retired [
163 silly reify   'C:\\laragon\\www\\system-school\\node_modules\\@rollup\\rollup-linux-ppc64-gnu'
163 silly reify ]
164 silly reify mark retired [
164 silly reify   'C:\\laragon\\www\\system-school\\node_modules\\@rollup\\rollup-linux-riscv64-gnu'
164 silly reify ]
165 silly reify mark retired [
165 silly reify   'C:\\laragon\\www\\system-school\\node_modules\\@rollup\\rollup-linux-riscv64-musl'
165 silly reify ]
166 silly reify mark retired [
166 silly reify   'C:\\laragon\\www\\system-school\\node_modules\\@rollup\\rollup-linux-s390x-gnu'
166 silly reify ]
167 silly reify mark retired [
167 silly reify   'C:\\laragon\\www\\system-school\\node_modules\\@rollup\\rollup-linux-x64-gnu'
167 silly reify ]
168 silly reify mark retired [
168 silly reify   'C:\\laragon\\www\\system-school\\node_modules\\@rollup\\rollup-linux-x64-musl'
168 silly reify ]
169 silly reify mark retired [
169 silly reify   'C:\\laragon\\www\\system-school\\node_modules\\@rollup\\rollup-win32-arm64-msvc'
169 silly reify ]
170 silly reify mark retired [
170 silly reify   'C:\\laragon\\www\\system-school\\node_modules\\@rollup\\rollup-win32-ia32-msvc'
170 silly reify ]
171 silly reify mark retired [
171 silly reify   'C:\\laragon\\www\\system-school\\node_modules\\@rollup\\rollup-win32-x64-msvc'
171 silly reify ]
172 silly reify mark retired [
172 silly reify   'C:\\laragon\\www\\system-school\\node_modules\\@standard-schema\\spec'
172 silly reify ]
173 silly reify mark retired [ 'C:\\laragon\\www\\system-school\\node_modules\\@swc\\helpers' ]
174 silly reify mark retired [
174 silly reify   'C:\\laragon\\www\\system-school\\node_modules\\@standard-schema\\utils'
174 silly reify ]
175 silly reify mark retired [
175 silly reify   'C:\\laragon\\www\\system-school\\node_modules\\@tabby_ai\\hijri-converter'
175 silly reify ]
176 silly reify mark retired [ 'C:\\laragon\\www\\system-school\\node_modules\\@tailwindcss\\node' ]
177 silly reify mark retired [
177 silly reify   'C:\\laragon\\www\\system-school\\node_modules\\@tailwindcss\\oxide'
177 silly reify ]
178 silly reify mark retired [
178 silly reify   'C:\\laragon\\www\\system-school\\node_modules\\@tailwindcss\\oxide-android-arm64'
178 silly reify ]
179 silly reify mark retired [
179 silly reify   'C:\\laragon\\www\\system-school\\node_modules\\@tailwindcss\\oxide-darwin-arm64'
179 silly reify ]
180 silly reify mark retired [
180 silly reify   'C:\\laragon\\www\\system-school\\node_modules\\@tailwindcss\\oxide-darwin-x64'
180 silly reify ]
181 silly reify mark retired [
181 silly reify   'C:\\laragon\\www\\system-school\\node_modules\\@tailwindcss\\oxide-freebsd-x64'
181 silly reify ]
182 silly reify mark retired [
182 silly reify   'C:\\laragon\\www\\system-school\\node_modules\\@tailwindcss\\oxide-linux-arm-gnueabihf'
182 silly reify ]
183 silly reify mark retired [
183 silly reify   'C:\\laragon\\www\\system-school\\node_modules\\@tailwindcss\\oxide-linux-arm64-gnu'
183 silly reify ]
184 silly reify mark retired [
184 silly reify   'C:\\laragon\\www\\system-school\\node_modules\\@tailwindcss\\oxide-linux-arm64-musl'
184 silly reify ]
185 silly reify mark retired [
185 silly reify   'C:\\laragon\\www\\system-school\\node_modules\\@tailwindcss\\oxide-linux-x64-gnu'
185 silly reify ]
186 silly reify mark retired [
186 silly reify   'C:\\laragon\\www\\system-school\\node_modules\\@tailwindcss\\oxide-linux-x64-musl'
186 silly reify ]
187 silly reify mark retired [
187 silly reify   'C:\\laragon\\www\\system-school\\node_modules\\@tailwindcss\\oxide-wasm32-wasi'
187 silly reify ]
188 silly reify mark retired [
188 silly reify   'C:\\laragon\\www\\system-school\\node_modules\\@tailwindcss\\oxide-win32-arm64-msvc'
188 silly reify ]
189 silly reify mark retired [
189 silly reify   'C:\\laragon\\www\\system-school\\node_modules\\@tailwindcss\\oxide-win32-x64-msvc'
189 silly reify ]
190 silly reify mark retired [
190 silly reify   'C:\\laragon\\www\\system-school\\node_modules\\lightningcss\\node_modules\\lightningcss-linux-x64-gnu'
190 silly reify ]
191 silly reify moves {
191 silly reify   'C:\\laragon\\www\\system-school\\node_modules\\acorn': 'C:\\laragon\\www\\system-school\\node_modules\\.acorn-Y6m0w0fM',
191 silly reify   'C:\\laragon\\www\\system-school\\node_modules\\browserslist': 'C:\\laragon\\www\\system-school\\node_modules\\.browserslist-Q55LCXz0',
191 silly reify   'C:\\laragon\\www\\system-school\\node_modules\\concurrently': 'C:\\laragon\\www\\system-school\\node_modules\\.concurrently-Kqb0CL5C',
191 silly reify   'C:\\laragon\\www\\system-school\\node_modules\\esbuild': 'C:\\laragon\\www\\system-school\\node_modules\\.esbuild-BPA0HPM0',
191 silly reify   'C:\\laragon\\www\\system-school\\node_modules\\eslint': 'C:\\laragon\\www\\system-school\\node_modules\\.eslint-6ID1XHF0',
191 silly reify   'C:\\laragon\\www\\system-school\\node_modules\\eslint-config-prettier': 'C:\\laragon\\www\\system-school\\node_modules\\.eslint-config-prettier-n8iRxq3k',
191 silly reify   'C:\\laragon\\www\\system-school\\node_modules\\fsevents': 'C:\\laragon\\www\\system-school\\node_modules\\.fsevents-yZI810v3',
191 silly reify   'C:\\laragon\\www\\system-school\\node_modules\\jiti': 'C:\\laragon\\www\\system-school\\node_modules\\.jiti-p8uWPgVT',
191 silly reify   'C:\\laragon\\www\\system-school\\node_modules\\js-yaml': 'C:\\laragon\\www\\system-school\\node_modules\\.js-yaml-tQj6KZW2',
191 silly reify   'C:\\laragon\\www\\system-school\\node_modules\\jsesc': 'C:\\laragon\\www\\system-school\\node_modules\\.jsesc-QJdLiA9C',
191 silly reify   'C:\\laragon\\www\\system-school\\node_modules\\json5': 'C:\\laragon\\www\\system-school\\node_modules\\.json5-f4YGBUcS',
191 silly reify   'C:\\laragon\\www\\system-school\\node_modules\\laravel-vite-plugin': 'C:\\laragon\\www\\system-school\\node_modules\\.laravel-vite-plugin-Yw6RaPiM',
191 silly reify   'C:\\laragon\\www\\system-school\\node_modules\\lightningcss-darwin-arm64': 'C:\\laragon\\www\\system-school\\node_modules\\.lightningcss-darwin-arm64-gcgdy04L',
191 silly reify   'C:\\laragon\\www\\system-school\\node_modules\\lightningcss-darwin-x64': 'C:\\laragon\\www\\system-school\\node_modules\\.lightningcss-darwin-x64-V16wuDxG',
191 silly reify   'C:\\laragon\\www\\system-school\\node_modules\\lightningcss-freebsd-x64': 'C:\\laragon\\www\\system-school\\node_modules\\.lightningcss-freebsd-x64-VSf1R8nW',
191 silly reify   'C:\\laragon\\www\\system-school\\node_modules\\lightningcss-linux-arm-gnueabihf': 'C:\\laragon\\www\\system-school\\node_modules\\.lightningcss-linux-arm-gnueabihf-YdiDNMY3',
191 silly reify   'C:\\laragon\\www\\system-school\\node_modules\\lightningcss-linux-arm64-gnu': 'C:\\laragon\\www\\system-school\\node_modules\\.lightningcss-linux-arm64-gnu-ETiMRN3A',
191 silly reify   'C:\\laragon\\www\\system-school\\node_modules\\lightningcss-linux-arm64-musl': 'C:\\laragon\\www\\system-school\\node_modules\\.lightningcss-linux-arm64-musl-nQQfmakX',
191 silly reify   'C:\\laragon\\www\\system-school\\node_modules\\lightningcss-linux-x64-gnu': 'C:\\laragon\\www\\system-school\\node_modules\\.lightningcss-linux-x64-gnu-A99qfSW6',
191 silly reify   'C:\\laragon\\www\\system-school\\node_modules\\lightningcss-linux-x64-musl': 'C:\\laragon\\www\\system-school\\node_modules\\.lightningcss-linux-x64-musl-gzmdvVW7',
191 silly reify   'C:\\laragon\\www\\system-school\\node_modules\\lightningcss-win32-arm64-msvc': 'C:\\laragon\\www\\system-school\\node_modules\\.lightningcss-win32-arm64-msvc-lRCJmmQv',
191 silly reify   'C:\\laragon\\www\\system-school\\node_modules\\loose-envify': 'C:\\laragon\\www\\system-school\\node_modules\\.loose-envify-mqU1Be1x',
191 silly reify   'C:\\laragon\\www\\system-school\\node_modules\\mammoth': 'C:\\laragon\\www\\system-school\\node_modules\\.mammoth-MHXAnQTm',
191 silly reify   'C:\\laragon\\www\\system-school\\node_modules\\mkdirp': 'C:\\laragon\\www\\system-school\\node_modules\\.mkdirp-TjyNbXF0',
191 silly reify   'C:\\laragon\\www\\system-school\\node_modules\\nanoid': 'C:\\laragon\\www\\system-school\\node_modules\\.nanoid-u7Uot9cv',
191 silly reify   'C:\\laragon\\www\\system-school\\node_modules\\prettier': 'C:\\laragon\\www\\system-school\\node_modules\\.prettier-R08jpego',
191 silly reify   'C:\\laragon\\www\\system-school\\node_modules\\resolve': 'C:\\laragon\\www\\system-school\\node_modules\\.resolve-6yLCZQuB',
191 silly reify   'C:\\laragon\\www\\system-school\\node_modules\\rollup': 'C:\\laragon\\www\\system-school\\node_modules\\.rollup-NESmAzZT',
191 silly reify   'C:\\laragon\\www\\system-school\\node_modules\\semver': 'C:\\laragon\\www\\system-school\\node_modules\\.semver-zYHV3dxp',
191 silly reify   'C:\\laragon\\www\\system-school\\node_modules\\tree-kill': 'C:\\laragon\\www\\system-school\\node_modules\\.tree-kill-80OeRiyX',
191 silly reify   'C:\\laragon\\www\\system-school\\node_modules\\typescript': 'C:\\laragon\\www\\system-school\\node_modules\\.typescript-rWD7ykJR',
191 silly reify   'C:\\laragon\\www\\system-school\\node_modules\\update-browserslist-db': 'C:\\laragon\\www\\system-school\\node_modules\\.update-browserslist-db-8ojZUQie',
191 silly reify   'C:\\laragon\\www\\system-school\\node_modules\\vite': 'C:\\laragon\\www\\system-school\\node_modules\\.vite-KxxUHGUx',
191 silly reify   'C:\\laragon\\www\\system-school\\node_modules\\which': 'C:\\laragon\\www\\system-school\\node_modules\\.which-a24ddlja',
191 silly reify   'C:\\laragon\\www\\system-school\\node_modules\\@babel\\code-frame': 'C:\\laragon\\www\\system-school\\node_modules\\@babel\\.code-frame-ZNhbtD0j',
191 silly reify   'C:\\laragon\\www\\system-school\\node_modules\\@babel\\compat-data': 'C:\\laragon\\www\\system-school\\node_modules\\@babel\\.compat-data-AgwOVH7l',
191 silly reify   'C:\\laragon\\www\\system-school\\node_modules\\@babel\\core': 'C:\\laragon\\www\\system-school\\node_modules\\@babel\\.core-yZhLySVn',
191 silly reify   'C:\\laragon\\www\\system-school\\node_modules\\@babel\\generator': 'C:\\laragon\\www\\system-school\\node_modules\\@babel\\.generator-e1XLsbzS',
191 silly reify   'C:\\laragon\\www\\system-school\\node_modules\\@babel\\helper-compilation-targets': 'C:\\laragon\\www\\system-school\\node_modules\\@babel\\.helper-compilation-targets-0NoiCT0q',
191 silly reify   'C:\\laragon\\www\\system-school\\node_modules\\@babel\\helper-globals': 'C:\\laragon\\www\\system-school\\node_modules\\@babel\\.helper-globals-A06UywkZ',
191 silly reify   'C:\\laragon\\www\\system-school\\node_modules\\@babel\\helper-module-imports': 'C:\\laragon\\www\\system-school\\node_modules\\@babel\\.helper-module-imports-m1Ziw4wp',
191 silly reify   'C:\\laragon\\www\\system-school\\node_modules\\@babel\\helper-module-transforms': 'C:\\laragon\\www\\system-school\\node_modules\\@babel\\.helper-module-transforms-QPI3y5P1',
191 silly reify   'C:\\laragon\\www\\system-school\\node_modules\\@babel\\helper-plugin-utils': 'C:\\laragon\\www\\system-school\\node_modules\\@babel\\.helper-plugin-utils-Hfm3874A',
191 silly reify   'C:\\laragon\\www\\system-school\\node_modules\\@babel\\helper-string-parser': 'C:\\laragon\\www\\system-school\\node_modules\\@babel\\.helper-string-parser-htGynkng',
191 silly reify   'C:\\laragon\\www\\system-school\\node_modules\\@babel\\helper-validator-identifier': 'C:\\laragon\\www\\system-school\\node_modules\\@babel\\.helper-validator-identifier-6aJMzPFb',
191 silly reify   'C:\\laragon\\www\\system-school\\node_modules\\@babel\\helper-validator-option': 'C:\\laragon\\www\\system-school\\node_modules\\@babel\\.helper-validator-option-AHiInOXO',
191 silly reify   'C:\\laragon\\www\\system-school\\node_modules\\@babel\\helpers': 'C:\\laragon\\www\\system-school\\node_modules\\@babel\\.helpers-kX1GueOj',
191 silly reify   'C:\\laragon\\www\\system-school\\node_modules\\@babel\\parser': 'C:\\laragon\\www\\system-school\\node_modules\\@babel\\.parser-WxF7n80J',
191 silly reify   'C:\\laragon\\www\\system-school\\node_modules\\@babel\\plugin-transform-react-jsx-self': 'C:\\laragon\\www\\system-school\\node_modules\\@babel\\.plugin-transform-react-jsx-self-RdBMBAkP',
191 silly reify   'C:\\laragon\\www\\system-school\\node_modules\\@babel\\plugin-transform-react-jsx-source': 'C:\\laragon\\www\\system-school\\node_modules\\@babel\\.plugin-transform-react-jsx-source-NfO56pcU',
191 silly reify   'C:\\laragon\\www\\system-school\\node_modules\\@babel\\template': 'C:\\laragon\\www\\system-school\\node_modules\\@babel\\.template-CrKN0w5z',
191 silly reify   'C:\\laragon\\www\\system-school\\node_modules\\@babel\\traverse': 'C:\\laragon\\www\\system-school\\node_modules\\@babel\\.traverse-cGlNT0VK',
191 silly reify   'C:\\laragon\\www\\system-school\\node_modules\\@babel\\types': 'C:\\laragon\\www\\system-school\\node_modules\\@babel\\.types-34mxABpp',
191 silly reify   'C:\\laragon\\www\\system-school\\node_modules\\@date-fns\\tz': 'C:\\laragon\\www\\system-school\\node_modules\\@date-fns\\.tz-bdeNrWu9',
191 silly reify   'C:\\laragon\\www\\system-school\\node_modules\\@esbuild\\win32-x64': 'C:\\laragon\\www\\system-school\\node_modules\\@esbuild\\.win32-x64-DmF918wd',
191 silly reify   'C:\\laragon\\www\\system-school\\node_modules\\@eslint\\config-array': 'C:\\laragon\\www\\system-school\\node_modules\\@eslint\\.config-array-yBY7P2AM',
191 silly reify   'C:\\laragon\\www\\system-school\\node_modules\\@eslint\\config-helpers': 'C:\\laragon\\www\\system-school\\node_modules\\@eslint\\.config-helpers-CuXzdeEP',
191 silly reify   'C:\\laragon\\www\\system-school\\node_modules\\@eslint\\core': 'C:\\laragon\\www\\system-school\\node_modules\\@eslint\\.core-KUnpvQUM',
191 silly reify   'C:\\laragon\\www\\system-school\\node_modules\\@eslint\\eslintrc': 'C:\\laragon\\www\\system-school\\node_modules\\@eslint\\.eslintrc-PNX1bLkw',
191 silly reify   'C:\\laragon\\www\\system-school\\node_modules\\@eslint\\js': 'C:\\laragon\\www\\system-school\\node_modules\\@eslint\\.js-lTtgMzOM',
191 silly reify   'C:\\laragon\\www\\system-school\\node_modules\\@eslint\\object-schema': 'C:\\laragon\\www\\system-school\\node_modules\\@eslint\\.object-schema-X2iHTpyO',
191 silly reify   'C:\\laragon\\www\\system-school\\node_modules\\@eslint\\plugin-kit': 'C:\\laragon\\www\\system-school\\node_modules\\@eslint\\.plugin-kit-V51d96X7',
191 silly reify   'C:\\laragon\\www\\system-school\\node_modules\\@eslint-community\\eslint-utils': 'C:\\laragon\\www\\system-school\\node_modules\\@eslint-community\\.eslint-utils-ipASh1D7',
191 silly reify   'C:\\laragon\\www\\system-school\\node_modules\\@eslint-community\\regexpp': 'C:\\laragon\\www\\system-school\\node_modules\\@eslint-community\\.regexpp-pEIoCTFv',
191 silly reify   'C:\\laragon\\www\\system-school\\node_modules\\@floating-ui\\core': 'C:\\laragon\\www\\system-school\\node_modules\\@floating-ui\\.core-bS2DXpel',
191 silly reify   'C:\\laragon\\www\\system-school\\node_modules\\@floating-ui\\dom': 'C:\\laragon\\www\\system-school\\node_modules\\@floating-ui\\.dom-M9E2feMd',
191 silly reify   'C:\\laragon\\www\\system-school\\node_modules\\@floating-ui\\react': 'C:\\laragon\\www\\system-school\\node_modules\\@floating-ui\\.react-vYdMLcrN',
191 silly reify   'C:\\laragon\\www\\system-school\\node_modules\\@floating-ui\\react-dom': 'C:\\laragon\\www\\system-school\\node_modules\\@floating-ui\\.react-dom-ojDpYlLl',
191 silly reify   'C:\\laragon\\www\\system-school\\node_modules\\@floating-ui\\utils': 'C:\\laragon\\www\\system-school\\node_modules\\@floating-ui\\.utils-GHthiiL1',
191 silly reify   'C:\\laragon\\www\\system-school\\node_modules\\@headlessui\\react': 'C:\\laragon\\www\\system-school\\node_modules\\@headlessui\\.react-InPJAH43',
191 silly reify   'C:\\laragon\\www\\system-school\\node_modules\\@humanfs\\core': 'C:\\laragon\\www\\system-school\\node_modules\\@humanfs\\.core-mpAFJlgu',
191 silly reify   'C:\\laragon\\www\\system-school\\node_modules\\@humanfs\\node': 'C:\\laragon\\www\\system-school\\node_modules\\@humanfs\\.node-kFb3fYeW',
191 silly reify   'C:\\laragon\\www\\system-school\\node_modules\\@humanwhocodes\\module-importer': 'C:\\laragon\\www\\system-school\\node_modules\\@humanwhocodes\\.module-importer-eotuh6fX',
191 silly reify   'C:\\laragon\\www\\system-school\\node_modules\\@humanwhocodes\\retry': 'C:\\laragon\\www\\system-school\\node_modules\\@humanwhocodes\\.retry-O7WAqYU9',
191 silly reify   'C:\\laragon\\www\\system-school\\node_modules\\@inertiajs\\core': 'C:\\laragon\\www\\system-school\\node_modules\\@inertiajs\\.core-iQETOEUX',
191 silly reify   'C:\\laragon\\www\\system-school\\node_modules\\@inertiajs\\react': 'C:\\laragon\\www\\system-school\\node_modules\\@inertiajs\\.react-4Z5ZSoJN',
191 silly reify   'C:\\laragon\\www\\system-school\\node_modules\\@isaacs\\fs-minipass': 'C:\\laragon\\www\\system-school\\node_modules\\@isaacs\\.fs-minipass-0lmPbHLT',
191 silly reify   'C:\\laragon\\www\\system-school\\node_modules\\@jridgewell\\gen-mapping': 'C:\\laragon\\www\\system-school\\node_modules\\@jridgewell\\.gen-mapping-AhXw9mtx',
191 silly reify   'C:\\laragon\\www\\system-school\\node_modules\\@jridgewell\\remapping': 'C:\\laragon\\www\\system-school\\node_modules\\@jridgewell\\.remapping-hpbWyJRk',
191 silly reify   'C:\\laragon\\www\\system-school\\node_modules\\@jridgewell\\resolve-uri': 'C:\\laragon\\www\\system-school\\node_modules\\@jridgewell\\.resolve-uri-anxMGoEL',
191 silly reify   'C:\\laragon\\www\\system-school\\node_modules\\@jridgewell\\sourcemap-codec': 'C:\\laragon\\www\\system-school\\node_modules\\@jridgewell\\.sourcemap-codec-CcH9mFU2',
191 silly reify   'C:\\laragon\\www\\system-school\\node_modules\\@jridgewell\\trace-mapping': 'C:\\laragon\\www\\system-school\\node_modules\\@jridgewell\\.trace-mapping-ep5o9uA5',
191 silly reify   'C:\\laragon\\www\\system-school\\node_modules\\@laravel\\vite-plugin-wayfinder': 'C:\\laragon\\www\\system-school\\node_modules\\@laravel\\.vite-plugin-wayfinder-8QuV0hQw',
191 silly reify   'C:\\laragon\\www\\system-school\\node_modules\\@nodelib\\fs.scandir': 'C:\\laragon\\www\\system-school\\node_modules\\@nodelib\\.fs.scandir-6w2w0jF4',
191 silly reify   'C:\\laragon\\www\\system-school\\node_modules\\@nodelib\\fs.stat': 'C:\\laragon\\www\\system-school\\node_modules\\@nodelib\\.fs.stat-Lv1BuO3M',
191 silly reify   'C:\\laragon\\www\\system-school\\node_modules\\@nodelib\\fs.walk': 'C:\\laragon\\www\\system-school\\node_modules\\@nodelib\\.fs.walk-SlV45ceK',
191 silly reify   'C:\\laragon\\www\\system-school\\node_modules\\@radix-ui\\number': 'C:\\laragon\\www\\system-school\\node_modules\\@radix-ui\\.number-VjIyi4lJ',
191 silly reify   'C:\\laragon\\www\\system-school\\node_modules\\@radix-ui\\react-arrow': 'C:\\laragon\\www\\system-school\\node_modules\\@radix-ui\\.react-arrow-rdrFRZmL',
191 silly reify   'C:\\laragon\\www\\system-school\\node_modules\\@radix-ui\\primitive': 'C:\\laragon\\www\\system-school\\node_modules\\@radix-ui\\.primitive-M1qM6vD5',
191 silly reify   'C:\\laragon\\www\\system-school\\node_modules\\@radix-ui\\react-avatar': 'C:\\laragon\\www\\system-school\\node_modules\\@radix-ui\\.react-avatar-DgewGX5U',
191 silly reify   'C:\\laragon\\www\\system-school\\node_modules\\@radix-ui\\react-checkbox': 'C:\\laragon\\www\\system-school\\node_modules\\@radix-ui\\.react-checkbox-V3MRS1y2',
191 silly reify   'C:\\laragon\\www\\system-school\\node_modules\\@radix-ui\\react-collapsible': 'C:\\laragon\\www\\system-school\\node_modules\\@radix-ui\\.react-collapsible-C0LkjLaz',
191 silly reify   'C:\\laragon\\www\\system-school\\node_modules\\@radix-ui\\react-collection': 'C:\\laragon\\www\\system-school\\node_modules\\@radix-ui\\.react-collection-F0FPDx8p',
191 silly reify   'C:\\laragon\\www\\system-school\\node_modules\\@radix-ui\\react-compose-refs': 'C:\\laragon\\www\\system-school\\node_modules\\@radix-ui\\.react-compose-refs-TqTMxHXa',
191 silly reify   'C:\\laragon\\www\\system-school\\node_modules\\@radix-ui\\react-context': 'C:\\laragon\\www\\system-school\\node_modules\\@radix-ui\\.react-context-vdJeTOn1',
191 silly reify   'C:\\laragon\\www\\system-school\\node_modules\\@radix-ui\\react-dialog': 'C:\\laragon\\www\\system-school\\node_modules\\@radix-ui\\.react-dialog-UI9CwSY5',
191 silly reify   'C:\\laragon\\www\\system-school\\node_modules\\@radix-ui\\react-direction': 'C:\\laragon\\www\\system-school\\node_modules\\@radix-ui\\.react-direction-Ol9xp2hn',
191 silly reify   'C:\\laragon\\www\\system-school\\node_modules\\@radix-ui\\react-dismissable-layer': 'C:\\laragon\\www\\system-school\\node_modules\\@radix-ui\\.react-dismissable-layer-zw8Eo679',
191 silly reify   'C:\\laragon\\www\\system-school\\node_modules\\@radix-ui\\react-dropdown-menu': 'C:\\laragon\\www\\system-school\\node_modules\\@radix-ui\\.react-dropdown-menu-5wVMVt6n',
191 silly reify   'C:\\laragon\\www\\system-school\\node_modules\\@radix-ui\\react-focus-guards': 'C:\\laragon\\www\\system-school\\node_modules\\@radix-ui\\.react-focus-guards-Vt30cG2C',
191 silly reify   'C:\\laragon\\www\\system-school\\node_modules\\@radix-ui\\react-focus-scope': 'C:\\laragon\\www\\system-school\\node_modules\\@radix-ui\\.react-focus-scope-TFG8mK2U',
191 silly reify   'C:\\laragon\\www\\system-school\\node_modules\\@radix-ui\\react-id': 'C:\\laragon\\www\\system-school\\node_modules\\@radix-ui\\.react-id-1B5ufxX0',
191 silly reify   'C:\\laragon\\www\\system-school\\node_modules\\@radix-ui\\react-label': 'C:\\laragon\\www\\system-school\\node_modules\\@radix-ui\\.react-label-TYYqyM1n',
191 silly reify   'C:\\laragon\\www\\system-school\\node_modules\\@radix-ui\\react-menu': 'C:\\laragon\\www\\system-school\\node_modules\\@radix-ui\\.react-menu-mqKzkMKo',
191 silly reify   'C:\\laragon\\www\\system-school\\node_modules\\@radix-ui\\react-navigation-menu': 'C:\\laragon\\www\\system-school\\node_modules\\@radix-ui\\.react-navigation-menu-Xz2Zk7WF',
191 silly reify   'C:\\laragon\\www\\system-school\\node_modules\\@radix-ui\\react-popover': 'C:\\laragon\\www\\system-school\\node_modules\\@radix-ui\\.react-popover-SlbJUgmD',
191 silly reify   'C:\\laragon\\www\\system-school\\node_modules\\@radix-ui\\react-popper': 'C:\\laragon\\www\\system-school\\node_modules\\@radix-ui\\.react-popper-eeAj4u80',
191 silly reify   'C:\\laragon\\www\\system-school\\node_modules\\@radix-ui\\react-portal': 'C:\\laragon\\www\\system-school\\node_modules\\@radix-ui\\.react-portal-M2Pz7qEx',
191 silly reify   'C:\\laragon\\www\\system-school\\node_modules\\@radix-ui\\react-presence': 'C:\\laragon\\www\\system-school\\node_modules\\@radix-ui\\.react-presence-xzNJpSxt',
191 silly reify   'C:\\laragon\\www\\system-school\\node_modules\\@radix-ui\\react-primitive': 'C:\\laragon\\www\\system-school\\node_modules\\@radix-ui\\.react-primitive-oLeWbUgM',
191 silly reify   'C:\\laragon\\www\\system-school\\node_modules\\@radix-ui\\react-roving-focus': 'C:\\laragon\\www\\system-school\\node_modules\\@radix-ui\\.react-roving-focus-AMMwoQST',
191 silly reify   'C:\\laragon\\www\\system-school\\node_modules\\@radix-ui\\react-select': 'C:\\laragon\\www\\system-school\\node_modules\\@radix-ui\\.react-select-kLGk5lN5',
191 silly reify   'C:\\laragon\\www\\system-school\\node_modules\\@radix-ui\\react-separator': 'C:\\laragon\\www\\system-school\\node_modules\\@radix-ui\\.react-separator-A4dr9CDm',
191 silly reify   'C:\\laragon\\www\\system-school\\node_modules\\@radix-ui\\react-toggle': 'C:\\laragon\\www\\system-school\\node_modules\\@radix-ui\\.react-toggle-EWFhcLds',
191 silly reify   'C:\\laragon\\www\\system-school\\node_modules\\@radix-ui\\react-slot': 'C:\\laragon\\www\\system-school\\node_modules\\@radix-ui\\.react-slot-czYHUXwC',
191 silly reify   'C:\\laragon\\www\\system-school\\node_modules\\@radix-ui\\react-toggle-group': 'C:\\laragon\\www\\system-school\\node_modules\\@radix-ui\\.react-toggle-group-Rh658r6I',
191 silly reify   'C:\\laragon\\www\\system-school\\node_modules\\@radix-ui\\react-tooltip': 'C:\\laragon\\www\\system-school\\node_modules\\@radix-ui\\.react-tooltip-HaaOraKP',
191 silly reify   'C:\\laragon\\www\\system-school\\node_modules\\@radix-ui\\react-use-callback-ref': 'C:\\laragon\\www\\system-school\\node_modules\\@radix-ui\\.react-use-callback-ref-k9xciipQ',
191 silly reify   'C:\\laragon\\www\\system-school\\node_modules\\@radix-ui\\react-use-controllable-state': 'C:\\laragon\\www\\system-school\\node_modules\\@radix-ui\\.react-use-controllable-state-oBM3p7ba',
191 silly reify   'C:\\laragon\\www\\system-school\\node_modules\\@radix-ui\\react-use-effect-event': 'C:\\laragon\\www\\system-school\\node_modules\\@radix-ui\\.react-use-effect-event-mKW4uOR7',
191 silly reify   'C:\\laragon\\www\\system-school\\node_modules\\@radix-ui\\react-use-escape-keydown': 'C:\\laragon\\www\\system-school\\node_modules\\@radix-ui\\.react-use-escape-keydown-VXUUNAg8',
191 silly reify   'C:\\laragon\\www\\system-school\\node_modules\\@radix-ui\\react-use-is-hydrated': 'C:\\laragon\\www\\system-school\\node_modules\\@radix-ui\\.react-use-is-hydrated-zCY3bJaX',
191 silly reify   'C:\\laragon\\www\\system-school\\node_modules\\@radix-ui\\react-use-layout-effect': 'C:\\laragon\\www\\system-school\\node_modules\\@radix-ui\\.react-use-layout-effect-AxXLychZ',
191 silly reify   'C:\\laragon\\www\\system-school\\node_modules\\@radix-ui\\react-use-previous': 'C:\\laragon\\www\\system-school\\node_modules\\@radix-ui\\.react-use-previous-9XPaz3pA',
191 silly reify   'C:\\laragon\\www\\system-school\\node_modules\\@radix-ui\\react-use-rect': 'C:\\laragon\\www\\system-school\\node_modules\\@radix-ui\\.react-use-rect-rMZmD7S6',
191 silly reify   'C:\\laragon\\www\\system-school\\node_modules\\@radix-ui\\react-use-size': 'C:\\laragon\\www\\system-school\\node_modules\\@radix-ui\\.react-use-size-m1bpyw7P',
191 silly reify   'C:\\laragon\\www\\system-school\\node_modules\\@radix-ui\\react-visually-hidden': 'C:\\laragon\\www\\system-school\\node_modules\\@radix-ui\\.react-visually-hidden-thIsuIro',
191 silly reify   'C:\\laragon\\www\\system-school\\node_modules\\@radix-ui\\rect': 'C:\\laragon\\www\\system-school\\node_modules\\@radix-ui\\.rect-UuCM72wk',
191 silly reify   'C:\\laragon\\www\\system-school\\node_modules\\@react-aria\\focus': 'C:\\laragon\\www\\system-school\\node_modules\\@react-aria\\.focus-nX1MqGWB',
191 silly reify   'C:\\laragon\\www\\system-school\\node_modules\\@react-aria\\ssr': 'C:\\laragon\\www\\system-school\\node_modules\\@react-aria\\.ssr-MiMp5fUO',
191 silly reify   'C:\\laragon\\www\\system-school\\node_modules\\@react-aria\\interactions': 'C:\\laragon\\www\\system-school\\node_modules\\@react-aria\\.interactions-iP8tGPD9',
191 silly reify   'C:\\laragon\\www\\system-school\\node_modules\\@react-aria\\utils': 'C:\\laragon\\www\\system-school\\node_modules\\@react-aria\\.utils-4CEcEmpq',
191 silly reify   'C:\\laragon\\www\\system-school\\node_modules\\@react-stately\\flags': 'C:\\laragon\\www\\system-school\\node_modules\\@react-stately\\.flags-lv9iXeOb',
191 silly reify   'C:\\laragon\\www\\system-school\\node_modules\\@react-stately\\utils': 'C:\\laragon\\www\\system-school\\node_modules\\@react-stately\\.utils-N1Y9TmJN',
191 silly reify   'C:\\laragon\\www\\system-school\\node_modules\\@react-types\\shared': 'C:\\laragon\\www\\system-school\\node_modules\\@react-types\\.shared-GHSex8Qx',
191 silly reify   'C:\\laragon\\www\\system-school\\node_modules\\@reduxjs\\toolkit': 'C:\\laragon\\www\\system-school\\node_modules\\@reduxjs\\.toolkit-tI0DFnhs',
191 silly reify   'C:\\laragon\\www\\system-school\\node_modules\\@rolldown\\pluginutils': 'C:\\laragon\\www\\system-school\\node_modules\\@rolldown\\.pluginutils-yIvOaSvb',
191 silly reify   'C:\\laragon\\www\\system-school\\node_modules\\@rollup\\rollup-android-arm-eabi': 'C:\\laragon\\www\\system-school\\node_modules\\@rollup\\.rollup-android-arm-eabi-JOuzbi8z',
191 silly reify   'C:\\laragon\\www\\system-school\\node_modules\\@rollup\\rollup-android-arm64': 'C:\\laragon\\www\\system-school\\node_modules\\@rollup\\.rollup-android-arm64-xSPKpP96',
191 silly reify   'C:\\laragon\\www\\system-school\\node_modules\\@rollup\\rollup-darwin-arm64': 'C:\\laragon\\www\\system-school\\node_modules\\@rollup\\.rollup-darwin-arm64-dUqFDRE3',
191 silly reify   'C:\\laragon\\www\\system-school\\node_modules\\@rollup\\rollup-darwin-x64': 'C:\\laragon\\www\\system-school\\node_modules\\@rollup\\.rollup-darwin-x64-PtLO8VV1',
191 silly reify   'C:\\laragon\\www\\system-school\\node_modules\\@rollup\\rollup-freebsd-arm64': 'C:\\laragon\\www\\system-school\\node_modules\\@rollup\\.rollup-freebsd-arm64-YiAyOizi',
191 silly reify   'C:\\laragon\\www\\system-school\\node_modules\\@rollup\\rollup-freebsd-x64': 'C:\\laragon\\www\\system-school\\node_modules\\@rollup\\.rollup-freebsd-x64-vvaGQdJI',
191 silly reify   'C:\\laragon\\www\\system-school\\node_modules\\@rollup\\rollup-linux-arm-gnueabihf': 'C:\\laragon\\www\\system-school\\node_modules\\@rollup\\.rollup-linux-arm-gnueabihf-SE44qQer',
191 silly reify   'C:\\laragon\\www\\system-school\\node_modules\\@rollup\\rollup-linux-arm-musleabihf': 'C:\\laragon\\www\\system-school\\node_modules\\@rollup\\.rollup-linux-arm-musleabihf-NJqH7DOZ',
191 silly reify   'C:\\laragon\\www\\system-school\\node_modules\\@rollup\\rollup-linux-arm64-gnu': 'C:\\laragon\\www\\system-school\\node_modules\\@rollup\\.rollup-linux-arm64-gnu-O7QyXe4r',
191 silly reify   'C:\\laragon\\www\\system-school\\node_modules\\@rollup\\rollup-linux-arm64-musl': 'C:\\laragon\\www\\system-school\\node_modules\\@rollup\\.rollup-linux-arm64-musl-mXTA5jhP',
191 silly reify   'C:\\laragon\\www\\system-school\\node_modules\\@rollup\\rollup-linux-loongarch64-gnu': 'C:\\laragon\\www\\system-school\\node_modules\\@rollup\\.rollup-linux-loongarch64-gnu-STmpMU84',
191 silly reify   'C:\\laragon\\www\\system-school\\node_modules\\@rollup\\rollup-linux-ppc64-gnu': 'C:\\laragon\\www\\system-school\\node_modules\\@rollup\\.rollup-linux-ppc64-gnu-cFHHvveX',
191 silly reify   'C:\\laragon\\www\\system-school\\node_modules\\@rollup\\rollup-linux-riscv64-gnu': 'C:\\laragon\\www\\system-school\\node_modules\\@rollup\\.rollup-linux-riscv64-gnu-AxOfh9aC',
191 silly reify   'C:\\laragon\\www\\system-school\\node_modules\\@rollup\\rollup-linux-riscv64-musl': 'C:\\laragon\\www\\system-school\\node_modules\\@rollup\\.rollup-linux-riscv64-musl-ttzI4Gck',
191 silly reify   'C:\\laragon\\www\\system-school\\node_modules\\@rollup\\rollup-linux-s390x-gnu': 'C:\\laragon\\www\\system-school\\node_modules\\@rollup\\.rollup-linux-s390x-gnu-cUxcOoG9',
191 silly reify   'C:\\laragon\\www\\system-school\\node_modules\\@rollup\\rollup-linux-x64-gnu': 'C:\\laragon\\www\\system-school\\node_modules\\@rollup\\.rollup-linux-x64-gnu-suAXjZtK',
191 silly reify   'C:\\laragon\\www\\system-school\\node_modules\\@rollup\\rollup-linux-x64-musl': 'C:\\laragon\\www\\system-school\\node_modules\\@rollup\\.rollup-linux-x64-musl-JcsCq4l6',
191 silly reify   'C:\\laragon\\www\\system-school\\node_modules\\@rollup\\rollup-win32-arm64-msvc': 'C:\\laragon\\www\\system-school\\node_modules\\@rollup\\.rollup-win32-arm64-msvc-lGhMQaQm',
191 silly reify   'C:\\laragon\\www\\system-school\\node_modules\\@rollup\\rollup-win32-ia32-msvc': 'C:\\laragon\\www\\system-school\\node_modules\\@rollup\\.rollup-win32-ia32-msvc-P1lNX60E',
191 silly reify   'C:\\laragon\\www\\system-school\\node_modules\\@rollup\\rollup-win32-x64-msvc': 'C:\\laragon\\www\\system-school\\node_modules\\@rollup\\.rollup-win32-x64-msvc-5fRjrGwv',
191 silly reify   'C:\\laragon\\www\\system-school\\node_modules\\@standard-schema\\spec': 'C:\\laragon\\www\\system-school\\node_modules\\@standard-schema\\.spec-FGOKgj2y',
191 silly reify   'C:\\laragon\\www\\system-school\\node_modules\\@swc\\helpers': 'C:\\laragon\\www\\system-school\\node_modules\\@swc\\.helpers-sfSyVTuC',
191 silly reify   'C:\\laragon\\www\\system-school\\node_modules\\@standard-schema\\utils': 'C:\\laragon\\www\\system-school\\node_modules\\@standard-schema\\.utils-jbMsaFeR',
191 silly reify   'C:\\laragon\\www\\system-school\\node_modules\\@tabby_ai\\hijri-converter': 'C:\\laragon\\www\\system-school\\node_modules\\@tabby_ai\\.hijri-converter-s44N1usX',
191 silly reify   'C:\\laragon\\www\\system-school\\node_modules\\@tailwindcss\\node': 'C:\\laragon\\www\\system-school\\node_modules\\@tailwindcss\\.node-kATTXHo4',
191 silly reify   'C:\\laragon\\www\\system-school\\node_modules\\@tailwindcss\\oxide': 'C:\\laragon\\www\\system-school\\node_modules\\@tailwindcss\\.oxide-LD2QAu64',
191 silly reify   'C:\\laragon\\www\\system-school\\node_modules\\@tailwindcss\\oxide-android-arm64': 'C:\\laragon\\www\\system-school\\node_modules\\@tailwindcss\\.oxide-android-arm64-jGXki8wu',
191 silly reify   'C:\\laragon\\www\\system-school\\node_modules\\@tailwindcss\\oxide-darwin-arm64': 'C:\\laragon\\www\\system-school\\node_modules\\@tailwindcss\\.oxide-darwin-arm64-OIxkcMKA',
191 silly reify   'C:\\laragon\\www\\system-school\\node_modules\\@tailwindcss\\oxide-darwin-x64': 'C:\\laragon\\www\\system-school\\node_modules\\@tailwindcss\\.oxide-darwin-x64-0BHAfi87',
191 silly reify   'C:\\laragon\\www\\system-school\\node_modules\\@tailwindcss\\oxide-freebsd-x64': 'C:\\laragon\\www\\system-school\\node_modules\\@tailwindcss\\.oxide-freebsd-x64-hRsjbf24',
191 silly reify   'C:\\laragon\\www\\system-school\\node_modules\\@tailwindcss\\oxide-linux-arm-gnueabihf': 'C:\\laragon\\www\\system-school\\node_modules\\@tailwindcss\\.oxide-linux-arm-gnueabihf-26UxI26e',
191 silly reify   'C:\\laragon\\www\\system-school\\node_modules\\@tailwindcss\\oxide-linux-arm64-gnu': 'C:\\laragon\\www\\system-school\\node_modules\\@tailwindcss\\.oxide-linux-arm64-gnu-sWLq9XYu',
191 silly reify   'C:\\laragon\\www\\system-school\\node_modules\\@tailwindcss\\oxide-linux-arm64-musl': 'C:\\laragon\\www\\system-school\\node_modules\\@tailwindcss\\.oxide-linux-arm64-musl-MMHFXLNw',
191 silly reify   'C:\\laragon\\www\\system-school\\node_modules\\@tailwindcss\\oxide-linux-x64-gnu': 'C:\\laragon\\www\\system-school\\node_modules\\@tailwindcss\\.oxide-linux-x64-gnu-85mlASQB',
191 silly reify   'C:\\laragon\\www\\system-school\\node_modules\\@tailwindcss\\oxide-linux-x64-musl': 'C:\\laragon\\www\\system-school\\node_modules\\@tailwindcss\\.oxide-linux-x64-musl-2RfjQJ5t',
191 silly reify   'C:\\laragon\\www\\system-school\\node_modules\\@tailwindcss\\oxide-wasm32-wasi': 'C:\\laragon\\www\\system-school\\node_modules\\@tailwindcss\\.oxide-wasm32-wasi-RDHN40Rh',
191 silly reify   'C:\\laragon\\www\\system-school\\node_modules\\@tailwindcss\\oxide-win32-arm64-msvc': 'C:\\laragon\\www\\system-school\\node_modules\\@tailwindcss\\.oxide-win32-arm64-msvc-ofSpTleX',
191 silly reify   'C:\\laragon\\www\\system-school\\node_modules\\@tailwindcss\\oxide-win32-x64-msvc': 'C:\\laragon\\www\\system-school\\node_modules\\@tailwindcss\\.oxide-win32-x64-msvc-RseSh6UK',
191 silly reify   'C:\\laragon\\www\\system-school\\node_modules\\lightningcss\\node_modules\\lightningcss-linux-x64-gnu': 'C:\\laragon\\www\\system-school\\node_modules\\lightningcss\\node_modules\\.lightningcss-linux-x64-gnu-5vCPRIcR'
191 silly reify }
192 verbose reify failed optional dependency C:\laragon\www\system-school\node_modules\@tailwindcss\oxide-wasm32-wasi
193 silly reify mark deleted [
193 silly reify   'C:\\laragon\\www\\system-school\\node_modules\\@tailwindcss\\oxide-wasm32-wasi'
193 silly reify ]
194 silly audit bulk request {
194 silly audit   '@babel/code-frame': [ '7.27.1' ],
194 silly audit   '@babel/compat-data': [ '7.28.0' ],
194 silly audit   '@babel/core': [ '7.28.4' ],
194 silly audit   '@babel/generator': [ '7.28.3' ],
194 silly audit   '@babel/helper-compilation-targets': [ '7.27.2' ],
194 silly audit   '@babel/helper-globals': [ '7.28.0' ],
194 silly audit   '@babel/helper-module-imports': [ '7.27.1' ],
194 silly audit   '@babel/helper-module-transforms': [ '7.28.3' ],
194 silly audit   '@babel/helper-plugin-utils': [ '7.27.1' ],
194 silly audit   '@babel/helper-string-parser': [ '7.27.1' ],
194 silly audit   '@babel/helper-validator-identifier': [ '7.27.1' ],
194 silly audit   '@babel/helper-validator-option': [ '7.27.1' ],
194 silly audit   '@babel/helpers': [ '7.28.4' ],
194 silly audit   '@babel/parser': [ '7.28.4' ],
194 silly audit   '@babel/plugin-transform-react-jsx-self': [ '7.27.1' ],
194 silly audit   '@babel/plugin-transform-react-jsx-source': [ '7.27.1' ],
194 silly audit   '@babel/template': [ '7.27.2' ],
194 silly audit   '@babel/traverse': [ '7.28.4' ],
194 silly audit   '@babel/types': [ '7.28.4' ],
194 silly audit   '@date-fns/tz': [ '1.4.1' ],
194 silly audit   '@esbuild/win32-x64': [ '0.25.9' ],
194 silly audit   '@eslint-community/eslint-utils': [ '4.7.0' ],
194 silly audit   'eslint-visitor-keys': [ '3.4.3', '4.2.1' ],
194 silly audit   '@eslint-community/regexpp': [ '4.12.1' ],
194 silly audit   '@eslint/config-array': [ '0.21.0' ],
194 silly audit   '@eslint/config-helpers': [ '0.3.1' ],
194 silly audit   '@eslint/core': [ '0.15.2' ],
194 silly audit   '@eslint/eslintrc': [ '3.3.1' ],
194 silly audit   globals: [ '14.0.0', '15.15.0' ],
194 silly audit   '@eslint/js': [ '9.33.0' ],
194 silly audit   '@eslint/object-schema': [ '2.1.6' ],
194 silly audit   '@eslint/plugin-kit': [ '0.3.5' ],
194 silly audit   '@floating-ui/core': [ '1.7.3' ],
194 silly audit   '@floating-ui/dom': [ '1.7.3' ],
194 silly audit   '@floating-ui/react': [ '0.26.28' ],
194 silly audit   '@floating-ui/react-dom': [ '2.1.5' ],
194 silly audit   '@floating-ui/utils': [ '0.2.10' ],
194 silly audit   '@headlessui/react': [ '2.2.7' ],
194 silly audit   '@humanfs/core': [ '0.19.1' ],
194 silly audit   '@humanfs/node': [ '0.16.6' ],
194 silly audit   '@humanwhocodes/retry': [ '0.3.1', '0.4.3' ],
194 silly audit   '@humanwhocodes/module-importer': [ '1.0.1' ],
194 silly audit   '@inertiajs/core': [ '2.1.4' ],
194 silly audit   '@inertiajs/react': [ '2.1.4' ],
194 silly audit   '@isaacs/fs-minipass': [ '4.0.1' ],
194 silly audit   '@jridgewell/gen-mapping': [ '0.3.13' ],
194 silly audit   '@jridgewell/remapping': [ '2.3.5' ],
194 silly audit   '@jridgewell/resolve-uri': [ '3.1.2' ],
194 silly audit   '@jridgewell/sourcemap-codec': [ '1.5.5' ],
194 silly audit   '@jridgewell/trace-mapping': [ '0.3.30' ],
194 silly audit   '@laravel/echo-react': [ '2.3.3' ],
194 silly audit   '@laravel/vite-plugin-wayfinder': [ '0.1.3' ],
194 silly audit   '@nodelib/fs.scandir': [ '2.1.5' ],
194 silly audit   '@nodelib/fs.stat': [ '2.0.5' ],
194 silly audit   '@nodelib/fs.walk': [ '1.2.8' ],
194 silly audit   '@radix-ui/number': [ '1.1.1' ],
194 silly audit   '@radix-ui/primitive': [ '1.1.3' ],
194 silly audit   '@radix-ui/react-arrow': [ '1.1.7' ],
194 silly audit   '@radix-ui/react-avatar': [ '1.1.10' ],
194 silly audit   '@radix-ui/react-checkbox': [ '1.3.3' ],
194 silly audit   '@radix-ui/react-collapsible': [ '1.1.12' ],
194 silly audit   '@radix-ui/react-collection': [ '1.1.7' ],
194 silly audit   '@radix-ui/react-compose-refs': [ '1.1.2' ],
194 silly audit   '@radix-ui/react-context': [ '1.1.2' ],
194 silly audit   '@radix-ui/react-dialog': [ '1.1.15' ],
194 silly audit   '@radix-ui/react-direction': [ '1.1.1' ],
194 silly audit   '@radix-ui/react-dismissable-layer': [ '1.1.11' ],
194 silly audit   '@radix-ui/react-dropdown-menu': [ '2.1.16' ],
194 silly audit   '@radix-ui/react-focus-guards': [ '1.1.3' ],
194 silly audit   '@radix-ui/react-focus-scope': [ '1.1.7' ],
194 silly audit   '@radix-ui/react-id': [ '1.1.1' ],
194 silly audit   '@radix-ui/react-label': [ '2.1.7' ],
194 silly audit   '@radix-ui/react-menu': [ '2.1.16' ],
194 silly audit   '@radix-ui/react-navigation-menu': [ '1.2.14' ],
194 silly audit   '@radix-ui/react-popover': [ '1.1.15' ],
194 silly audit   '@radix-ui/react-popper': [ '1.2.8' ],
194 silly audit   '@radix-ui/react-portal': [ '1.1.9' ],
194 silly audit   '@radix-ui/react-presence': [ '1.1.5' ],
194 silly audit   '@radix-ui/react-primitive': [ '2.1.3' ],
194 silly audit   '@radix-ui/react-roving-focus': [ '1.1.11' ],
194 silly audit   '@radix-ui/react-select': [ '2.2.6' ],
194 silly audit   '@radix-ui/react-separator': [ '1.1.7' ],
194 silly audit   '@radix-ui/react-slot': [ '1.2.3' ],
194 silly audit   '@radix-ui/react-toggle': [ '1.1.10' ],
194 silly audit   '@radix-ui/react-toggle-group': [ '1.1.11' ],
194 silly audit   '@radix-ui/react-tooltip': [ '1.2.8' ],
194 silly audit   '@radix-ui/react-use-callback-ref': [ '1.1.1' ],
194 silly audit   '@radix-ui/react-use-controllable-state': [ '1.2.2' ],
194 silly audit   '@radix-ui/react-use-effect-event': [ '0.0.2' ],
194 silly audit   '@radix-ui/react-use-escape-keydown': [ '1.1.1' ],
194 silly audit   '@radix-ui/react-use-is-hydrated': [ '0.1.0' ],
194 silly audit   '@radix-ui/react-use-layout-effect': [ '1.1.1' ],
194 silly audit   '@radix-ui/react-use-previous': [ '1.1.1' ],
194 silly audit   '@radix-ui/react-use-rect': [ '1.1.1' ],
194 silly audit   '@radix-ui/react-use-size': [ '1.1.1' ],
194 silly audit   '@radix-ui/react-visually-hidden': [ '1.2.3' ],
194 silly audit   '@radix-ui/rect': [ '1.1.1' ],
194 silly audit   '@react-aria/focus': [ '3.21.0' ],
194 silly audit   '@react-aria/interactions': [ '3.25.4' ],
194 silly audit   '@react-aria/ssr': [ '3.9.10' ],
194 silly audit   '@react-aria/utils': [ '3.30.0' ],
194 silly audit   '@react-stately/flags': [ '3.1.2' ],
194 silly audit   '@react-stately/utils': [ '3.10.8' ],
194 silly audit   '@react-types/shared': [ '3.31.0' ],
194 silly audit   '@reduxjs/toolkit': [ '2.11.2' ],
194 silly audit   immer: [ '11.1.6', '10.2.0' ],
194 silly audit   '@rolldown/pluginutils': [ '1.0.0-beta.38' ],
194 silly audit   '@rollup/rollup-android-arm-eabi': [ '4.46.2' ],
194 silly audit   '@rollup/rollup-android-arm64': [ '4.46.2' ],
194 silly audit   '@rollup/rollup-darwin-arm64': [ '4.46.2' ],
194 silly audit   '@rollup/rollup-darwin-x64': [ '4.46.2' ],
194 silly audit   '@rollup/rollup-freebsd-arm64': [ '4.46.2' ],
194 silly audit   '@rollup/rollup-freebsd-x64': [ '4.46.2' ],
194 silly audit   '@rollup/rollup-linux-arm-gnueabihf': [ '4.46.2' ],
194 silly audit   '@rollup/rollup-linux-arm-musleabihf': [ '4.46.2' ],
194 silly audit   '@rollup/rollup-linux-arm64-gnu': [ '4.46.2' ],
194 silly audit   '@rollup/rollup-linux-arm64-musl': [ '4.46.2' ],
194 silly audit   '@rollup/rollup-linux-loongarch64-gnu': [ '4.46.2' ],
194 silly audit   '@rollup/rollup-linux-ppc64-gnu': [ '4.46.2' ],
194 silly audit   '@rollup/rollup-linux-riscv64-gnu': [ '4.46.2' ],
194 silly audit   '@rollup/rollup-linux-riscv64-musl': [ '4.46.2' ],
194 silly audit   '@rollup/rollup-linux-s390x-gnu': [ '4.46.2' ],
194 silly audit   '@rollup/rollup-linux-x64-gnu': [ '4.9.5', '4.46.2' ],
194 silly audit   '@rollup/rollup-linux-x64-musl': [ '4.46.2' ],
194 silly audit   '@rollup/rollup-win32-arm64-msvc': [ '4.46.2' ],
194 silly audit   '@rollup/rollup-win32-ia32-msvc': [ '4.46.2' ],
194 silly audit   '@rollup/rollup-win32-x64-msvc': [ '4.9.5', '4.46.2' ],
194 silly audit   '@socket.io/component-emitter': [ '3.1.2' ],
194 silly audit   '@standard-schema/spec': [ '1.1.0' ],
194 silly audit   '@standard-schema/utils': [ '0.3.0' ],
194 silly audit   '@swc/helpers': [ '0.5.17' ],
194 silly audit   '@tabby_ai/hijri-converter': [ '1.0.5' ],
194 silly audit   '@tailwindcss/node': [ '4.1.12' ],
194 silly audit   '@tailwindcss/oxide': [ '4.1.12' ],
194 silly audit   '@tailwindcss/oxide-android-arm64': [ '4.1.12' ],
194 silly audit   '@tailwindcss/oxide-darwin-arm64': [ '4.1.12' ],
194 silly audit   '@tailwindcss/oxide-darwin-x64': [ '4.1.12' ],
194 silly audit   '@tailwindcss/oxide-freebsd-x64': [ '4.1.12' ],
194 silly audit   '@tailwindcss/oxide-linux-arm-gnueabihf': [ '4.1.12' ],
194 silly audit   '@tailwindcss/oxide-linux-arm64-gnu': [ '4.1.12' ],
194 silly audit   '@tailwindcss/oxide-linux-arm64-musl': [ '4.1.12' ],
194 silly audit   '@tailwindcss/oxide-linux-x64-gnu': [ '4.3.0', '4.1.12' ],
194 silly audit   '@tailwindcss/oxide-linux-x64-musl': [ '4.1.12' ],
194 silly audit   '@tailwindcss/oxide-win32-arm64-msvc': [ '4.1.12' ],
194 silly audit   '@tailwindcss/oxide-win32-x64-msvc': [ '4.1.12' ],
194 silly audit   '@tailwindcss/vite': [ '4.1.12' ],
194 silly audit   '@tanstack/react-virtual': [ '3.13.12' ],
194 silly audit   '@tanstack/virtual-core': [ '3.13.12' ],
194 silly audit   '@tiptap/core': [ '3.22.5' ],
194 silly audit   '@tiptap/extension-blockquote': [ '3.22.5' ],
194 silly audit   '@tiptap/extension-bold': [ '3.22.5' ],
194 silly audit   '@tiptap/extension-bubble-menu': [ '3.22.5' ],
194 silly audit   '@tiptap/extension-bullet-list': [ '3.22.5' ],
194 silly audit   '@tiptap/extension-code': [ '3.22.5' ],
194 silly audit   '@tiptap/extension-code-block': [ '3.22.5' ],
194 silly audit   '@tiptap/extension-color': [ '3.22.5' ],
194 silly audit   '@tiptap/extension-document': [ '3.22.5' ],
194 silly audit   '@tiptap/extension-dropcursor': [ '3.22.5' ],
194 silly audit   '@tiptap/extension-floating-menu': [ '3.22.5' ],
194 silly audit   '@tiptap/extension-font-family': [ '3.22.5' ],
194 silly audit   '@tiptap/extension-gapcursor': [ '3.22.5' ],
194 silly audit   '@tiptap/extension-hard-break': [ '3.22.5' ],
194 silly audit   '@tiptap/extension-heading': [ '3.22.5' ],
194 silly audit   '@tiptap/extension-highlight': [ '3.22.5' ],
194 silly audit   '@tiptap/extension-horizontal-rule': [ '3.22.5' ],
194 silly audit   '@tiptap/extension-image': [ '3.22.5' ],
194 silly audit   '@tiptap/extension-italic': [ '3.22.5' ],
194 silly audit   '@tiptap/extension-link': [ '3.22.5' ],
194 silly audit   '@tiptap/extension-list': [ '3.22.5' ],
194 silly audit   '@tiptap/extension-list-item': [ '3.22.5' ],
194 silly audit   '@tiptap/extension-list-keymap': [ '3.22.5' ],
194 silly audit   '@tiptap/extension-ordered-list': [ '3.22.5' ],
194 silly audit   '@tiptap/extension-paragraph': [ '3.22.5' ],
194 silly audit   '@tiptap/extension-strike': [ '3.22.5' ],
194 silly audit   '@tiptap/extension-text': [ '3.22.5' ],
194 silly audit   '@tiptap/extension-text-align': [ '3.22.5' ],
194 silly audit   '@tiptap/extension-text-style': [ '3.22.5' ],
194 silly audit   '@tiptap/extension-underline': [ '3.22.5' ],
194 silly audit   '@tiptap/extensions': [ '3.22.5' ],
194 silly audit   '@tiptap/pm': [ '3.22.5' ],
194 silly audit   '@tiptap/react': [ '3.22.5' ],
194 silly audit   '@tiptap/starter-kit': [ '3.22.5' ],
194 silly audit   '@types/babel__core': [ '7.20.5' ],
194 silly audit   '@types/babel__generator': [ '7.27.0' ],
194 silly audit   '@types/babel__template': [ '7.4.4' ],
194 silly audit   '@types/babel__traverse': [ '7.28.0' ],
194 silly audit   '@types/d3-array': [ '3.2.2' ],
194 silly audit   '@types/d3-color': [ '3.1.3' ],
194 silly audit   '@types/d3-ease': [ '3.0.2' ],
194 silly audit   '@types/d3-interpolate': [ '3.0.4' ],
194 silly audit   '@types/d3-path': [ '3.1.1' ],
194 silly audit   '@types/d3-scale': [ '4.0.9' ],
194 silly audit   '@types/d3-shape': [ '3.1.8' ],
194 silly audit   '@types/d3-time': [ '3.0.4' ],
194 silly audit   '@types/d3-timer': [ '3.0.2' ],
194 silly audit   '@types/estree': [ '1.0.8' ],
194 silly audit   '@types/json-schema': [ '7.0.15' ],
194 silly audit   '@types/lodash': [ '4.17.20' ],
194 silly audit   '@types/lodash-es': [ '4.17.12' ],
194 silly audit   '@types/node': [ '22.17.2' ],
194 silly audit   '@types/react': [ '19.2.2' ],
194 silly audit   '@types/react-dom': [ '19.2.1' ],
194 silly audit   '@types/use-sync-external-store': [ '0.0.6' ],
194 silly audit   '@typescript-eslint/eslint-plugin': [ '8.39.1' ],
194 silly audit   ignore: [ '7.0.5', '5.3.2' ],
194 silly audit   '@typescript-eslint/parser': [ '8.39.1' ],
194 silly audit   '@typescript-eslint/project-service': [ '8.39.1' ],
194 silly audit   '@typescript-eslint/scope-manager': [ '8.39.1' ],
194 silly audit   '@typescript-eslint/tsconfig-utils': [ '8.39.1' ],
194 silly audit   '@typescript-eslint/type-utils': [ '8.39.1' ],
194 silly audit   '@typescript-eslint/types': [ '8.39.1' ],
194 silly audit   '@typescript-eslint/typescript-estree': [ '8.39.1' ],
194 silly audit   'brace-expansion': [ '2.0.2', '1.1.12' ],
194 silly audit   minimatch: [ '9.0.5', '3.1.2' ],
194 silly audit   semver: [ '7.7.2', '6.3.1' ],
194 silly audit   '@typescript-eslint/utils': [ '8.39.1' ],
194 silly audit   '@typescript-eslint/visitor-keys': [ '8.39.1' ],
194 silly audit   '@vitejs/plugin-react': [ '5.0.4' ],
194 silly audit   '@xmldom/xmldom': [ '0.8.13' ],
194 silly audit   acorn: [ '8.15.0' ],
194 silly audit   'acorn-jsx': [ '5.3.2' ],
194 silly audit   ajv: [ '6.12.6' ],
194 silly audit   'ansi-regex': [ '5.0.1' ],
194 silly audit   'ansi-styles': [ '4.3.0' ],
194 silly audit   argparse: [ '2.0.1', '1.0.10' ],
194 silly audit   'aria-hidden': [ '1.2.6' ],
194 silly audit   'array-buffer-byte-length': [ '1.0.2' ],
194 silly audit   'array-includes': [ '3.1.9' ],
194 silly audit   'array.prototype.findlast': [ '1.2.5' ],
194 silly audit   'array.prototype.flat': [ '1.3.3' ],
194 silly audit   'array.prototype.flatmap': [ '1.3.3' ],
194 silly audit   'array.prototype.tosorted': [ '1.1.4' ],
194 silly audit   'arraybuffer.prototype.slice': [ '1.0.4' ],
194 silly audit   'async-function': [ '1.0.0' ],
194 silly audit   asynckit: [ '0.4.0' ],
194 silly audit   'available-typed-arrays': [ '1.0.7' ],
194 silly audit   axios: [ '1.12.2' ],
194 silly audit   'babel-plugin-react-compiler': [ '1.0.0' ],
194 silly audit   'balanced-match': [ '1.0.2' ],
194 silly audit   'base64-js': [ '1.5.1' ],
194 silly audit   bluebird: [ '3.4.7' ],
194 silly audit   braces: [ '3.0.3' ],
194 silly audit   browserslist: [ '4.25.2' ],
194 silly audit   'call-bind': [ '1.0.8' ],
194 silly audit   'call-bind-apply-helpers': [ '1.0.2' ],
194 silly audit   'call-bound': [ '1.0.4' ],
194 silly audit   callsites: [ '3.1.0' ],
194 silly audit   'caniuse-lite': [ '1.0.30001735' ],
194 silly audit   chalk: [ '4.1.2' ],
194 silly audit   'supports-color': [ '7.2.0', '8.1.1' ],
194 silly audit   chownr: [ '3.0.0' ],
194 silly audit   'class-variance-authority': [ '0.7.1' ],
194 silly audit   cliui: [ '8.0.1' ],
194 silly audit   clsx: [ '2.1.1' ],
194 silly audit   'color-convert': [ '2.0.1' ],
194 silly audit   'color-name': [ '1.1.4' ],
194 silly audit   'combined-stream': [ '1.0.8' ],
194 silly audit   'concat-map': [ '0.0.1' ],
194 silly audit   concurrently: [ '9.2.0' ],
194 silly audit   'convert-source-map': [ '2.0.0' ],
194 silly audit   'core-util-is': [ '1.0.3' ],
194 silly audit   'cross-spawn': [ '7.0.6' ],
194 silly audit   csstype: [ '3.1.3' ],
194 silly audit   'd3-array': [ '3.2.4' ],
194 silly audit   'd3-color': [ '3.1.0' ],
194 silly audit   'd3-ease': [ '3.0.1' ],
194 silly audit   'd3-format': [ '3.1.2' ],
194 silly audit   'd3-interpolate': [ '3.0.1' ],
194 silly audit   'd3-path': [ '3.1.0' ],
194 silly audit   'd3-scale': [ '4.0.2' ],
194 silly audit   'd3-shape': [ '3.2.0' ],
194 silly audit   'd3-time': [ '3.1.0' ],
194 silly audit   'd3-time-format': [ '4.1.0' ],
194 silly audit   'd3-timer': [ '3.0.1' ],
194 silly audit   'data-view-buffer': [ '1.0.2' ],
194 silly audit   'data-view-byte-length': [ '1.0.2' ],
194 silly audit   'data-view-byte-offset': [ '1.0.1' ],
194 silly audit   'date-fns': [ '4.1.0' ],
194 silly audit   'date-fns-jalali': [ '4.1.0-0' ],
194 silly audit   debug: [ '4.4.1' ],
194 silly audit   'decimal.js-light': [ '2.5.1' ],
194 silly audit   'deep-is': [ '0.1.4' ],
194 silly audit   'define-data-property': [ '1.1.4' ],
194 silly audit   'define-properties': [ '1.2.1' ],
194 silly audit   'delayed-stream': [ '1.0.0' ],
194 silly audit   'detect-libc': [ '2.0.4' ],
194 silly audit   'detect-node-es': [ '1.1.0' ],
194 silly audit   'dingbat-to-unicode': [ '1.0.1' ],
194 silly audit   doctrine: [ '2.1.0' ],
194 silly audit   'docx-preview': [ '0.3.7' ],
194 silly audit   duck: [ '0.1.12' ],
194 silly audit   'dunder-proto': [ '1.0.1' ],
194 silly audit   'electron-to-chromium': [ '1.5.202' ],
194 silly audit   'emoji-regex': [ '8.0.0' ],
194 silly audit   'engine.io-client': [ '6.6.5' ],
194 silly audit   'engine.io-parser': [ '5.2.3' ],
194 silly audit   'enhanced-resolve': [ '5.18.3' ],
194 silly audit   'es-abstract': [ '1.24.0' ],
194 silly audit   'es-define-property': [ '1.0.1' ],
194 silly audit   'es-errors': [ '1.3.0' ],
194 silly audit   'es-iterator-helpers': [ '1.2.1' ],
194 silly audit   'es-object-atoms': [ '1.1.1' ],
194 silly audit   'es-set-tostringtag': [ '2.1.0' ],
194 silly audit   'es-shim-unscopables': [ '1.1.0' ],
194 silly audit   'es-to-primitive': [ '1.3.0' ],
194 silly audit   'es-toolkit': [ '1.46.1' ],
194 silly audit   esbuild: [ '0.25.9' ],
194 silly audit   escalade: [ '3.2.0' ],
194 silly audit   'escape-string-regexp': [ '4.0.0' ],
194 silly audit   eslint: [ '9.33.0' ],
194 silly audit   'eslint-config-prettier': [ '10.1.8' ],
194 silly audit   'eslint-plugin-react': [ '7.37.5' ],
194 silly audit   'eslint-plugin-react-hooks': [ '7.0.0' ],
194 silly audit   'eslint-scope': [ '8.4.0' ],
194 silly audit   espree: [ '10.4.0' ],
194 silly audit   esquery: [ '1.6.0' ],
194 silly audit   esrecurse: [ '4.3.0' ],
194 silly audit   estraverse: [ '5.3.0' ],
194 silly audit   esutils: [ '2.0.3' ],
194 silly audit   eventemitter3: [ '5.0.4' ],
194 silly audit   'fast-deep-equal': [ '3.1.3' ],
194 silly audit   'fast-equals': [ '5.4.0' ],
194 silly audit   'fast-glob': [ '3.3.3' ],
194 silly audit   'glob-parent': [ '5.1.2', '6.0.2' ],
194 silly audit   'fast-json-stable-stringify': [ '2.1.0' ],
194 silly audit   'fast-levenshtein': [ '2.0.6' ],
194 silly audit   fastq: [ '1.19.1' ],
194 silly audit   'file-entry-cache': [ '8.0.0' ],
194 silly audit   'fill-range': [ '7.1.1' ],
194 silly audit   'find-up': [ '5.0.0' ],
194 silly audit   'flat-cache': [ '4.0.1' ],
194 silly audit   flatted: [ '3.3.3' ],
194 silly audit   'follow-redirects': [ '1.15.11' ],
194 silly audit   'for-each': [ '0.3.5' ],
194 silly audit   'form-data': [ '4.0.4' ],
194 silly audit   fsevents: [ '2.3.3' ],
194 silly audit   'function-bind': [ '1.1.2' ],
194 silly audit   'function.prototype.name': [ '1.1.8' ],
194 silly audit   'functions-have-names': [ '1.2.3' ],
194 silly audit   gensync: [ '1.0.0-beta.2' ],
194 silly audit   'get-caller-file': [ '2.0.5' ],
194 silly audit   'get-intrinsic': [ '1.3.0' ],
194 silly audit   'get-nonce': [ '1.0.1' ],
194 silly audit   'get-proto': [ '1.0.1' ],
194 silly audit   'get-symbol-description': [ '1.1.0' ],
194 silly audit   globalthis: [ '1.0.4' ],
194 silly audit   gopd: [ '1.2.0' ],
194 silly audit   'graceful-fs': [ '4.2.11' ],
194 silly audit   graphemer: [ '1.4.0' ],
194 silly audit   'has-bigints': [ '1.1.0' ],
194 silly audit   'has-flag': [ '4.0.0' ],
194 silly audit   'has-property-descriptors': [ '1.0.2' ],
194 silly audit   'has-proto': [ '1.2.0' ],
194 silly audit   'has-symbols': [ '1.1.0' ],
194 silly audit   'has-tostringtag': [ '1.0.2' ],
194 silly audit   hasown: [ '2.0.2' ],
194 silly audit   'hermes-estree': [ '0.25.1' ],
194 silly audit   'hermes-parser': [ '0.25.1' ],
194 silly audit   immediate: [ '3.0.6' ],
194 silly audit   'import-fresh': [ '3.3.1' ],
194 silly audit   imurmurhash: [ '0.1.4' ],
194 silly audit   inherits: [ '2.0.4' ],
194 silly audit   'input-otp': [ '1.4.2' ],
194 silly audit   'internal-slot': [ '1.1.0' ],
194 silly audit   internmap: [ '2.0.3' ],
194 silly audit   'is-array-buffer': [ '3.0.5' ],
194 silly audit   'is-async-function': [ '2.1.1' ],
194 silly audit   'is-bigint': [ '1.1.0' ],
194 silly audit   'is-boolean-object': [ '1.2.2' ],
194 silly audit   'is-callable': [ '1.2.7' ],
194 silly audit   'is-core-module': [ '2.16.1' ],
194 silly audit   'is-data-view': [ '1.0.2' ],
194 silly audit   'is-date-object': [ '1.1.0' ],
194 silly audit   'is-extglob': [ '2.1.1' ],
194 silly audit   'is-finalizationregistry': [ '1.1.1' ],
194 silly audit   'is-fullwidth-code-point': [ '3.0.0' ],
194 silly audit   'is-generator-function': [ '1.1.0' ],
194 silly audit   'is-glob': [ '4.0.3' ],
194 silly audit   'is-map': [ '2.0.3' ],
194 silly audit   'is-negative-zero': [ '2.0.3' ],
194 silly audit   'is-number': [ '7.0.0' ],
194 silly audit   'is-number-object': [ '1.1.1' ],
194 silly audit   'is-regex': [ '1.2.1' ],
194 silly audit   'is-set': [ '2.0.3' ],
194 silly audit   'is-shared-array-buffer': [ '1.0.4' ],
194 silly audit   'is-string': [ '1.1.1' ],
194 silly audit   'is-symbol': [ '1.1.1' ],
194 silly audit   'is-typed-array': [ '1.1.15' ],
194 silly audit   'is-weakmap': [ '2.0.2' ],
194 silly audit   'is-weakref': [ '1.1.1' ],
194 silly audit   'is-weakset': [ '2.0.4' ],
194 silly audit   isarray: [ '2.0.5', '1.0.0' ],
194 silly audit   isexe: [ '2.0.0' ],
194 silly audit   'iterator.prototype': [ '1.1.5' ],
194 silly audit   jiti: [ '2.5.1' ],
194 silly audit   'js-tokens': [ '4.0.0' ],
194 silly audit   'js-yaml': [ '4.1.1' ],
194 silly audit   jsesc: [ '3.1.0' ],
194 silly audit   'json-buffer': [ '3.0.1' ],
194 silly audit   'json-schema-traverse': [ '0.4.1' ],
194 silly audit   'json-stable-stringify-without-jsonify': [ '1.0.1' ],
194 silly audit   json5: [ '2.2.3' ],
194 silly audit   'jsx-ast-utils': [ '3.3.5' ],
194 silly audit   jszip: [ '3.10.1' ],
194 silly audit   keyv: [ '4.5.4' ],
194 silly audit   'laravel-echo': [ '2.3.4' ],
194 silly audit   'laravel-vite-plugin': [ '2.0.0' ],
194 silly audit   levn: [ '0.4.1' ],
194 silly audit   lie: [ '3.3.0' ],
194 silly audit   lightningcss: [ '1.30.1' ],
194 silly audit   'lightningcss-darwin-arm64': [ '1.30.1' ],
194 silly audit   'lightningcss-darwin-x64': [ '1.30.1' ],
194 silly audit   'lightningcss-freebsd-x64': [ '1.30.1' ],
194 silly audit   'lightningcss-linux-arm-gnueabihf': [ '1.30.1' ],
194 silly audit   'lightningcss-linux-arm64-gnu': [ '1.30.1' ],
194 silly audit   'lightningcss-linux-arm64-musl': [ '1.30.1' ],
194 silly audit   'lightningcss-linux-x64-gnu': [ '1.32.0', '1.30.1' ],
194 silly audit   'lightningcss-linux-x64-musl': [ '1.30.1' ],
194 silly audit   'lightningcss-win32-arm64-msvc': [ '1.30.1' ],
194 silly audit   'lightningcss-win32-x64-msvc': [ '1.30.1' ],
194 silly audit   linkifyjs: [ '4.3.2' ],
194 silly audit   'locate-path': [ '6.0.0' ],
194 silly audit   lodash: [ '4.17.21' ],
194 silly audit   'lodash-es': [ '4.17.21' ],
194 silly audit   'lodash.merge': [ '4.6.2' ],
194 silly audit   'loose-envify': [ '1.4.0' ],
194 silly audit   lop: [ '0.4.2' ],
194 silly audit   'lru-cache': [ '5.1.1' ],
194 silly audit   'lucide-react': [ '0.475.0' ],
194 silly audit   'magic-string': [ '0.30.17' ],
194 silly audit   mammoth: [ '1.12.0' ],
194 silly audit   'math-intrinsics': [ '1.1.0' ],
194 silly audit   merge2: [ '1.4.1' ],
194 silly audit   micromatch: [ '4.0.8' ],
194 silly audit   'mime-db': [ '1.52.0' ],
194 silly audit   'mime-types': [ '2.1.35' ],
194 silly audit   minipass: [ '7.1.2' ],
194 silly audit   minizlib: [ '3.0.2' ],
194 silly audit   mkdirp: [ '3.0.1' ],
194 silly audit   ms: [ '2.1.3' ],
194 silly audit   nanoid: [ '3.3.11' ],
194 silly audit   'natural-compare': [ '1.4.0' ],
194 silly audit   'node-releases': [ '2.0.19' ],
194 silly audit   'object-assign': [ '4.1.1' ],
194 silly audit   'object-inspect': [ '1.13.4' ],
194 silly audit   'object-keys': [ '1.1.1' ],
194 silly audit   'object.assign': [ '4.1.7' ],
194 silly audit   'object.entries': [ '1.1.9' ],
194 silly audit   'object.fromentries': [ '2.0.8' ],
194 silly audit   'object.values': [ '1.2.1' ],
194 silly audit   option: [ '0.2.4' ],
194 silly audit   optionator: [ '0.9.4' ],
194 silly audit   orderedmap: [ '2.1.1' ],
194 silly audit   'own-keys': [ '1.0.1' ],
194 silly audit   'p-limit': [ '3.1.0' ],
194 silly audit   'p-locate': [ '5.0.0' ],
194 silly audit   pako: [ '1.0.11' ],
194 silly audit   'parent-module': [ '1.0.1' ],
194 silly audit   'path-exists': [ '4.0.0' ],
194 silly audit   'path-is-absolute': [ '1.0.1' ],
194 silly audit   'path-key': [ '3.1.1' ],
194 silly audit   'path-parse': [ '1.0.7' ],
194 silly audit   picocolors: [ '1.1.1' ],
194 silly audit   picomatch: [ '2.3.1', '4.0.3' ],
194 silly audit   'possible-typed-array-names': [ '1.1.0' ],
194 silly audit   postcss: [ '8.5.6' ],
194 silly audit   'prelude-ls': [ '1.2.1' ],
194 silly audit   prettier: [ '3.6.2' ],
194 silly audit   'prettier-plugin-organize-imports': [ '4.2.0' ],
194 silly audit   'prettier-plugin-tailwindcss': [ '0.6.14' ],
194 silly audit   'process-nextick-args': [ '2.0.1' ],
194 silly audit   'prop-types': [ '15.8.1' ],
194 silly audit   'prosemirror-changeset': [ '2.4.1' ],
194 silly audit   'prosemirror-commands': [ '1.7.1' ],
194 silly audit   'prosemirror-dropcursor': [ '1.8.2' ],
194 silly audit   'prosemirror-gapcursor': [ '1.4.1' ],
194 silly audit   'prosemirror-history': [ '1.5.0' ],
194 silly audit   'prosemirror-keymap': [ '1.2.3' ],
194 silly audit   'prosemirror-model': [ '1.25.4' ],
194 silly audit   'prosemirror-schema-list': [ '1.5.1' ],
194 silly audit   'prosemirror-state': [ '1.4.4' ],
194 silly audit   'prosemirror-tables': [ '1.8.5' ],
194 silly audit   'prosemirror-transform': [ '1.12.0' ],
194 silly audit   'prosemirror-view': [ '1.41.8' ],
194 silly audit   'proxy-from-env': [ '1.1.0' ],
194 silly audit   punycode: [ '2.3.1' ],
194 silly audit   'pusher-js': [ '8.5.0' ],
194 silly audit   qs: [ '6.14.0' ],
194 silly audit   'queue-microtask': [ '1.2.3' ],
194 silly audit   react: [ '19.2.0' ],
194 silly audit   'react-day-picker': [ '9.14.0' ],
194 silly audit   'react-dom': [ '19.2.0' ],
194 silly audit   'react-is': [ '16.13.1' ],
194 silly audit   'react-redux': [ '9.2.0' ],
194 silly audit   'react-refresh': [ '0.17.0' ],
194 silly audit   'react-remove-scroll': [ '2.7.1' ],
194 silly audit   'react-remove-scroll-bar': [ '2.3.8' ],
194 silly audit   'react-style-singleton': [ '2.2.3' ],
194 silly audit   'readable-stream': [ '2.3.8' ],
194 silly audit   recharts: [ '3.8.1' ],
194 silly audit   redux: [ '5.0.1' ],
194 silly audit   'redux-thunk': [ '3.1.0' ],
194 silly audit   'reflect.getprototypeof': [ '1.0.10' ],
194 silly audit   'regexp.prototype.flags': [ '1.5.4' ],
194 silly audit   'require-directory': [ '2.1.1' ],
194 silly audit   reselect: [ '5.1.1' ],
194 silly audit   resolve: [ '2.0.0-next.5' ],
194 silly audit   'resolve-from': [ '4.0.0' ],
194 silly audit   reusify: [ '1.1.0' ],
194 silly audit   rollup: [ '4.46.2' ],
194 silly audit   'rope-sequence': [ '1.3.4' ],
194 silly audit   'run-parallel': [ '1.2.0' ],
194 silly audit   rxjs: [ '7.8.2' ],
194 silly audit   'safe-array-concat': [ '1.1.3' ],
194 silly audit   'safe-buffer': [ '5.1.2' ],
194 silly audit   'safe-push-apply': [ '1.0.0' ],
194 silly audit   'safe-regex-test': [ '1.1.0' ],
194 silly audit   scheduler: [ '0.27.0' ],
194 silly audit   'set-function-length': [ '1.2.2' ],
194 silly audit   'set-function-name': [ '2.0.2' ],
194 silly audit   'set-proto': [ '1.0.0' ],
194 silly audit   setimmediate: [ '1.0.5' ],
194 silly audit   'shebang-command': [ '2.0.0' ],
194 silly audit   'shebang-regex': [ '3.0.0' ],
194 silly audit   'shell-quote': [ '1.8.3' ],
194 silly audit   'side-channel': [ '1.1.0' ],
194 silly audit   'side-channel-list': [ '1.0.0' ],
194 silly audit   'side-channel-map': [ '1.0.1' ],
194 silly audit   'side-channel-weakmap': [ '1.0.2' ],
194 silly audit   'socket.io-client': [ '4.8.3' ],
194 silly audit   'socket.io-parser': [ '4.2.6' ],
194 silly audit   sonner: [ '2.0.7' ],
194 silly audit   'source-map-js': [ '1.2.1' ],
194 silly audit   'sprintf-js': [ '1.0.3' ],
194 silly audit   'stop-iteration-iterator': [ '1.1.0' ],
194 silly audit   string_decoder: [ '1.1.1' ],
194 silly audit   'string-width': [ '4.2.3' ],
194 silly audit   'string.prototype.matchall': [ '4.0.12' ],
194 silly audit   'string.prototype.repeat': [ '1.0.0' ],
194 silly audit   'string.prototype.trim': [ '1.2.10' ],
194 silly audit   'string.prototype.trimend': [ '1.0.9' ],
194 silly audit   'string.prototype.trimstart': [ '1.0.8' ],
194 silly audit   'strip-ansi': [ '6.0.1' ],
194 silly audit   'strip-json-comments': [ '3.1.1' ],
194 silly audit   'supports-preserve-symlinks-flag': [ '1.0.0' ],
194 silly audit   tabbable: [ '6.2.0' ],
194 silly audit   'tailwind-merge': [ '3.3.1' ],
194 silly audit   tailwindcss: [ '4.1.12' ],
194 silly audit   tapable: [ '2.2.2' ],
194 silly audit   tar: [ '7.4.3' ],
194 silly audit   yallist: [ '5.0.0', '3.1.1' ],
194 silly audit   'tiny-invariant': [ '1.3.3' ],
194 silly audit   tinyglobby: [ '0.2.15' ],
194 silly audit   fdir: [ '6.5.0' ],
194 silly audit   'to-regex-range': [ '5.0.1' ],
194 silly audit   'tree-kill': [ '1.2.2' ],
194 silly audit   'ts-api-utils': [ '2.1.0' ],
194 silly audit   tslib: [ '2.8.1' ],
194 silly audit   'tw-animate-css': [ '1.4.0' ],
194 silly audit   tweetnacl: [ '1.0.3' ],
194 silly audit   'type-check': [ '0.4.0' ],
194 silly audit   'typed-array-buffer': [ '1.0.3' ],
194 silly audit   'typed-array-byte-length': [ '1.0.3' ],
194 silly audit   'typed-array-byte-offset': [ '1.0.4' ],
194 silly audit   'typed-array-length': [ '1.0.7' ],
194 silly audit   typescript: [ '5.9.2' ],
194 silly audit   'typescript-eslint': [ '8.39.1' ],
194 silly audit   'unbox-primitive': [ '1.1.0' ],
194 silly audit   underscore: [ '1.13.8' ],
194 silly audit   'undici-types': [ '6.21.0' ],
194 silly audit   'update-browserslist-db': [ '1.1.3' ],
194 silly audit   'uri-js': [ '4.4.1' ],
194 silly audit   'use-callback-ref': [ '1.3.3' ],
194 silly audit   'use-sidecar': [ '1.1.3' ],
194 silly audit   'use-sync-external-store': [ '1.5.0' ],
194 silly audit   'util-deprecate': [ '1.0.2' ],
194 silly audit   'victory-vendor': [ '37.3.6' ],
194 silly audit   vite: [ '7.2.7' ],
194 silly audit   'vite-plugin-full-reload': [ '1.2.0' ],
194 silly audit   'w3c-keyname': [ '2.2.8' ],
194 silly audit   which: [ '2.0.2' ],
194 silly audit   'which-boxed-primitive': [ '1.1.1' ],
194 silly audit   'which-builtin-type': [ '1.2.1' ],
194 silly audit   'which-collection': [ '1.0.2' ],
194 silly audit   'which-typed-array': [ '1.1.19' ],
194 silly audit   'word-wrap': [ '1.2.5' ],
194 silly audit   'wrap-ansi': [ '7.0.0' ],
194 silly audit   ws: [ '8.20.1' ],
194 silly audit   xmlbuilder: [ '10.1.1' ],
194 silly audit   'xmlhttprequest-ssl': [ '2.1.2' ],
194 silly audit   y18n: [ '5.0.8' ],
194 silly audit   yargs: [ '17.7.2' ],
194 silly audit   'yargs-parser': [ '21.1.1' ],
194 silly audit   'yocto-queue': [ '0.1.0' ],
194 silly audit   zod: [ '4.1.12' ],
194 silly audit   'zod-validation-error': [ '4.0.2' ],
194 silly audit   '@tailwindcss/oxide-wasm32-wasi': [ '4.1.12' ]
194 silly audit }
195 verbose reify failed optional dependency C:\laragon\www\system-school\node_modules\lightningcss\node_modules\lightningcss-linux-x64-gnu
196 silly reify mark deleted [
196 silly reify   'C:\\laragon\\www\\system-school\\node_modules\\lightningcss\\node_modules\\lightningcss-linux-x64-gnu'
196 silly reify ]
197 verbose reify failed optional dependency C:\laragon\www\system-school\node_modules\@tailwindcss\oxide-win32-arm64-msvc
198 silly reify mark deleted [
198 silly reify   'C:\\laragon\\www\\system-school\\node_modules\\@tailwindcss\\oxide-win32-arm64-msvc'
198 silly reify ]
199 verbose reify failed optional dependency C:\laragon\www\system-school\node_modules\@tailwindcss\oxide-linux-x64-musl
200 silly reify mark deleted [
200 silly reify   'C:\\laragon\\www\\system-school\\node_modules\\@tailwindcss\\oxide-linux-x64-musl'
200 silly reify ]
201 verbose reify failed optional dependency C:\laragon\www\system-school\node_modules\@tailwindcss\oxide-linux-x64-gnu
202 silly reify mark deleted [
202 silly reify   'C:\\laragon\\www\\system-school\\node_modules\\@tailwindcss\\oxide-linux-x64-gnu'
202 silly reify ]
203 verbose reify failed optional dependency C:\laragon\www\system-school\node_modules\@tailwindcss\oxide-linux-arm64-musl
204 silly reify mark deleted [
204 silly reify   'C:\\laragon\\www\\system-school\\node_modules\\@tailwindcss\\oxide-linux-arm64-musl'
204 silly reify ]
205 verbose reify failed optional dependency C:\laragon\www\system-school\node_modules\@tailwindcss\oxide-linux-arm64-gnu
206 silly reify mark deleted [
206 silly reify   'C:\\laragon\\www\\system-school\\node_modules\\@tailwindcss\\oxide-linux-arm64-gnu'
206 silly reify ]
207 verbose reify failed optional dependency C:\laragon\www\system-school\node_modules\@tailwindcss\oxide-linux-arm-gnueabihf
208 silly reify mark deleted [
208 silly reify   'C:\\laragon\\www\\system-school\\node_modules\\@tailwindcss\\oxide-linux-arm-gnueabihf'
208 silly reify ]
209 verbose reify failed optional dependency C:\laragon\www\system-school\node_modules\@tailwindcss\oxide-freebsd-x64
210 silly reify mark deleted [
210 silly reify   'C:\\laragon\\www\\system-school\\node_modules\\@tailwindcss\\oxide-freebsd-x64'
210 silly reify ]
211 verbose reify failed optional dependency C:\laragon\www\system-school\node_modules\@tailwindcss\oxide-darwin-x64
212 silly reify mark deleted [
212 silly reify   'C:\\laragon\\www\\system-school\\node_modules\\@tailwindcss\\oxide-darwin-x64'
212 silly reify ]
213 verbose reify failed optional dependency C:\laragon\www\system-school\node_modules\@tailwindcss\oxide-darwin-arm64
214 silly reify mark deleted [
214 silly reify   'C:\\laragon\\www\\system-school\\node_modules\\@tailwindcss\\oxide-darwin-arm64'
214 silly reify ]
215 verbose reify failed optional dependency C:\laragon\www\system-school\node_modules\@tailwindcss\oxide-android-arm64
216 silly reify mark deleted [
216 silly reify   'C:\\laragon\\www\\system-school\\node_modules\\@tailwindcss\\oxide-android-arm64'
216 silly reify ]
217 verbose reify failed optional dependency C:\laragon\www\system-school\node_modules\@tailwindcss\oxide\node_modules\@tailwindcss\oxide-linux-x64-gnu
218 silly reify mark deleted [
218 silly reify   'C:\\laragon\\www\\system-school\\node_modules\\@tailwindcss\\oxide\\node_modules\\@tailwindcss\\oxide-linux-x64-gnu'
218 silly reify ]
219 verbose reify failed optional dependency C:\laragon\www\system-school\node_modules\@rollup\rollup-win32-ia32-msvc
220 silly reify mark deleted [
220 silly reify   'C:\\laragon\\www\\system-school\\node_modules\\@rollup\\rollup-win32-ia32-msvc'
220 silly reify ]
221 verbose reify failed optional dependency C:\laragon\www\system-school\node_modules\@rollup\rollup-win32-arm64-msvc
222 silly reify mark deleted [
222 silly reify   'C:\\laragon\\www\\system-school\\node_modules\\@rollup\\rollup-win32-arm64-msvc'
222 silly reify ]
223 verbose reify failed optional dependency C:\laragon\www\system-school\node_modules\@rollup\rollup-linux-x64-musl
224 silly reify mark deleted [
224 silly reify   'C:\\laragon\\www\\system-school\\node_modules\\@rollup\\rollup-linux-x64-musl'
224 silly reify ]
225 verbose reify failed optional dependency C:\laragon\www\system-school\node_modules\@rollup\rollup-linux-x64-gnu
226 silly reify mark deleted [
226 silly reify   'C:\\laragon\\www\\system-school\\node_modules\\@rollup\\rollup-linux-x64-gnu'
226 silly reify ]
227 verbose reify failed optional dependency C:\laragon\www\system-school\node_modules\@rollup\rollup-linux-s390x-gnu
228 silly reify mark deleted [
228 silly reify   'C:\\laragon\\www\\system-school\\node_modules\\@rollup\\rollup-linux-s390x-gnu'
228 silly reify ]
229 verbose reify failed optional dependency C:\laragon\www\system-school\node_modules\@rollup\rollup-linux-riscv64-musl
230 silly reify mark deleted [
230 silly reify   'C:\\laragon\\www\\system-school\\node_modules\\@rollup\\rollup-linux-riscv64-musl'
230 silly reify ]
231 verbose reify failed optional dependency C:\laragon\www\system-school\node_modules\@rollup\rollup-linux-riscv64-gnu
232 silly reify mark deleted [
232 silly reify   'C:\\laragon\\www\\system-school\\node_modules\\@rollup\\rollup-linux-riscv64-gnu'
232 silly reify ]
233 verbose reify failed optional dependency C:\laragon\www\system-school\node_modules\@rollup\rollup-linux-ppc64-gnu
234 silly reify mark deleted [
234 silly reify   'C:\\laragon\\www\\system-school\\node_modules\\@rollup\\rollup-linux-ppc64-gnu'
234 silly reify ]
235 verbose reify failed optional dependency C:\laragon\www\system-school\node_modules\@rollup\rollup-linux-loongarch64-gnu
236 silly reify mark deleted [
236 silly reify   'C:\\laragon\\www\\system-school\\node_modules\\@rollup\\rollup-linux-loongarch64-gnu'
236 silly reify ]
237 verbose reify failed optional dependency C:\laragon\www\system-school\node_modules\@rollup\rollup-linux-arm64-musl
238 silly reify mark deleted [
238 silly reify   'C:\\laragon\\www\\system-school\\node_modules\\@rollup\\rollup-linux-arm64-musl'
238 silly reify ]
239 verbose reify failed optional dependency C:\laragon\www\system-school\node_modules\@rollup\rollup-linux-arm64-gnu
240 silly reify mark deleted [
240 silly reify   'C:\\laragon\\www\\system-school\\node_modules\\@rollup\\rollup-linux-arm64-gnu'
240 silly reify ]
241 verbose reify failed optional dependency C:\laragon\www\system-school\node_modules\@rollup\rollup-linux-arm-musleabihf
242 silly reify mark deleted [
242 silly reify   'C:\\laragon\\www\\system-school\\node_modules\\@rollup\\rollup-linux-arm-musleabihf'
242 silly reify ]
243 verbose reify failed optional dependency C:\laragon\www\system-school\node_modules\@rollup\rollup-linux-arm-gnueabihf
244 silly reify mark deleted [
244 silly reify   'C:\\laragon\\www\\system-school\\node_modules\\@rollup\\rollup-linux-arm-gnueabihf'
244 silly reify ]
245 verbose reify failed optional dependency C:\laragon\www\system-school\node_modules\@rollup\rollup-freebsd-x64
246 silly reify mark deleted [
246 silly reify   'C:\\laragon\\www\\system-school\\node_modules\\@rollup\\rollup-freebsd-x64'
246 silly reify ]
247 verbose reify failed optional dependency C:\laragon\www\system-school\node_modules\@rollup\rollup-freebsd-arm64
248 silly reify mark deleted [
248 silly reify   'C:\\laragon\\www\\system-school\\node_modules\\@rollup\\rollup-freebsd-arm64'
248 silly reify ]
249 verbose reify failed optional dependency C:\laragon\www\system-school\node_modules\@rollup\rollup-darwin-x64
250 silly reify mark deleted [
250 silly reify   'C:\\laragon\\www\\system-school\\node_modules\\@rollup\\rollup-darwin-x64'
250 silly reify ]
251 verbose reify failed optional dependency C:\laragon\www\system-school\node_modules\@rollup\rollup-darwin-arm64
252 silly reify mark deleted [
252 silly reify   'C:\\laragon\\www\\system-school\\node_modules\\@rollup\\rollup-darwin-arm64'
252 silly reify ]
253 verbose reify failed optional dependency C:\laragon\www\system-school\node_modules\@rollup\rollup-android-arm64
254 silly reify mark deleted [
254 silly reify   'C:\\laragon\\www\\system-school\\node_modules\\@rollup\\rollup-android-arm64'
254 silly reify ]
255 verbose reify failed optional dependency C:\laragon\www\system-school\node_modules\@rollup\rollup-android-arm-eabi
256 silly reify mark deleted [
256 silly reify   'C:\\laragon\\www\\system-school\\node_modules\\@rollup\\rollup-android-arm-eabi'
256 silly reify ]
257 verbose reify failed optional dependency C:\laragon\www\system-school\node_modules\rollup\node_modules\@rollup\rollup-linux-x64-gnu
258 silly reify mark deleted [
258 silly reify   'C:\\laragon\\www\\system-school\\node_modules\\rollup\\node_modules\\@rollup\\rollup-linux-x64-gnu'
258 silly reify ]
259 verbose reify failed optional dependency C:\laragon\www\system-school\node_modules\lightningcss-win32-arm64-msvc
260 silly reify mark deleted [
260 silly reify   'C:\\laragon\\www\\system-school\\node_modules\\lightningcss-win32-arm64-msvc'
260 silly reify ]
261 verbose reify failed optional dependency C:\laragon\www\system-school\node_modules\lightningcss-linux-x64-musl
262 silly reify mark deleted [
262 silly reify   'C:\\laragon\\www\\system-school\\node_modules\\lightningcss-linux-x64-musl'
262 silly reify ]
263 verbose reify failed optional dependency C:\laragon\www\system-school\node_modules\lightningcss-linux-x64-gnu
264 silly reify mark deleted [
264 silly reify   'C:\\laragon\\www\\system-school\\node_modules\\lightningcss-linux-x64-gnu'
264 silly reify ]
265 verbose reify failed optional dependency C:\laragon\www\system-school\node_modules\lightningcss-linux-arm64-musl
266 silly reify mark deleted [
266 silly reify   'C:\\laragon\\www\\system-school\\node_modules\\lightningcss-linux-arm64-musl'
266 silly reify ]
267 verbose reify failed optional dependency C:\laragon\www\system-school\node_modules\lightningcss-linux-arm64-gnu
268 silly reify mark deleted [
268 silly reify   'C:\\laragon\\www\\system-school\\node_modules\\lightningcss-linux-arm64-gnu'
268 silly reify ]
269 verbose reify failed optional dependency C:\laragon\www\system-school\node_modules\lightningcss-linux-arm-gnueabihf
270 silly reify mark deleted [
270 silly reify   'C:\\laragon\\www\\system-school\\node_modules\\lightningcss-linux-arm-gnueabihf'
270 silly reify ]
271 verbose reify failed optional dependency C:\laragon\www\system-school\node_modules\lightningcss-freebsd-x64
272 silly reify mark deleted [
272 silly reify   'C:\\laragon\\www\\system-school\\node_modules\\lightningcss-freebsd-x64'
272 silly reify ]
273 verbose reify failed optional dependency C:\laragon\www\system-school\node_modules\lightningcss-darwin-x64
274 silly reify mark deleted [
274 silly reify   'C:\\laragon\\www\\system-school\\node_modules\\lightningcss-darwin-x64'
274 silly reify ]
275 verbose reify failed optional dependency C:\laragon\www\system-school\node_modules\lightningcss-darwin-arm64
276 silly reify mark deleted [
276 silly reify   'C:\\laragon\\www\\system-school\\node_modules\\lightningcss-darwin-arm64'
276 silly reify ]
277 verbose reify failed optional dependency C:\laragon\www\system-school\node_modules\fsevents
278 silly reify mark deleted [ 'C:\\laragon\\www\\system-school\\node_modules\\fsevents' ]
279 silly audit bulk request failed undefined
280 silly packumentCache corgi:https://registry.npmjs.org/@standard-schema%2futils cache-miss
281 silly packumentCache corgi:https://registry.npmjs.org/@tabby_ai%2fhijri-converter cache-miss
282 silly packumentCache corgi:https://registry.npmjs.org/@tailwindcss%2foxide-win32-x64-msvc cache-miss
283 silly packumentCache corgi:https://registry.npmjs.org/@tailwindcss%2fnode cache-miss
284 silly packumentCache corgi:https://registry.npmjs.org/@swc%2fhelpers cache-miss
285 silly packumentCache corgi:https://registry.npmjs.org/@tailwindcss%2foxide cache-miss
286 silly packumentCache corgi:https://registry.npmjs.org/@rollup%2frollup-win32-x64-msvc cache-miss
287 silly packumentCache corgi:https://registry.npmjs.org/@standard-schema%2fspec cache-miss
288 silly packumentCache corgi:https://registry.npmjs.org/@rolldown%2fpluginutils cache-miss
289 silly packumentCache corgi:https://registry.npmjs.org/@reduxjs%2ftoolkit cache-miss
290 silly packumentCache corgi:https://registry.npmjs.org/@react-types%2fshared cache-miss
291 silly packumentCache corgi:https://registry.npmjs.org/@react-aria%2futils cache-miss
292 silly packumentCache corgi:https://registry.npmjs.org/@react-stately%2fflags cache-miss
293 silly packumentCache corgi:https://registry.npmjs.org/@react-aria%2finteractions cache-miss
294 silly packumentCache corgi:https://registry.npmjs.org/@react-aria%2fssr cache-miss
295 silly packumentCache corgi:https://registry.npmjs.org/@react-stately%2futils cache-miss
296 silly packumentCache corgi:https://registry.npmjs.org/@react-aria%2ffocus cache-miss
297 silly packumentCache corgi:https://registry.npmjs.org/@radix-ui%2freact-visually-hidden cache-miss
298 silly packumentCache corgi:https://registry.npmjs.org/@radix-ui%2freact-use-previous cache-miss
299 silly packumentCache corgi:https://registry.npmjs.org/@radix-ui%2freact-use-rect cache-miss
300 silly packumentCache corgi:https://registry.npmjs.org/@radix-ui%2freact-use-size cache-miss
301 silly packumentCache corgi:https://registry.npmjs.org/@radix-ui%2frect cache-miss
302 silly packumentCache corgi:https://registry.npmjs.org/@radix-ui%2freact-use-layout-effect cache-miss
303 silly packumentCache corgi:https://registry.npmjs.org/@radix-ui%2freact-use-escape-keydown cache-miss
304 silly packumentCache corgi:https://registry.npmjs.org/@radix-ui%2freact-use-is-hydrated cache-miss
305 silly packumentCache corgi:https://registry.npmjs.org/@radix-ui%2freact-use-effect-event cache-miss
306 silly packumentCache corgi:https://registry.npmjs.org/@radix-ui%2freact-use-callback-ref cache-miss
307 silly packumentCache corgi:https://registry.npmjs.org/@radix-ui%2freact-tooltip cache-miss
308 silly packumentCache corgi:https://registry.npmjs.org/@radix-ui%2freact-toggle-group cache-miss
309 silly packumentCache corgi:https://registry.npmjs.org/@radix-ui%2freact-toggle cache-miss
310 silly packumentCache corgi:https://registry.npmjs.org/@radix-ui%2freact-use-controllable-state cache-miss
311 silly packumentCache corgi:https://registry.npmjs.org/@radix-ui%2freact-separator cache-miss
312 silly packumentCache corgi:https://registry.npmjs.org/@radix-ui%2freact-select cache-miss
313 silly packumentCache corgi:https://registry.npmjs.org/@radix-ui%2freact-slot cache-miss
314 silly packumentCache corgi:https://registry.npmjs.org/@radix-ui%2freact-primitive cache-miss
315 silly packumentCache corgi:https://registry.npmjs.org/@radix-ui%2freact-roving-focus cache-miss
316 silly packumentCache corgi:https://registry.npmjs.org/@radix-ui%2freact-presence cache-miss
317 silly packumentCache corgi:https://registry.npmjs.org/@radix-ui%2freact-popper cache-miss
318 silly packumentCache corgi:https://registry.npmjs.org/@radix-ui%2freact-portal cache-miss
319 silly packumentCache corgi:https://registry.npmjs.org/@radix-ui%2freact-navigation-menu cache-miss
320 silly packumentCache corgi:https://registry.npmjs.org/@radix-ui%2freact-popover cache-miss
321 silly packumentCache corgi:https://registry.npmjs.org/@radix-ui%2freact-id cache-miss
322 silly packumentCache corgi:https://registry.npmjs.org/@radix-ui%2freact-menu cache-miss
323 silly packumentCache corgi:https://registry.npmjs.org/@radix-ui%2freact-label cache-miss
324 silly packumentCache corgi:https://registry.npmjs.org/@radix-ui%2freact-focus-scope cache-miss
325 silly packumentCache corgi:https://registry.npmjs.org/@radix-ui%2freact-dismissable-layer cache-miss
326 silly packumentCache corgi:https://registry.npmjs.org/@radix-ui%2freact-dropdown-menu cache-miss
327 silly packumentCache corgi:https://registry.npmjs.org/@radix-ui%2freact-focus-guards cache-miss
328 silly packumentCache corgi:https://registry.npmjs.org/@radix-ui%2freact-direction cache-miss
329 silly packumentCache corgi:https://registry.npmjs.org/@radix-ui%2freact-context cache-miss
330 silly packumentCache corgi:https://registry.npmjs.org/@radix-ui%2freact-dialog cache-miss
331 silly packumentCache corgi:https://registry.npmjs.org/@radix-ui%2freact-compose-refs cache-miss
332 silly packumentCache corgi:https://registry.npmjs.org/@radix-ui%2freact-collection cache-miss
333 silly packumentCache corgi:https://registry.npmjs.org/@radix-ui%2freact-collapsible cache-miss
334 silly packumentCache corgi:https://registry.npmjs.org/@radix-ui%2freact-checkbox cache-miss
335 silly packumentCache corgi:https://registry.npmjs.org/@radix-ui%2freact-avatar cache-miss
336 silly packumentCache corgi:https://registry.npmjs.org/@radix-ui%2freact-arrow cache-miss
337 silly packumentCache corgi:https://registry.npmjs.org/@radix-ui%2fprimitive cache-miss
338 silly packumentCache corgi:https://registry.npmjs.org/@radix-ui%2fnumber cache-miss
339 silly packumentCache corgi:https://registry.npmjs.org/@laravel%2fvite-plugin-wayfinder cache-miss
340 silly packumentCache corgi:https://registry.npmjs.org/@nodelib%2ffs.walk cache-miss
341 silly packumentCache corgi:https://registry.npmjs.org/@nodelib%2ffs.stat cache-miss
342 silly packumentCache corgi:https://registry.npmjs.org/@jridgewell%2fresolve-uri cache-miss
343 silly packumentCache corgi:https://registry.npmjs.org/@nodelib%2ffs.scandir cache-miss
344 silly packumentCache corgi:https://registry.npmjs.org/@isaacs%2ffs-minipass cache-miss
345 silly packumentCache corgi:https://registry.npmjs.org/@inertiajs%2freact cache-miss
346 silly packumentCache corgi:https://registry.npmjs.org/@inertiajs%2fcore cache-miss
347 silly packumentCache corgi:https://registry.npmjs.org/@humanwhocodes%2fretry cache-miss
348 silly packumentCache corgi:https://registry.npmjs.org/@humanwhocodes%2fmodule-importer cache-miss
349 silly packumentCache corgi:https://registry.npmjs.org/@humanfs%2fnode cache-miss
350 silly packumentCache corgi:https://registry.npmjs.org/@jridgewell%2fsourcemap-codec cache-miss
351 silly packumentCache corgi:https://registry.npmjs.org/@jridgewell%2fremapping cache-miss
352 silly packumentCache corgi:https://registry.npmjs.org/@jridgewell%2fgen-mapping cache-miss
353 silly packumentCache corgi:https://registry.npmjs.org/@humanfs%2fcore cache-miss
354 silly packumentCache corgi:https://registry.npmjs.org/@jridgewell%2ftrace-mapping cache-miss
355 silly packumentCache corgi:https://registry.npmjs.org/@headlessui%2freact cache-miss
356 silly packumentCache corgi:https://registry.npmjs.org/@floating-ui%2futils cache-miss
357 silly packumentCache corgi:https://registry.npmjs.org/@floating-ui%2freact-dom cache-miss
358 silly packumentCache corgi:https://registry.npmjs.org/@floating-ui%2freact cache-miss
359 silly packumentCache corgi:https://registry.npmjs.org/@floating-ui%2fdom cache-miss
360 silly packumentCache corgi:https://registry.npmjs.org/@eslint-community%2fregexpp cache-miss
361 silly packumentCache corgi:https://registry.npmjs.org/@eslint%2fplugin-kit cache-miss
362 silly packumentCache corgi:https://registry.npmjs.org/@floating-ui%2fcore cache-miss
363 silly packumentCache corgi:https://registry.npmjs.org/@eslint-community%2feslint-utils cache-miss
364 silly packumentCache corgi:https://registry.npmjs.org/@eslint%2fobject-schema cache-miss
365 silly packumentCache corgi:https://registry.npmjs.org/@eslint%2fjs cache-miss
366 silly packumentCache corgi:https://registry.npmjs.org/@eslint%2fcore cache-miss
367 silly packumentCache corgi:https://registry.npmjs.org/@eslint%2feslintrc cache-miss
368 silly packumentCache corgi:https://registry.npmjs.org/@eslint%2fconfig-helpers cache-miss
369 silly packumentCache corgi:https://registry.npmjs.org/@eslint%2fconfig-array cache-miss
370 silly packumentCache corgi:https://registry.npmjs.org/@esbuild%2fwin32-x64 cache-miss
371 silly packumentCache corgi:https://registry.npmjs.org/@date-fns%2ftz cache-miss
372 silly packumentCache corgi:https://registry.npmjs.org/@babel%2ftemplate cache-miss
373 silly packumentCache corgi:https://registry.npmjs.org/@babel%2ftypes cache-miss
374 silly packumentCache corgi:https://registry.npmjs.org/@babel%2ftraverse cache-miss
375 silly packumentCache corgi:https://registry.npmjs.org/@babel%2fplugin-transform-react-jsx-source cache-miss
376 silly packumentCache corgi:https://registry.npmjs.org/@babel%2fplugin-transform-react-jsx-self cache-miss
377 silly packumentCache corgi:https://registry.npmjs.org/@babel%2fparser cache-miss
378 silly packumentCache corgi:https://registry.npmjs.org/@babel%2fhelpers cache-miss
379 silly packumentCache corgi:https://registry.npmjs.org/@babel%2fhelper-validator-identifier cache-miss
380 silly packumentCache corgi:https://registry.npmjs.org/@babel%2fhelper-validator-option cache-miss
381 silly packumentCache corgi:https://registry.npmjs.org/@babel%2fhelper-string-parser cache-miss
382 silly packumentCache corgi:https://registry.npmjs.org/@babel%2fhelper-plugin-utils cache-miss
383 silly packumentCache corgi:https://registry.npmjs.org/@babel%2fhelper-module-transforms cache-miss
384 silly packumentCache corgi:https://registry.npmjs.org/@babel%2fhelper-module-imports cache-miss
385 silly packumentCache corgi:https://registry.npmjs.org/@babel%2fhelper-globals cache-miss
386 silly packumentCache corgi:https://registry.npmjs.org/@babel%2fhelper-compilation-targets cache-miss
387 silly packumentCache corgi:https://registry.npmjs.org/@babel%2fgenerator cache-miss
388 silly packumentCache corgi:https://registry.npmjs.org/which cache-miss
389 silly packumentCache corgi:https://registry.npmjs.org/vite cache-miss
390 silly packumentCache corgi:https://registry.npmjs.org/update-browserslist-db cache-miss
391 silly packumentCache corgi:https://registry.npmjs.org/@babel%2fcore cache-miss
392 silly packumentCache corgi:https://registry.npmjs.org/@babel%2fcompat-data cache-miss
393 silly packumentCache corgi:https://registry.npmjs.org/@babel%2fcode-frame cache-miss
394 silly packumentCache corgi:https://registry.npmjs.org/typescript cache-miss
395 silly packumentCache corgi:https://registry.npmjs.org/semver cache-miss
396 silly packumentCache corgi:https://registry.npmjs.org/tree-kill cache-miss
397 silly packumentCache corgi:https://registry.npmjs.org/rollup cache-miss
398 silly packumentCache corgi:https://registry.npmjs.org/resolve cache-miss
399 silly packumentCache corgi:https://registry.npmjs.org/prettier cache-miss
400 silly packumentCache corgi:https://registry.npmjs.org/nanoid cache-miss
401 silly packumentCache corgi:https://registry.npmjs.org/mkdirp cache-miss
402 silly packumentCache corgi:https://registry.npmjs.org/loose-envify cache-miss
403 silly packumentCache corgi:https://registry.npmjs.org/mammoth cache-miss
404 silly packumentCache corgi:https://registry.npmjs.org/laravel-vite-plugin cache-miss
405 silly packumentCache corgi:https://registry.npmjs.org/json5 cache-miss
406 silly packumentCache corgi:https://registry.npmjs.org/jiti cache-miss
407 silly packumentCache corgi:https://registry.npmjs.org/jsesc cache-miss
408 silly packumentCache corgi:https://registry.npmjs.org/js-yaml cache-miss
409 silly packumentCache corgi:https://registry.npmjs.org/eslint-config-prettier cache-miss
410 silly packumentCache corgi:https://registry.npmjs.org/eslint cache-miss
411 silly packumentCache corgi:https://registry.npmjs.org/esbuild cache-miss
412 silly packumentCache corgi:https://registry.npmjs.org/concurrently cache-miss
413 silly packumentCache corgi:https://registry.npmjs.org/acorn cache-miss
414 silly packumentCache corgi:https://registry.npmjs.org/browserslist cache-miss
415 silly packumentCache corgi:https://registry.npmjs.org/immer cache-miss
416 silly packumentCache corgi:https://registry.npmjs.org/@humanwhocodes%2fretry cache-miss
417 silly packumentCache corgi:https://registry.npmjs.org/eslint-visitor-keys cache-miss
418 silly packumentCache corgi:https://registry.npmjs.org/globals cache-miss
419 silly packumentCache corgi:https://registry.npmjs.org/picomatch cache-miss
420 silly packumentCache corgi:https://registry.npmjs.org/@rollup%2frollup-win32-x64-msvc cache-miss
421 silly packumentCache corgi:https://registry.npmjs.org/argparse cache-miss
422 silly packumentCache corgi:https://registry.npmjs.org/fdir cache-miss
423 verbose audit error FetchError: request to https://registry.npmjs.org/-/npm/v1/security/audits/quick failed, reason: 
423 verbose audit error     at ClientRequest.<anonymous> (C:\Program Files\nodejs\node_modules\npm\node_modules\minipass-fetch\lib\index.js:130:14)
423 verbose audit error     at ClientRequest.emit (node:events:518:28)
423 verbose audit error     at emitErrorEvent (node:_http_client:104:11)
423 verbose audit error     at _destroy (node:_http_client:898:9)
423 verbose audit error     at onSocketNT (node:_http_client:918:5)
423 verbose audit error     at process.processTicksAndRejections (node:internal/process/task_queues:91:21) {
423 verbose audit error   code: 'EACCES',
423 verbose audit error   errno: 'EACCES',
423 verbose audit error   type: 'system'
423 verbose audit error }
424 silly audit error undefined
425 silly audit report null
426 http fetch GET https://registry.npmjs.org/@standard-schema%2futils attempt 1 failed with EACCES
427 http fetch GET https://registry.npmjs.org/@tabby_ai%2fhijri-converter attempt 1 failed with EACCES
428 http fetch GET https://registry.npmjs.org/@tailwindcss%2foxide-win32-x64-msvc attempt 1 failed with EACCES
429 http fetch GET https://registry.npmjs.org/@tailwindcss%2fnode attempt 1 failed with EACCES
430 http fetch GET https://registry.npmjs.org/@swc%2fhelpers attempt 1 failed with EACCES
431 http fetch GET https://registry.npmjs.org/@tailwindcss%2foxide attempt 1 failed with EACCES
432 http fetch GET https://registry.npmjs.org/@rollup%2frollup-win32-x64-msvc attempt 1 failed with EACCES
433 http fetch GET https://registry.npmjs.org/@standard-schema%2fspec attempt 1 failed with EACCES
434 http fetch GET https://registry.npmjs.org/@rolldown%2fpluginutils attempt 1 failed with EACCES
435 http fetch GET https://registry.npmjs.org/@reduxjs%2ftoolkit attempt 1 failed with EACCES
436 http fetch GET https://registry.npmjs.org/@react-types%2fshared attempt 1 failed with EACCES
437 http fetch GET https://registry.npmjs.org/@react-aria%2futils attempt 1 failed with EACCES
438 http fetch GET https://registry.npmjs.org/@react-stately%2fflags attempt 1 failed with EACCES
439 http fetch GET https://registry.npmjs.org/@react-aria%2finteractions attempt 1 failed with EACCES
440 http fetch GET https://registry.npmjs.org/npm attempt 2 failed with EACCES
441 http fetch GET https://registry.npmjs.org/@standard-schema%2futils attempt 2 failed with EACCES
442 http fetch GET https://registry.npmjs.org/@tabby_ai%2fhijri-converter attempt 2 failed with EACCES
443 http fetch GET https://registry.npmjs.org/@tailwindcss%2foxide-win32-x64-msvc attempt 2 failed with EACCES
444 http fetch GET https://registry.npmjs.org/@tailwindcss%2fnode attempt 2 failed with EACCES
445 http fetch GET https://registry.npmjs.org/@swc%2fhelpers attempt 2 failed with EACCES
446 http fetch GET https://registry.npmjs.org/@tailwindcss%2foxide attempt 2 failed with EACCES
447 http fetch GET https://registry.npmjs.org/@rollup%2frollup-win32-x64-msvc attempt 2 failed with EACCES
448 http fetch GET https://registry.npmjs.org/@standard-schema%2fspec attempt 2 failed with EACCES
449 http fetch GET https://registry.npmjs.org/@rolldown%2fpluginutils attempt 2 failed with EACCES
450 http fetch GET https://registry.npmjs.org/@reduxjs%2ftoolkit attempt 2 failed with EACCES
451 http fetch GET https://registry.npmjs.org/@react-types%2fshared attempt 2 failed with EACCES
452 http fetch GET https://registry.npmjs.org/@react-aria%2futils attempt 2 failed with EACCES
453 http fetch GET https://registry.npmjs.org/@react-stately%2fflags attempt 2 failed with EACCES
454 http fetch GET https://registry.npmjs.org/@react-aria%2finteractions attempt 2 failed with EACCES
455 http fetch GET https://registry.npmjs.org/npm attempt 3 failed with EACCES
456 http fetch GET https://registry.npmjs.org/@standard-schema%2futils attempt 3 failed with EACCES
457 http fetch GET https://registry.npmjs.org/@tabby_ai%2fhijri-converter attempt 3 failed with EACCES
458 http fetch GET https://registry.npmjs.org/@tailwindcss%2foxide-win32-x64-msvc attempt 3 failed with EACCES
459 verbose reify failed optional dependency C:\laragon\www\system-school\node_modules\@tailwindcss\oxide-win32-x64-msvc
460 silly reify mark deleted [
460 silly reify   'C:\\laragon\\www\\system-school\\node_modules\\@tailwindcss\\oxide-win32-x64-msvc'
460 silly reify ]
461 http fetch GET https://registry.npmjs.org/@tailwindcss%2fnode attempt 3 failed with EACCES
462 http fetch GET https://registry.npmjs.org/@swc%2fhelpers attempt 3 failed with EACCES
463 http fetch GET https://registry.npmjs.org/@tailwindcss%2foxide attempt 3 failed with EACCES
464 http fetch GET https://registry.npmjs.org/@rollup%2frollup-win32-x64-msvc attempt 3 failed with EACCES
465 verbose reify failed optional dependency C:\laragon\www\system-school\node_modules\@rollup\rollup-win32-x64-msvc
466 silly reify mark deleted [
466 silly reify   'C:\\laragon\\www\\system-school\\node_modules\\@rollup\\rollup-win32-x64-msvc'
466 silly reify ]
467 http fetch GET https://registry.npmjs.org/@standard-schema%2fspec attempt 3 failed with EACCES
468 http fetch GET https://registry.npmjs.org/@rolldown%2fpluginutils attempt 3 failed with EACCES
469 http fetch GET https://registry.npmjs.org/@reduxjs%2ftoolkit attempt 3 failed with EACCES
470 http fetch GET https://registry.npmjs.org/@react-types%2fshared attempt 3 failed with EACCES
471 http fetch GET https://registry.npmjs.org/@react-aria%2futils attempt 3 failed with EACCES
472 http fetch GET https://registry.npmjs.org/@react-stately%2fflags attempt 3 failed with EACCES
473 http fetch GET https://registry.npmjs.org/@react-aria%2finteractions attempt 3 failed with EACCES
474 verbose cwd C:\laragon\www\system-school
475 verbose os Windows_NT 10.0.26200
476 verbose node v22.17.0
477 verbose npm  v10.9.2
478 error Exit handler never called!
479 error This is an error with npm itself. Please report this error at:
480 error   <https://github.com/npm/cli/issues>
481 verbose exit 1
482 verbose code 1
483 error A complete log of this run can be found in: C:\laragon\www\system-school\.npm-cache\_logs\2026-05-21T13_31_05_863Z-debug-0.log
