0 verbose cli C:\Program Files\nodejs\node.exe C:\Program Files\nodejs\node_modules\npm\bin\npm-cli.js
1 info using npm@10.9.2
2 info using node@v22.17.0
3 silly config load:file:C:\Program Files\nodejs\node_modules\npm\npmrc
4 silly config load:file:C:\laragon\www\system-school\.npmrc
5 silly config load:file:C:\Users\SR GEARS\.npmrc
6 silly config load:file:C:\Users\SR GEARS\AppData\Roaming\npm\etc\npmrc
7 verbose title npm install lru-cache@5.1.1 sonner@2.0.7 input-otp@1.4.2
8 verbose argv "install" "lru-cache@5.1.1" "sonner@2.0.7" "input-otp@1.4.2" "--cache" ".npm-cache" "--no-audit" "--no-save"
9 verbose logfile logs-max:10 dir:C:\laragon\www\system-school\.npm-cache\_logs\2026-05-22T07_02_57_920Z-
10 verbose logfile C:\laragon\www\system-school\.npm-cache\_logs\2026-05-22T07_02_57_920Z-debug-0.log
11 silly logfile done cleaning log files
12 silly packumentCache heap:2197815296 maxSize:549453824 maxEntrySize:274726912
13 silly idealTree buildDeps
14 silly fetch manifest input-otp@1.4.2
15 silly packumentCache full:https://registry.npmjs.org/input-otp cache-miss
16 http fetch GET 200 https://registry.npmjs.org/input-otp 444ms (cache miss)
17 silly packumentCache full:https://registry.npmjs.org/input-otp set size:undefined disposed:false
18 silly fetch manifest react@^19.2.0
19 silly packumentCache full:https://registry.npmjs.org/react cache-miss
20 http fetch GET 200 https://registry.npmjs.org/react 452ms (cache miss)
21 silly packumentCache full:https://registry.npmjs.org/react set size:undefined disposed:false
22 silly fetch manifest react-dom@^19.2.0
23 silly packumentCache full:https://registry.npmjs.org/react-dom cache-miss
24 http fetch GET 200 https://registry.npmjs.org/react-dom 394ms (cache miss)
25 silly packumentCache full:https://registry.npmjs.org/react-dom set size:undefined disposed:false
26 silly fetch manifest sonner@2.0.7
27 silly packumentCache full:https://registry.npmjs.org/sonner cache-miss
28 http fetch GET 200 https://registry.npmjs.org/sonner 118ms (cache miss)
29 silly packumentCache full:https://registry.npmjs.org/sonner set size:undefined disposed:false
30 silly fetch manifest lru-cache@5.1.1
31 silly packumentCache full:https://registry.npmjs.org/lru-cache cache-miss
32 http fetch GET 200 https://registry.npmjs.org/lru-cache 114ms (cache miss)
33 silly packumentCache full:https://registry.npmjs.org/lru-cache set size:undefined disposed:false
34 silly placeDep ROOT input-otp@1.4.2 REPLACE for:  want: 1.4.2
35 silly placeDep ROOT lru-cache@5.1.1 REPLACE for:  want: 5.1.1
36 silly placeDep ROOT sonner@2.0.7 REPLACE for:  want: 2.0.7
37 silly reify mark retired [ 'C:\\laragon\\www\\system-school\\node_modules\\axios' ]
38 silly reify mark retired [ 'C:\\laragon\\www\\system-school\\node_modules\\concurrently' ]
39 silly reify mark retired [ 'C:\\laragon\\www\\system-school\\node_modules\\date-fns' ]
40 silly reify mark retired [ 'C:\\laragon\\www\\system-school\\node_modules\\date-fns-jalali' ]
41 silly reify mark retired [ 'C:\\laragon\\www\\system-school\\node_modules\\engine.io-client' ]
42 silly reify mark retired [ 'C:\\laragon\\www\\system-school\\node_modules\\engine.io-parser' ]
43 silly reify mark retired [ 'C:\\laragon\\www\\system-school\\node_modules\\es-toolkit' ]
44 silly reify mark retired [ 'C:\\laragon\\www\\system-school\\node_modules\\eslint' ]
45 silly reify mark retired [ 'C:\\laragon\\www\\system-school\\node_modules\\jsx-ast-utils' ]
46 silly reify mark retired [ 'C:\\laragon\\www\\system-school\\node_modules\\fast-glob' ]
47 silly reify mark retired [ 'C:\\laragon\\www\\system-school\\node_modules\\laravel-echo' ]
48 silly reify mark retired [ 'C:\\laragon\\www\\system-school\\node_modules\\mammoth' ]
49 silly reify mark retired [ 'C:\\laragon\\www\\system-school\\node_modules\\mkdirp' ]
50 silly reify mark retired [ 'C:\\laragon\\www\\system-school\\node_modules\\lucide-react' ]
51 silly reify mark retired [
51 silly reify   'C:\\laragon\\www\\system-school\\node_modules\\prettier-plugin-tailwindcss'
51 silly reify ]
52 silly reify mark retired [ 'C:\\laragon\\www\\system-school\\node_modules\\pusher-js' ]
53 silly reify mark retired [ 'C:\\laragon\\www\\system-school\\node_modules\\react-day-picker' ]
54 silly reify mark retired [ 'C:\\laragon\\www\\system-school\\node_modules\\readable-stream' ]
55 silly reify mark retired [ 'C:\\laragon\\www\\system-school\\node_modules\\recharts' ]
56 silly reify mark retired [ 'C:\\laragon\\www\\system-school\\node_modules\\resolve' ]
57 silly reify mark retired [ 'C:\\laragon\\www\\system-school\\node_modules\\rollup' ]
58 silly reify mark retired [ 'C:\\laragon\\www\\system-school\\node_modules\\rxjs' ]
59 silly reify mark retired [ 'C:\\laragon\\www\\system-school\\node_modules\\socket.io-client' ]
60 silly reify mark retired [ 'C:\\laragon\\www\\system-school\\node_modules\\tar' ]
61 silly reify mark retired [ 'C:\\laragon\\www\\system-school\\node_modules\\tinyglobby' ]
62 silly reify mark retired [ 'C:\\laragon\\www\\system-school\\node_modules\\uri-js' ]
63 silly reify mark retired [ 'C:\\laragon\\www\\system-school\\node_modules\\victory-vendor' ]
64 silly reify mark retired [ 'C:\\laragon\\www\\system-school\\node_modules\\vite' ]
65 silly reify mark retired [ 'C:\\laragon\\www\\system-school\\node_modules\\y18n' ]
66 silly reify mark retired [ 'C:\\laragon\\www\\system-school\\node_modules\\yargs' ]
67 silly reify mark retired [ 'C:\\laragon\\www\\system-school\\node_modules\\zod' ]
68 silly reify mark retired [ 'C:\\laragon\\www\\system-school\\node_modules\\@babel\\core' ]
69 silly reify mark retired [ 'C:\\laragon\\www\\system-school\\node_modules\\@babel\\generator' ]
70 silly reify mark retired [ 'C:\\laragon\\www\\system-school\\node_modules\\@babel\\helpers' ]
71 silly reify mark retired [ 'C:\\laragon\\www\\system-school\\node_modules\\@babel\\traverse' ]
72 silly reify mark retired [ 'C:\\laragon\\www\\system-school\\node_modules\\@babel\\types' ]
73 silly reify mark retired [
73 silly reify   'C:\\laragon\\www\\system-school\\node_modules\\@eslint\\config-array'
73 silly reify ]
74 silly reify mark retired [
74 silly reify   'C:\\laragon\\www\\system-school\\node_modules\\@eslint\\config-helpers'
74 silly reify ]
75 silly reify mark retired [ 'C:\\laragon\\www\\system-school\\node_modules\\@eslint\\core' ]
76 silly reify mark retired [ 'C:\\laragon\\www\\system-school\\node_modules\\@eslint\\eslintrc' ]
77 silly reify mark retired [ 'C:\\laragon\\www\\system-school\\node_modules\\@eslint\\js' ]
78 silly reify mark retired [
78 silly reify   'C:\\laragon\\www\\system-school\\node_modules\\@eslint\\object-schema'
78 silly reify ]
79 silly reify mark retired [
79 silly reify   'C:\\laragon\\www\\system-school\\node_modules\\@eslint\\plugin-kit'
79 silly reify ]
80 silly reify mark retired [
80 silly reify   'C:\\laragon\\www\\system-school\\node_modules\\@eslint-community\\eslint-utils'
80 silly reify ]
81 silly reify mark retired [ 'C:\\laragon\\www\\system-school\\node_modules\\@headlessui\\react' ]
82 silly reify mark retired [ 'C:\\laragon\\www\\system-school\\node_modules\\@humanfs\\node' ]
83 silly reify mark retired [
83 silly reify   'C:\\laragon\\www\\system-school\\node_modules\\@isaacs\\fs-minipass'
83 silly reify ]
84 silly reify mark retired [
84 silly reify   'C:\\laragon\\www\\system-school\\node_modules\\@jridgewell\\gen-mapping'
84 silly reify ]
85 silly reify mark retired [
85 silly reify   'C:\\laragon\\www\\system-school\\node_modules\\@jridgewell\\resolve-uri'
85 silly reify ]
86 silly reify mark retired [
86 silly reify   'C:\\laragon\\www\\system-school\\node_modules\\@laravel\\echo-react'
86 silly reify ]
87 silly reify mark retired [
87 silly reify   'C:\\laragon\\www\\system-school\\node_modules\\@laravel\\vite-plugin-wayfinder'
87 silly reify ]
88 silly reify mark retired [ 'C:\\laragon\\www\\system-school\\node_modules\\@nodelib\\fs.stat' ]
89 silly reify mark retired [
89 silly reify   'C:\\laragon\\www\\system-school\\node_modules\\@nodelib\\fs.scandir'
89 silly reify ]
90 silly reify mark retired [ 'C:\\laragon\\www\\system-school\\node_modules\\@nodelib\\fs.walk' ]
91 silly reify mark retired [ 'C:\\laragon\\www\\system-school\\node_modules\\@react-aria\\utils' ]
92 silly reify mark retired [ 'C:\\laragon\\www\\system-school\\node_modules\\@reduxjs\\toolkit' ]
93 silly reify mark retired [
93 silly reify   'C:\\laragon\\www\\system-school\\node_modules\\@socket.io\\component-emitter'
93 silly reify ]
94 silly reify mark retired [ 'C:\\laragon\\www\\system-school\\node_modules\\@swc\\helpers' ]
95 silly reify mark retired [
95 silly reify   'C:\\laragon\\www\\system-school\\node_modules\\@tabby_ai\\hijri-converter'
95 silly reify ]
96 silly reify mark retired [
96 silly reify   'C:\\laragon\\www\\system-school\\node_modules\\@tanstack\\react-virtual'
96 silly reify ]
97 silly reify mark retired [
97 silly reify   'C:\\laragon\\www\\system-school\\node_modules\\@tanstack\\virtual-core'
97 silly reify ]
98 silly reify mark retired [ 'C:\\laragon\\www\\system-school\\node_modules\\@tiptap\\core' ]
99 silly reify mark retired [
99 silly reify   'C:\\laragon\\www\\system-school\\node_modules\\@tiptap\\extension-link'
99 silly reify ]
100 silly reify mark retired [
100 silly reify   'C:\\laragon\\www\\system-school\\node_modules\\@tiptap\\extension-list'
100 silly reify ]
101 silly reify mark retired [
101 silly reify   'C:\\laragon\\www\\system-school\\node_modules\\@tiptap\\extension-text-style'
101 silly reify ]
102 silly reify mark retired [
102 silly reify   'C:\\laragon\\www\\system-school\\node_modules\\@tiptap\\extensions'
102 silly reify ]
103 silly reify mark retired [ 'C:\\laragon\\www\\system-school\\node_modules\\@tiptap\\pm' ]
104 silly reify mark retired [ 'C:\\laragon\\www\\system-school\\node_modules\\@tiptap\\react' ]
105 silly reify mark retired [
105 silly reify   'C:\\laragon\\www\\system-school\\node_modules\\@tailwindcss\\oxide'
105 silly reify ]
106 silly reify mark retired [
106 silly reify   'C:\\laragon\\www\\system-school\\node_modules\\@tailwindcss\\oxide-win32-x64-msvc'
106 silly reify ]
107 silly reify mark retired [
107 silly reify   'C:\\laragon\\www\\system-school\\node_modules\\@typescript-eslint\\eslint-plugin'
107 silly reify ]
108 silly reify mark retired [
108 silly reify   'C:\\laragon\\www\\system-school\\node_modules\\@typescript-eslint\\scope-manager'
108 silly reify ]
109 silly reify mark retired [
109 silly reify   'C:\\laragon\\www\\system-school\\node_modules\\@typescript-eslint\\type-utils'
109 silly reify ]
110 silly reify mark retired [
110 silly reify   'C:\\laragon\\www\\system-school\\node_modules\\@typescript-eslint\\types'
110 silly reify ]
111 silly reify mark retired [
111 silly reify   'C:\\laragon\\www\\system-school\\node_modules\\@typescript-eslint\\typescript-estree'
111 silly reify ]
112 silly reify mark retired [
112 silly reify   'C:\\laragon\\www\\system-school\\node_modules\\@typescript-eslint\\utils'
112 silly reify ]
113 silly reify moves {
113 silly reify   'C:\\laragon\\www\\system-school\\node_modules\\axios': 'C:\\laragon\\www\\system-school\\node_modules\\.axios-wEdpjw3y',
113 silly reify   'C:\\laragon\\www\\system-school\\node_modules\\concurrently': 'C:\\laragon\\www\\system-school\\node_modules\\.concurrently-Kqb0CL5C',
113 silly reify   'C:\\laragon\\www\\system-school\\node_modules\\date-fns': 'C:\\laragon\\www\\system-school\\node_modules\\.date-fns-xL6Xz7zm',
113 silly reify   'C:\\laragon\\www\\system-school\\node_modules\\date-fns-jalali': 'C:\\laragon\\www\\system-school\\node_modules\\.date-fns-jalali-63j2gY4m',
113 silly reify   'C:\\laragon\\www\\system-school\\node_modules\\engine.io-client': 'C:\\laragon\\www\\system-school\\node_modules\\.engine.io-client-U5qRwzoR',
113 silly reify   'C:\\laragon\\www\\system-school\\node_modules\\engine.io-parser': 'C:\\laragon\\www\\system-school\\node_modules\\.engine.io-parser-S0IPaaZl',
113 silly reify   'C:\\laragon\\www\\system-school\\node_modules\\es-toolkit': 'C:\\laragon\\www\\system-school\\node_modules\\.es-toolkit-01QpAHmg',
113 silly reify   'C:\\laragon\\www\\system-school\\node_modules\\eslint': 'C:\\laragon\\www\\system-school\\node_modules\\.eslint-6ID1XHF0',
113 silly reify   'C:\\laragon\\www\\system-school\\node_modules\\jsx-ast-utils': 'C:\\laragon\\www\\system-school\\node_modules\\.jsx-ast-utils-NzogaKzi',
113 silly reify   'C:\\laragon\\www\\system-school\\node_modules\\fast-glob': 'C:\\laragon\\www\\system-school\\node_modules\\.fast-glob-bRuAAjB4',
113 silly reify   'C:\\laragon\\www\\system-school\\node_modules\\laravel-echo': 'C:\\laragon\\www\\system-school\\node_modules\\.laravel-echo-hNqx2uSB',
113 silly reify   'C:\\laragon\\www\\system-school\\node_modules\\mammoth': 'C:\\laragon\\www\\system-school\\node_modules\\.mammoth-MHXAnQTm',
113 silly reify   'C:\\laragon\\www\\system-school\\node_modules\\mkdirp': 'C:\\laragon\\www\\system-school\\node_modules\\.mkdirp-TjyNbXF0',
113 silly reify   'C:\\laragon\\www\\system-school\\node_modules\\lucide-react': 'C:\\laragon\\www\\system-school\\node_modules\\.lucide-react-pn3ZoUgJ',
113 silly reify   'C:\\laragon\\www\\system-school\\node_modules\\prettier-plugin-tailwindcss': 'C:\\laragon\\www\\system-school\\node_modules\\.prettier-plugin-tailwindcss-MRlCBXAC',
113 silly reify   'C:\\laragon\\www\\system-school\\node_modules\\pusher-js': 'C:\\laragon\\www\\system-school\\node_modules\\.pusher-js-W0UCb5lD',
113 silly reify   'C:\\laragon\\www\\system-school\\node_modules\\react-day-picker': 'C:\\laragon\\www\\system-school\\node_modules\\.react-day-picker-h2nldVy0',
113 silly reify   'C:\\laragon\\www\\system-school\\node_modules\\readable-stream': 'C:\\laragon\\www\\system-school\\node_modules\\.readable-stream-zkLoDYSW',
113 silly reify   'C:\\laragon\\www\\system-school\\node_modules\\recharts': 'C:\\laragon\\www\\system-school\\node_modules\\.recharts-2unmZPAH',
113 silly reify   'C:\\laragon\\www\\system-school\\node_modules\\resolve': 'C:\\laragon\\www\\system-school\\node_modules\\.resolve-6yLCZQuB',
113 silly reify   'C:\\laragon\\www\\system-school\\node_modules\\rollup': 'C:\\laragon\\www\\system-school\\node_modules\\.rollup-NESmAzZT',
113 silly reify   'C:\\laragon\\www\\system-school\\node_modules\\rxjs': 'C:\\laragon\\www\\system-school\\node_modules\\.rxjs-W49UgwZ0',
113 silly reify   'C:\\laragon\\www\\system-school\\node_modules\\socket.io-client': 'C:\\laragon\\www\\system-school\\node_modules\\.socket.io-client-SoSqFqAH',
113 silly reify   'C:\\laragon\\www\\system-school\\node_modules\\tar': 'C:\\laragon\\www\\system-school\\node_modules\\.tar-Hc4haFbQ',
113 silly reify   'C:\\laragon\\www\\system-school\\node_modules\\tinyglobby': 'C:\\laragon\\www\\system-school\\node_modules\\.tinyglobby-rGvjZ9Ow',
113 silly reify   'C:\\laragon\\www\\system-school\\node_modules\\uri-js': 'C:\\laragon\\www\\system-school\\node_modules\\.uri-js-A7qQ0ToQ',
113 silly reify   'C:\\laragon\\www\\system-school\\node_modules\\victory-vendor': 'C:\\laragon\\www\\system-school\\node_modules\\.victory-vendor-VBJ8xTaZ',
113 silly reify   'C:\\laragon\\www\\system-school\\node_modules\\vite': 'C:\\laragon\\www\\system-school\\node_modules\\.vite-KxxUHGUx',
113 silly reify   'C:\\laragon\\www\\system-school\\node_modules\\y18n': 'C:\\laragon\\www\\system-school\\node_modules\\.y18n-z966Zelq',
113 silly reify   'C:\\laragon\\www\\system-school\\node_modules\\yargs': 'C:\\laragon\\www\\system-school\\node_modules\\.yargs-zD6Xiq7V',
113 silly reify   'C:\\laragon\\www\\system-school\\node_modules\\zod': 'C:\\laragon\\www\\system-school\\node_modules\\.zod-Vwr2DOBS',
113 silly reify   'C:\\laragon\\www\\system-school\\node_modules\\@babel\\core': 'C:\\laragon\\www\\system-school\\node_modules\\@babel\\.core-yZhLySVn',
113 silly reify   'C:\\laragon\\www\\system-school\\node_modules\\@babel\\generator': 'C:\\laragon\\www\\system-school\\node_modules\\@babel\\.generator-e1XLsbzS',
113 silly reify   'C:\\laragon\\www\\system-school\\node_modules\\@babel\\helpers': 'C:\\laragon\\www\\system-school\\node_modules\\@babel\\.helpers-kX1GueOj',
113 silly reify   'C:\\laragon\\www\\system-school\\node_modules\\@babel\\traverse': 'C:\\laragon\\www\\system-school\\node_modules\\@babel\\.traverse-cGlNT0VK',
113 silly reify   'C:\\laragon\\www\\system-school\\node_modules\\@babel\\types': 'C:\\laragon\\www\\system-school\\node_modules\\@babel\\.types-34mxABpp',
113 silly reify   'C:\\laragon\\www\\system-school\\node_modules\\@eslint\\config-array': 'C:\\laragon\\www\\system-school\\node_modules\\@eslint\\.config-array-yBY7P2AM',
113 silly reify   'C:\\laragon\\www\\system-school\\node_modules\\@eslint\\config-helpers': 'C:\\laragon\\www\\system-school\\node_modules\\@eslint\\.config-helpers-CuXzdeEP',
113 silly reify   'C:\\laragon\\www\\system-school\\node_modules\\@eslint\\core': 'C:\\laragon\\www\\system-school\\node_modules\\@eslint\\.core-KUnpvQUM',
113 silly reify   'C:\\laragon\\www\\system-school\\node_modules\\@eslint\\eslintrc': 'C:\\laragon\\www\\system-school\\node_modules\\@eslint\\.eslintrc-PNX1bLkw',
113 silly reify   'C:\\laragon\\www\\system-school\\node_modules\\@eslint\\js': 'C:\\laragon\\www\\system-school\\node_modules\\@eslint\\.js-lTtgMzOM',
113 silly reify   'C:\\laragon\\www\\system-school\\node_modules\\@eslint\\object-schema': 'C:\\laragon\\www\\system-school\\node_modules\\@eslint\\.object-schema-X2iHTpyO',
113 silly reify   'C:\\laragon\\www\\system-school\\node_modules\\@eslint\\plugin-kit': 'C:\\laragon\\www\\system-school\\node_modules\\@eslint\\.plugin-kit-V51d96X7',
113 silly reify   'C:\\laragon\\www\\system-school\\node_modules\\@eslint-community\\eslint-utils': 'C:\\laragon\\www\\system-school\\node_modules\\@eslint-community\\.eslint-utils-ipASh1D7',
113 silly reify   'C:\\laragon\\www\\system-school\\node_modules\\@headlessui\\react': 'C:\\laragon\\www\\system-school\\node_modules\\@headlessui\\.react-InPJAH43',
113 silly reify   'C:\\laragon\\www\\system-school\\node_modules\\@humanfs\\node': 'C:\\laragon\\www\\system-school\\node_modules\\@humanfs\\.node-kFb3fYeW',
113 silly reify   'C:\\laragon\\www\\system-school\\node_modules\\@isaacs\\fs-minipass': 'C:\\laragon\\www\\system-school\\node_modules\\@isaacs\\.fs-minipass-0lmPbHLT',
113 silly reify   'C:\\laragon\\www\\system-school\\node_modules\\@jridgewell\\gen-mapping': 'C:\\laragon\\www\\system-school\\node_modules\\@jridgewell\\.gen-mapping-AhXw9mtx',
113 silly reify   'C:\\laragon\\www\\system-school\\node_modules\\@jridgewell\\resolve-uri': 'C:\\laragon\\www\\system-school\\node_modules\\@jridgewell\\.resolve-uri-anxMGoEL',
113 silly reify   'C:\\laragon\\www\\system-school\\node_modules\\@laravel\\echo-react': 'C:\\laragon\\www\\system-school\\node_modules\\@laravel\\.echo-react-6ouysUHb',
113 silly reify   'C:\\laragon\\www\\system-school\\node_modules\\@laravel\\vite-plugin-wayfinder': 'C:\\laragon\\www\\system-school\\node_modules\\@laravel\\.vite-plugin-wayfinder-8QuV0hQw',
113 silly reify   'C:\\laragon\\www\\system-school\\node_modules\\@nodelib\\fs.stat': 'C:\\laragon\\www\\system-school\\node_modules\\@nodelib\\.fs.stat-Lv1BuO3M',
113 silly reify   'C:\\laragon\\www\\system-school\\node_modules\\@nodelib\\fs.scandir': 'C:\\laragon\\www\\system-school\\node_modules\\@nodelib\\.fs.scandir-6w2w0jF4',
113 silly reify   'C:\\laragon\\www\\system-school\\node_modules\\@nodelib\\fs.walk': 'C:\\laragon\\www\\system-school\\node_modules\\@nodelib\\.fs.walk-SlV45ceK',
113 silly reify   'C:\\laragon\\www\\system-school\\node_modules\\@react-aria\\utils': 'C:\\laragon\\www\\system-school\\node_modules\\@react-aria\\.utils-4CEcEmpq',
113 silly reify   'C:\\laragon\\www\\system-school\\node_modules\\@reduxjs\\toolkit': 'C:\\laragon\\www\\system-school\\node_modules\\@reduxjs\\.toolkit-tI0DFnhs',
113 silly reify   'C:\\laragon\\www\\system-school\\node_modules\\@socket.io\\component-emitter': 'C:\\laragon\\www\\system-school\\node_modules\\@socket.io\\.component-emitter-dpFLNMfM',
113 silly reify   'C:\\laragon\\www\\system-school\\node_modules\\@swc\\helpers': 'C:\\laragon\\www\\system-school\\node_modules\\@swc\\.helpers-sfSyVTuC',
113 silly reify   'C:\\laragon\\www\\system-school\\node_modules\\@tabby_ai\\hijri-converter': 'C:\\laragon\\www\\system-school\\node_modules\\@tabby_ai\\.hijri-converter-s44N1usX',
113 silly reify   'C:\\laragon\\www\\system-school\\node_modules\\@tanstack\\react-virtual': 'C:\\laragon\\www\\system-school\\node_modules\\@tanstack\\.react-virtual-RSXxXa3k',
113 silly reify   'C:\\laragon\\www\\system-school\\node_modules\\@tanstack\\virtual-core': 'C:\\laragon\\www\\system-school\\node_modules\\@tanstack\\.virtual-core-dxZoP9v6',
113 silly reify   'C:\\laragon\\www\\system-school\\node_modules\\@tiptap\\core': 'C:\\laragon\\www\\system-school\\node_modules\\@tiptap\\.core-Oe5QIUhs',
113 silly reify   'C:\\laragon\\www\\system-school\\node_modules\\@tiptap\\extension-link': 'C:\\laragon\\www\\system-school\\node_modules\\@tiptap\\.extension-link-TRJlEGLa',
113 silly reify   'C:\\laragon\\www\\system-school\\node_modules\\@tiptap\\extension-list': 'C:\\laragon\\www\\system-school\\node_modules\\@tiptap\\.extension-list-VumDUFoI',
113 silly reify   'C:\\laragon\\www\\system-school\\node_modules\\@tiptap\\extension-text-style': 'C:\\laragon\\www\\system-school\\node_modules\\@tiptap\\.extension-text-style-EQnDOO1a',
113 silly reify   'C:\\laragon\\www\\system-school\\node_modules\\@tiptap\\extensions': 'C:\\laragon\\www\\system-school\\node_modules\\@tiptap\\.extensions-oYKzjs1Y',
113 silly reify   'C:\\laragon\\www\\system-school\\node_modules\\@tiptap\\pm': 'C:\\laragon\\www\\system-school\\node_modules\\@tiptap\\.pm-rqgHQjT6',
113 silly reify   'C:\\laragon\\www\\system-school\\node_modules\\@tiptap\\react': 'C:\\laragon\\www\\system-school\\node_modules\\@tiptap\\.react-1GyihSvk',
113 silly reify   'C:\\laragon\\www\\system-school\\node_modules\\@tailwindcss\\oxide': 'C:\\laragon\\www\\system-school\\node_modules\\@tailwindcss\\.oxide-LD2QAu64',
113 silly reify   'C:\\laragon\\www\\system-school\\node_modules\\@tailwindcss\\oxide-win32-x64-msvc': 'C:\\laragon\\www\\system-school\\node_modules\\@tailwindcss\\.oxide-win32-x64-msvc-RseSh6UK',
113 silly reify   'C:\\laragon\\www\\system-school\\node_modules\\@typescript-eslint\\eslint-plugin': 'C:\\laragon\\www\\system-school\\node_modules\\@typescript-eslint\\.eslint-plugin-xUOA0FHB',
113 silly reify   'C:\\laragon\\www\\system-school\\node_modules\\@typescript-eslint\\scope-manager': 'C:\\laragon\\www\\system-school\\node_modules\\@typescript-eslint\\.scope-manager-0QeiBYbc',
113 silly reify   'C:\\laragon\\www\\system-school\\node_modules\\@typescript-eslint\\type-utils': 'C:\\laragon\\www\\system-school\\node_modules\\@typescript-eslint\\.type-utils-TsL8pZzy',
113 silly reify   'C:\\laragon\\www\\system-school\\node_modules\\@typescript-eslint\\types': 'C:\\laragon\\www\\system-school\\node_modules\\@typescript-eslint\\.types-3dNxEzfR',
113 silly reify   'C:\\laragon\\www\\system-school\\node_modules\\@typescript-eslint\\typescript-estree': 'C:\\laragon\\www\\system-school\\node_modules\\@typescript-eslint\\.typescript-estree-Nws7cXBc',
113 silly reify   'C:\\laragon\\www\\system-school\\node_modules\\@typescript-eslint\\utils': 'C:\\laragon\\www\\system-school\\node_modules\\@typescript-eslint\\.utils-BMn8ebta'
113 silly reify }
114 verbose reify failed optional dependency C:\laragon\www\system-school\node_modules\@tailwindcss\oxide-wasm32-wasi
115 silly reify mark deleted [
115 silly reify   'C:\\laragon\\www\\system-school\\node_modules\\@tailwindcss\\oxide-wasm32-wasi'
115 silly reify ]
116 verbose reify failed optional dependency C:\laragon\www\system-school\node_modules\lightningcss-win32-arm64-msvc
117 silly reify mark deleted [
117 silly reify   'C:\\laragon\\www\\system-school\\node_modules\\lightningcss-win32-arm64-msvc'
117 silly reify ]
118 verbose reify failed optional dependency C:\laragon\www\system-school\node_modules\lightningcss-linux-x64-musl
119 silly reify mark deleted [
119 silly reify   'C:\\laragon\\www\\system-school\\node_modules\\lightningcss-linux-x64-musl'
119 silly reify ]
120 verbose reify failed optional dependency C:\laragon\www\system-school\node_modules\lightningcss-linux-x64-gnu
121 silly reify mark deleted [
121 silly reify   'C:\\laragon\\www\\system-school\\node_modules\\lightningcss-linux-x64-gnu'
121 silly reify ]
122 verbose reify failed optional dependency C:\laragon\www\system-school\node_modules\lightningcss-linux-arm64-musl
123 silly reify mark deleted [
123 silly reify   'C:\\laragon\\www\\system-school\\node_modules\\lightningcss-linux-arm64-musl'
123 silly reify ]
124 verbose reify failed optional dependency C:\laragon\www\system-school\node_modules\lightningcss-linux-arm64-gnu
125 silly reify mark deleted [
125 silly reify   'C:\\laragon\\www\\system-school\\node_modules\\lightningcss-linux-arm64-gnu'
125 silly reify ]
126 verbose reify failed optional dependency C:\laragon\www\system-school\node_modules\lightningcss-linux-arm-gnueabihf
127 silly reify mark deleted [
127 silly reify   'C:\\laragon\\www\\system-school\\node_modules\\lightningcss-linux-arm-gnueabihf'
127 silly reify ]
128 verbose reify failed optional dependency C:\laragon\www\system-school\node_modules\lightningcss-freebsd-x64
129 silly reify mark deleted [
129 silly reify   'C:\\laragon\\www\\system-school\\node_modules\\lightningcss-freebsd-x64'
129 silly reify ]
130 verbose reify failed optional dependency C:\laragon\www\system-school\node_modules\lightningcss-darwin-x64
131 silly reify mark deleted [
131 silly reify   'C:\\laragon\\www\\system-school\\node_modules\\lightningcss-darwin-x64'
131 silly reify ]
132 verbose reify failed optional dependency C:\laragon\www\system-school\node_modules\lightningcss-darwin-arm64
133 silly reify mark deleted [
133 silly reify   'C:\\laragon\\www\\system-school\\node_modules\\lightningcss-darwin-arm64'
133 silly reify ]
134 verbose reify failed optional dependency C:\laragon\www\system-school\node_modules\lightningcss\node_modules\lightningcss-linux-x64-gnu
135 silly reify mark deleted [
135 silly reify   'C:\\laragon\\www\\system-school\\node_modules\\lightningcss\\node_modules\\lightningcss-linux-x64-gnu'
135 silly reify ]
136 verbose reify failed optional dependency C:\laragon\www\system-school\node_modules\fsevents
137 silly reify mark deleted [ 'C:\\laragon\\www\\system-school\\node_modules\\fsevents' ]
138 verbose reify failed optional dependency C:\laragon\www\system-school\node_modules\@tailwindcss\oxide-win32-arm64-msvc
139 silly reify mark deleted [
139 silly reify   'C:\\laragon\\www\\system-school\\node_modules\\@tailwindcss\\oxide-win32-arm64-msvc'
139 silly reify ]
140 verbose reify failed optional dependency C:\laragon\www\system-school\node_modules\@tailwindcss\oxide-linux-x64-musl
141 silly reify mark deleted [
141 silly reify   'C:\\laragon\\www\\system-school\\node_modules\\@tailwindcss\\oxide-linux-x64-musl'
141 silly reify ]
142 verbose reify failed optional dependency C:\laragon\www\system-school\node_modules\@tailwindcss\oxide-linux-x64-gnu
143 silly reify mark deleted [
143 silly reify   'C:\\laragon\\www\\system-school\\node_modules\\@tailwindcss\\oxide-linux-x64-gnu'
143 silly reify ]
144 verbose reify failed optional dependency C:\laragon\www\system-school\node_modules\@tailwindcss\oxide-linux-arm64-musl
145 silly reify mark deleted [
145 silly reify   'C:\\laragon\\www\\system-school\\node_modules\\@tailwindcss\\oxide-linux-arm64-musl'
145 silly reify ]
146 verbose reify failed optional dependency C:\laragon\www\system-school\node_modules\@tailwindcss\oxide-linux-arm64-gnu
147 silly reify mark deleted [
147 silly reify   'C:\\laragon\\www\\system-school\\node_modules\\@tailwindcss\\oxide-linux-arm64-gnu'
147 silly reify ]
148 verbose reify failed optional dependency C:\laragon\www\system-school\node_modules\@tailwindcss\oxide-linux-arm-gnueabihf
149 silly reify mark deleted [
149 silly reify   'C:\\laragon\\www\\system-school\\node_modules\\@tailwindcss\\oxide-linux-arm-gnueabihf'
149 silly reify ]
150 verbose reify failed optional dependency C:\laragon\www\system-school\node_modules\@tailwindcss\oxide-freebsd-x64
151 silly reify mark deleted [
151 silly reify   'C:\\laragon\\www\\system-school\\node_modules\\@tailwindcss\\oxide-freebsd-x64'
151 silly reify ]
152 verbose reify failed optional dependency C:\laragon\www\system-school\node_modules\@tailwindcss\oxide-darwin-x64
153 silly reify mark deleted [
153 silly reify   'C:\\laragon\\www\\system-school\\node_modules\\@tailwindcss\\oxide-darwin-x64'
153 silly reify ]
154 verbose reify failed optional dependency C:\laragon\www\system-school\node_modules\@tailwindcss\oxide-darwin-arm64
155 silly reify mark deleted [
155 silly reify   'C:\\laragon\\www\\system-school\\node_modules\\@tailwindcss\\oxide-darwin-arm64'
155 silly reify ]
156 verbose reify failed optional dependency C:\laragon\www\system-school\node_modules\@tailwindcss\oxide-android-arm64
157 silly reify mark deleted [
157 silly reify   'C:\\laragon\\www\\system-school\\node_modules\\@tailwindcss\\oxide-android-arm64'
157 silly reify ]
158 verbose reify failed optional dependency C:\laragon\www\system-school\node_modules\@rollup\rollup-win32-ia32-msvc
159 silly reify mark deleted [
159 silly reify   'C:\\laragon\\www\\system-school\\node_modules\\@rollup\\rollup-win32-ia32-msvc'
159 silly reify ]
160 verbose reify failed optional dependency C:\laragon\www\system-school\node_modules\@rollup\rollup-win32-arm64-msvc
161 silly reify mark deleted [
161 silly reify   'C:\\laragon\\www\\system-school\\node_modules\\@rollup\\rollup-win32-arm64-msvc'
161 silly reify ]
162 verbose reify failed optional dependency C:\laragon\www\system-school\node_modules\@rollup\rollup-linux-x64-musl
163 silly reify mark deleted [
163 silly reify   'C:\\laragon\\www\\system-school\\node_modules\\@rollup\\rollup-linux-x64-musl'
163 silly reify ]
164 verbose reify failed optional dependency C:\laragon\www\system-school\node_modules\@rollup\rollup-linux-x64-gnu
165 silly reify mark deleted [
165 silly reify   'C:\\laragon\\www\\system-school\\node_modules\\@rollup\\rollup-linux-x64-gnu'
165 silly reify ]
166 verbose reify failed optional dependency C:\laragon\www\system-school\node_modules\@rollup\rollup-linux-s390x-gnu
167 silly reify mark deleted [
167 silly reify   'C:\\laragon\\www\\system-school\\node_modules\\@rollup\\rollup-linux-s390x-gnu'
167 silly reify ]
168 verbose reify failed optional dependency C:\laragon\www\system-school\node_modules\@rollup\rollup-linux-riscv64-musl
169 silly reify mark deleted [
169 silly reify   'C:\\laragon\\www\\system-school\\node_modules\\@rollup\\rollup-linux-riscv64-musl'
169 silly reify ]
170 verbose reify failed optional dependency C:\laragon\www\system-school\node_modules\@rollup\rollup-linux-riscv64-gnu
171 silly reify mark deleted [
171 silly reify   'C:\\laragon\\www\\system-school\\node_modules\\@rollup\\rollup-linux-riscv64-gnu'
171 silly reify ]
172 verbose reify failed optional dependency C:\laragon\www\system-school\node_modules\@rollup\rollup-linux-ppc64-gnu
173 silly reify mark deleted [
173 silly reify   'C:\\laragon\\www\\system-school\\node_modules\\@rollup\\rollup-linux-ppc64-gnu'
173 silly reify ]
174 verbose reify failed optional dependency C:\laragon\www\system-school\node_modules\@rollup\rollup-linux-loongarch64-gnu
175 silly reify mark deleted [
175 silly reify   'C:\\laragon\\www\\system-school\\node_modules\\@rollup\\rollup-linux-loongarch64-gnu'
175 silly reify ]
176 verbose reify failed optional dependency C:\laragon\www\system-school\node_modules\@rollup\rollup-linux-arm64-musl
177 silly reify mark deleted [
177 silly reify   'C:\\laragon\\www\\system-school\\node_modules\\@rollup\\rollup-linux-arm64-musl'
177 silly reify ]
178 verbose reify failed optional dependency C:\laragon\www\system-school\node_modules\@rollup\rollup-linux-arm64-gnu
179 silly reify mark deleted [
179 silly reify   'C:\\laragon\\www\\system-school\\node_modules\\@rollup\\rollup-linux-arm64-gnu'
179 silly reify ]
180 verbose reify failed optional dependency C:\laragon\www\system-school\node_modules\@rollup\rollup-linux-arm-musleabihf
181 silly reify mark deleted [
181 silly reify   'C:\\laragon\\www\\system-school\\node_modules\\@rollup\\rollup-linux-arm-musleabihf'
181 silly reify ]
182 verbose reify failed optional dependency C:\laragon\www\system-school\node_modules\@rollup\rollup-linux-arm-gnueabihf
183 silly reify mark deleted [
183 silly reify   'C:\\laragon\\www\\system-school\\node_modules\\@rollup\\rollup-linux-arm-gnueabihf'
183 silly reify ]
184 verbose reify failed optional dependency C:\laragon\www\system-school\node_modules\@rollup\rollup-freebsd-x64
185 silly reify mark deleted [
185 silly reify   'C:\\laragon\\www\\system-school\\node_modules\\@rollup\\rollup-freebsd-x64'
185 silly reify ]
186 verbose reify failed optional dependency C:\laragon\www\system-school\node_modules\@rollup\rollup-freebsd-arm64
187 silly reify mark deleted [
187 silly reify   'C:\\laragon\\www\\system-school\\node_modules\\@rollup\\rollup-freebsd-arm64'
187 silly reify ]
188 verbose reify failed optional dependency C:\laragon\www\system-school\node_modules\@rollup\rollup-darwin-x64
189 silly reify mark deleted [
189 silly reify   'C:\\laragon\\www\\system-school\\node_modules\\@rollup\\rollup-darwin-x64'
189 silly reify ]
190 verbose reify failed optional dependency C:\laragon\www\system-school\node_modules\@rollup\rollup-darwin-arm64
191 silly reify mark deleted [
191 silly reify   'C:\\laragon\\www\\system-school\\node_modules\\@rollup\\rollup-darwin-arm64'
191 silly reify ]
192 verbose reify failed optional dependency C:\laragon\www\system-school\node_modules\@rollup\rollup-android-arm64
193 silly reify mark deleted [
193 silly reify   'C:\\laragon\\www\\system-school\\node_modules\\@rollup\\rollup-android-arm64'
193 silly reify ]
194 verbose reify failed optional dependency C:\laragon\www\system-school\node_modules\@rollup\rollup-android-arm-eabi
195 silly reify mark deleted [
195 silly reify   'C:\\laragon\\www\\system-school\\node_modules\\@rollup\\rollup-android-arm-eabi'
195 silly reify ]
196 verbose reify failed optional dependency C:\laragon\www\system-school\node_modules\rollup\node_modules\@rollup\rollup-linux-x64-gnu
197 silly reify mark deleted [
197 silly reify   'C:\\laragon\\www\\system-school\\node_modules\\rollup\\node_modules\\@rollup\\rollup-linux-x64-gnu'
197 silly reify ]
198 http cache sonner@https://registry.npmjs.org/sonner/-/sonner-2.0.7.tgz 0ms (cache hit)
199 silly packumentCache corgi:https://registry.npmjs.org/zod-validation-error cache-miss
200 http cache lru-cache@https://registry.npmjs.org/lru-cache/-/lru-cache-5.1.1.tgz 0ms (cache hit)
201 http cache input-otp@https://registry.npmjs.org/input-otp/-/input-otp-1.4.2.tgz 0ms (cache hit)
202 silly packumentCache corgi:https://registry.npmjs.org/yargs-parser cache-miss
203 silly packumentCache corgi:https://registry.npmjs.org/yocto-queue cache-miss
204 silly packumentCache corgi:https://registry.npmjs.org/xmlbuilder cache-miss
205 http cache xmlhttprequest-ssl@https://registry.npmjs.org/xmlhttprequest-ssl/-/xmlhttprequest-ssl-2.1.2.tgz 0ms (cache hit)
206 silly packumentCache corgi:https://registry.npmjs.org/yallist cache-miss
207 http cache ws@https://registry.npmjs.org/ws/-/ws-8.20.1.tgz 0ms (cache hit)
208 silly packumentCache corgi:https://registry.npmjs.org/word-wrap cache-miss
209 silly packumentCache corgi:https://registry.npmjs.org/wrap-ansi cache-miss
210 silly packumentCache corgi:https://registry.npmjs.org/which-typed-array cache-miss
211 silly packumentCache corgi:https://registry.npmjs.org/which-collection cache-miss
212 silly packumentCache corgi:https://registry.npmjs.org/which-builtin-type cache-miss
213 silly packumentCache corgi:https://registry.npmjs.org/which cache-miss
214 silly packumentCache corgi:https://registry.npmjs.org/which-boxed-primitive cache-miss
215 silly packumentCache corgi:https://registry.npmjs.org/vite-plugin-full-reload cache-miss
216 silly packumentCache corgi:https://registry.npmjs.org/w3c-keyname cache-miss
217 silly packumentCache corgi:https://registry.npmjs.org/util-deprecate cache-miss
218 silly packumentCache corgi:https://registry.npmjs.org/use-callback-ref cache-miss
219 silly packumentCache corgi:https://registry.npmjs.org/use-sync-external-store cache-miss
220 silly packumentCache corgi:https://registry.npmjs.org/undici-types cache-miss
221 silly packumentCache corgi:https://registry.npmjs.org/use-sidecar cache-miss
222 silly packumentCache corgi:https://registry.npmjs.org/update-browserslist-db cache-miss
223 silly packumentCache corgi:https://registry.npmjs.org/underscore cache-miss
224 silly packumentCache corgi:https://registry.npmjs.org/unbox-primitive cache-miss
225 silly packumentCache corgi:https://registry.npmjs.org/typescript cache-miss
226 silly packumentCache corgi:https://registry.npmjs.org/typed-array-byte-offset cache-miss
227 silly packumentCache corgi:https://registry.npmjs.org/typescript-eslint cache-miss
228 silly packumentCache corgi:https://registry.npmjs.org/typed-array-length cache-miss
229 silly packumentCache corgi:https://registry.npmjs.org/typed-array-buffer cache-miss
230 silly packumentCache corgi:https://registry.npmjs.org/typed-array-byte-length cache-miss
231 silly packumentCache corgi:https://registry.npmjs.org/type-check cache-miss
232 http cache tweetnacl@https://registry.npmjs.org/tweetnacl/-/tweetnacl-1.0.3.tgz 0ms (cache hit)
233 silly packumentCache corgi:https://registry.npmjs.org/tw-animate-css cache-miss
234 silly packumentCache corgi:https://registry.npmjs.org/to-regex-range cache-miss
235 silly packumentCache corgi:https://registry.npmjs.org/ts-api-utils cache-miss
236 silly packumentCache corgi:https://registry.npmjs.org/tslib cache-miss
237 silly packumentCache corgi:https://registry.npmjs.org/tree-kill cache-miss
238 silly packumentCache corgi:https://registry.npmjs.org/tiny-invariant cache-miss
239 silly packumentCache corgi:https://registry.npmjs.org/tapable cache-miss
240 silly packumentCache corgi:https://registry.npmjs.org/tailwind-merge cache-miss
241 silly packumentCache corgi:https://registry.npmjs.org/tailwindcss cache-miss
242 silly packumentCache corgi:https://registry.npmjs.org/tabbable cache-miss
243 silly packumentCache corgi:https://registry.npmjs.org/supports-preserve-symlinks-flag cache-miss
244 silly packumentCache corgi:https://registry.npmjs.org/strip-ansi cache-miss
245 silly packumentCache corgi:https://registry.npmjs.org/supports-color cache-miss
246 silly packumentCache corgi:https://registry.npmjs.org/strip-json-comments cache-miss
247 silly packumentCache corgi:https://registry.npmjs.org/string.prototype.trimend cache-miss
248 silly packumentCache corgi:https://registry.npmjs.org/string.prototype.trimstart cache-miss
249 silly packumentCache corgi:https://registry.npmjs.org/string.prototype.trim cache-miss
250 silly packumentCache corgi:https://registry.npmjs.org/string-width cache-miss
251 silly packumentCache corgi:https://registry.npmjs.org/stop-iteration-iterator cache-miss
252 silly packumentCache corgi:https://registry.npmjs.org/string_decoder cache-miss
253 silly packumentCache corgi:https://registry.npmjs.org/string.prototype.repeat cache-miss
254 silly packumentCache corgi:https://registry.npmjs.org/string.prototype.matchall cache-miss
255 http cache socket.io-parser@https://registry.npmjs.org/socket.io-parser/-/socket.io-parser-4.2.6.tgz 0ms (cache hit)
256 silly packumentCache corgi:https://registry.npmjs.org/sprintf-js cache-miss
257 silly packumentCache corgi:https://registry.npmjs.org/source-map-js cache-miss
258 silly packumentCache corgi:https://registry.npmjs.org/side-channel-weakmap cache-miss
259 silly packumentCache corgi:https://registry.npmjs.org/side-channel cache-miss
260 silly packumentCache corgi:https://registry.npmjs.org/side-channel-map cache-miss
261 silly packumentCache corgi:https://registry.npmjs.org/shebang-regex cache-miss
262 silly packumentCache corgi:https://registry.npmjs.org/shell-quote cache-miss
263 silly packumentCache corgi:https://registry.npmjs.org/side-channel-list cache-miss
264 silly packumentCache corgi:https://registry.npmjs.org/setimmediate cache-miss
265 silly packumentCache corgi:https://registry.npmjs.org/shebang-command cache-miss
266 silly packumentCache corgi:https://registry.npmjs.org/set-proto cache-miss
267 silly packumentCache corgi:https://registry.npmjs.org/set-function-length cache-miss
268 silly packumentCache corgi:https://registry.npmjs.org/set-function-name cache-miss
269 silly packumentCache corgi:https://registry.npmjs.org/semver cache-miss
270 silly packumentCache corgi:https://registry.npmjs.org/safe-regex-test cache-miss
271 silly packumentCache corgi:https://registry.npmjs.org/scheduler cache-miss
272 silly packumentCache corgi:https://registry.npmjs.org/safe-push-apply cache-miss
273 silly packumentCache corgi:https://registry.npmjs.org/safe-buffer cache-miss
274 silly packumentCache corgi:https://registry.npmjs.org/rope-sequence cache-miss
275 silly packumentCache corgi:https://registry.npmjs.org/safe-array-concat cache-miss
276 silly packumentCache corgi:https://registry.npmjs.org/run-parallel cache-miss
277 silly packumentCache corgi:https://registry.npmjs.org/reusify cache-miss
278 silly packumentCache corgi:https://registry.npmjs.org/resolve-from cache-miss
279 silly packumentCache corgi:https://registry.npmjs.org/reselect cache-miss
280 silly packumentCache corgi:https://registry.npmjs.org/reflect.getprototypeof cache-miss
281 silly packumentCache corgi:https://registry.npmjs.org/regexp.prototype.flags cache-miss
282 silly packumentCache corgi:https://registry.npmjs.org/require-directory cache-miss
283 silly packumentCache corgi:https://registry.npmjs.org/redux cache-miss
284 silly packumentCache corgi:https://registry.npmjs.org/redux-thunk cache-miss
285 silly packumentCache corgi:https://registry.npmjs.org/react-remove-scroll cache-miss
286 silly packumentCache corgi:https://registry.npmjs.org/react-style-singleton cache-miss
287 silly packumentCache corgi:https://registry.npmjs.org/react-refresh cache-miss
288 silly packumentCache corgi:https://registry.npmjs.org/react-remove-scroll-bar cache-miss
289 silly packumentCache corgi:https://registry.npmjs.org/react-redux cache-miss
290 silly packumentCache corgi:https://registry.npmjs.org/react-is cache-miss
291 silly packumentCache corgi:https://registry.npmjs.org/react-dom cache-miss
292 silly packumentCache corgi:https://registry.npmjs.org/queue-microtask cache-miss
293 silly packumentCache corgi:https://registry.npmjs.org/react cache-miss
294 silly packumentCache corgi:https://registry.npmjs.org/qs cache-miss
295 silly packumentCache corgi:https://registry.npmjs.org/punycode cache-miss
296 silly packumentCache corgi:https://registry.npmjs.org/proxy-from-env cache-miss
297 silly packumentCache corgi:https://registry.npmjs.org/prosemirror-view cache-miss
298 silly packumentCache corgi:https://registry.npmjs.org/prosemirror-tables cache-miss
299 silly packumentCache corgi:https://registry.npmjs.org/prosemirror-transform cache-miss
300 silly packumentCache corgi:https://registry.npmjs.org/prosemirror-schema-list cache-miss
301 silly packumentCache corgi:https://registry.npmjs.org/prosemirror-model cache-miss
302 silly packumentCache corgi:https://registry.npmjs.org/prosemirror-state cache-miss
303 silly packumentCache corgi:https://registry.npmjs.org/prosemirror-keymap cache-miss
304 silly packumentCache corgi:https://registry.npmjs.org/prosemirror-gapcursor cache-miss
305 silly packumentCache corgi:https://registry.npmjs.org/prosemirror-history cache-miss
306 silly packumentCache corgi:https://registry.npmjs.org/prosemirror-changeset cache-miss
307 silly packumentCache corgi:https://registry.npmjs.org/prosemirror-commands cache-miss
308 silly packumentCache corgi:https://registry.npmjs.org/prop-types cache-miss
309 silly packumentCache corgi:https://registry.npmjs.org/process-nextick-args cache-miss
310 silly packumentCache corgi:https://registry.npmjs.org/prosemirror-dropcursor cache-miss
311 silly packumentCache corgi:https://registry.npmjs.org/prettier-plugin-organize-imports cache-miss
312 silly packumentCache corgi:https://registry.npmjs.org/prettier cache-miss
313 silly packumentCache corgi:https://registry.npmjs.org/prelude-ls cache-miss
314 silly packumentCache corgi:https://registry.npmjs.org/picomatch cache-miss
315 silly packumentCache corgi:https://registry.npmjs.org/picocolors cache-miss
316 silly packumentCache corgi:https://registry.npmjs.org/postcss cache-miss
317 silly packumentCache corgi:https://registry.npmjs.org/possible-typed-array-names cache-miss
318 silly packumentCache corgi:https://registry.npmjs.org/path-parse cache-miss
319 silly packumentCache corgi:https://registry.npmjs.org/path-key cache-miss
320 silly packumentCache corgi:https://registry.npmjs.org/path-is-absolute cache-miss
321 silly packumentCache corgi:https://registry.npmjs.org/parent-module cache-miss
322 silly packumentCache corgi:https://registry.npmjs.org/path-exists cache-miss
323 silly packumentCache corgi:https://registry.npmjs.org/pako cache-miss
324 silly packumentCache corgi:https://registry.npmjs.org/p-limit cache-miss
325 silly packumentCache corgi:https://registry.npmjs.org/p-locate cache-miss
326 silly packumentCache corgi:https://registry.npmjs.org/orderedmap cache-miss
327 silly packumentCache corgi:https://registry.npmjs.org/own-keys cache-miss
328 silly packumentCache corgi:https://registry.npmjs.org/optionator cache-miss
329 silly packumentCache corgi:https://registry.npmjs.org/option cache-miss
330 silly packumentCache corgi:https://registry.npmjs.org/object.values cache-miss
331 silly packumentCache corgi:https://registry.npmjs.org/object.assign cache-miss
332 silly packumentCache corgi:https://registry.npmjs.org/object.entries cache-miss
333 silly packumentCache corgi:https://registry.npmjs.org/object.fromentries cache-miss
334 silly packumentCache corgi:https://registry.npmjs.org/object-inspect cache-miss
335 silly packumentCache corgi:https://registry.npmjs.org/object-keys cache-miss
336 silly packumentCache corgi:https://registry.npmjs.org/object-assign cache-miss
337 silly packumentCache corgi:https://registry.npmjs.org/natural-compare cache-miss
338 silly packumentCache corgi:https://registry.npmjs.org/node-releases cache-miss
339 silly packumentCache corgi:https://registry.npmjs.org/minizlib cache-miss
340 silly packumentCache corgi:https://registry.npmjs.org/ms cache-miss
341 silly packumentCache corgi:https://registry.npmjs.org/nanoid cache-miss
342 silly packumentCache corgi:https://registry.npmjs.org/minimatch cache-miss
343 silly packumentCache corgi:https://registry.npmjs.org/micromatch cache-miss
344 silly packumentCache corgi:https://registry.npmjs.org/mime-types cache-miss
345 silly packumentCache corgi:https://registry.npmjs.org/minipass cache-miss
346 silly packumentCache corgi:https://registry.npmjs.org/merge2 cache-miss
347 silly packumentCache corgi:https://registry.npmjs.org/math-intrinsics cache-miss
348 silly packumentCache corgi:https://registry.npmjs.org/mime-db cache-miss
349 silly packumentCache corgi:https://registry.npmjs.org/lop cache-miss
350 silly packumentCache corgi:https://registry.npmjs.org/loose-envify cache-miss
351 silly packumentCache corgi:https://registry.npmjs.org/magic-string cache-miss
352 silly packumentCache corgi:https://registry.npmjs.org/lodash.merge cache-miss
353 silly packumentCache corgi:https://registry.npmjs.org/lodash-es cache-miss
354 silly packumentCache corgi:https://registry.npmjs.org/lodash cache-miss
355 silly packumentCache corgi:https://registry.npmjs.org/locate-path cache-miss
356 silly packumentCache corgi:https://registry.npmjs.org/lightningcss-win32-x64-msvc cache-miss
357 silly packumentCache corgi:https://registry.npmjs.org/linkifyjs cache-miss
358 silly packumentCache corgi:https://registry.npmjs.org/lie cache-miss
359 silly packumentCache corgi:https://registry.npmjs.org/lightningcss cache-miss
360 silly packumentCache corgi:https://registry.npmjs.org/laravel-vite-plugin cache-miss
361 silly packumentCache corgi:https://registry.npmjs.org/keyv cache-miss
362 silly packumentCache corgi:https://registry.npmjs.org/jszip cache-miss
363 silly packumentCache corgi:https://registry.npmjs.org/levn cache-miss
364 silly packumentCache corgi:https://registry.npmjs.org/json-stable-stringify-without-jsonify cache-miss
365 silly packumentCache corgi:https://registry.npmjs.org/json5 cache-miss
366 silly packumentCache corgi:https://registry.npmjs.org/json-schema-traverse cache-miss
367 silly packumentCache corgi:https://registry.npmjs.org/jsesc cache-miss
368 silly packumentCache corgi:https://registry.npmjs.org/json-buffer cache-miss
369 silly packumentCache corgi:https://registry.npmjs.org/js-yaml cache-miss
370 silly packumentCache corgi:https://registry.npmjs.org/js-tokens cache-miss
371 silly packumentCache corgi:https://registry.npmjs.org/jiti cache-miss
372 silly packumentCache corgi:https://registry.npmjs.org/isarray cache-miss
373 silly packumentCache corgi:https://registry.npmjs.org/is-weakref cache-miss
374 silly packumentCache corgi:https://registry.npmjs.org/isexe cache-miss
375 silly packumentCache corgi:https://registry.npmjs.org/iterator.prototype cache-miss
376 silly packumentCache corgi:https://registry.npmjs.org/is-weakmap cache-miss
377 silly packumentCache corgi:https://registry.npmjs.org/is-typed-array cache-miss
378 silly packumentCache corgi:https://registry.npmjs.org/is-symbol cache-miss
379 silly packumentCache corgi:https://registry.npmjs.org/is-string cache-miss
380 silly packumentCache corgi:https://registry.npmjs.org/is-weakset cache-miss
381 silly packumentCache corgi:https://registry.npmjs.org/is-shared-array-buffer cache-miss
382 silly packumentCache corgi:https://registry.npmjs.org/is-regex cache-miss
383 silly packumentCache corgi:https://registry.npmjs.org/is-set cache-miss
384 silly packumentCache corgi:https://registry.npmjs.org/is-number-object cache-miss
385 silly packumentCache corgi:https://registry.npmjs.org/is-negative-zero cache-miss
386 silly packumentCache corgi:https://registry.npmjs.org/is-number cache-miss
387 silly packumentCache corgi:https://registry.npmjs.org/is-generator-function cache-miss
388 silly packumentCache corgi:https://registry.npmjs.org/is-glob cache-miss
389 silly packumentCache corgi:https://registry.npmjs.org/is-map cache-miss
390 silly packumentCache corgi:https://registry.npmjs.org/is-fullwidth-code-point cache-miss
391 silly packumentCache corgi:https://registry.npmjs.org/is-finalizationregistry cache-miss
392 silly packumentCache corgi:https://registry.npmjs.org/is-date-object cache-miss
393 silly packumentCache corgi:https://registry.npmjs.org/is-core-module cache-miss
394 silly packumentCache corgi:https://registry.npmjs.org/is-data-view cache-miss
395 silly packumentCache corgi:https://registry.npmjs.org/is-extglob cache-miss
396 silly packumentCache corgi:https://registry.npmjs.org/is-bigint cache-miss
397 silly packumentCache corgi:https://registry.npmjs.org/is-callable cache-miss
398 silly packumentCache corgi:https://registry.npmjs.org/internmap cache-miss
399 silly packumentCache corgi:https://registry.npmjs.org/is-boolean-object cache-miss
400 silly packumentCache corgi:https://registry.npmjs.org/is-async-function cache-miss
401 silly packumentCache corgi:https://registry.npmjs.org/internal-slot cache-miss
402 silly packumentCache corgi:https://registry.npmjs.org/is-array-buffer cache-miss
403 silly packumentCache corgi:https://registry.npmjs.org/inherits cache-miss
404 silly packumentCache corgi:https://registry.npmjs.org/import-fresh cache-miss
405 silly packumentCache corgi:https://registry.npmjs.org/immer cache-miss
406 silly packumentCache corgi:https://registry.npmjs.org/imurmurhash cache-miss
407 silly packumentCache corgi:https://registry.npmjs.org/ignore cache-miss
408 silly packumentCache corgi:https://registry.npmjs.org/hermes-parser cache-miss
409 silly packumentCache corgi:https://registry.npmjs.org/immediate cache-miss
410 silly packumentCache corgi:https://registry.npmjs.org/hasown cache-miss
411 silly packumentCache corgi:https://registry.npmjs.org/has-tostringtag cache-miss
412 silly packumentCache corgi:https://registry.npmjs.org/hermes-estree cache-miss
413 silly packumentCache corgi:https://registry.npmjs.org/has-symbols cache-miss
414 silly packumentCache corgi:https://registry.npmjs.org/has-proto cache-miss
415 silly packumentCache corgi:https://registry.npmjs.org/has-bigints cache-miss
416 silly packumentCache corgi:https://registry.npmjs.org/has-property-descriptors cache-miss
417 silly packumentCache corgi:https://registry.npmjs.org/has-flag cache-miss
418 silly packumentCache corgi:https://registry.npmjs.org/graceful-fs cache-miss
419 silly packumentCache corgi:https://registry.npmjs.org/gopd cache-miss
420 silly packumentCache corgi:https://registry.npmjs.org/glob-parent cache-miss
421 silly packumentCache corgi:https://registry.npmjs.org/globalthis cache-miss
422 silly packumentCache corgi:https://registry.npmjs.org/graphemer cache-miss
423 silly packumentCache corgi:https://registry.npmjs.org/globals cache-miss
424 silly packumentCache corgi:https://registry.npmjs.org/get-proto cache-miss
425 silly packumentCache corgi:https://registry.npmjs.org/get-caller-file cache-miss
426 silly packumentCache corgi:https://registry.npmjs.org/get-intrinsic cache-miss
427 silly packumentCache corgi:https://registry.npmjs.org/get-nonce cache-miss
428 silly packumentCache corgi:https://registry.npmjs.org/get-symbol-description cache-miss
429 silly packumentCache corgi:https://registry.npmjs.org/functions-have-names cache-miss
430 silly packumentCache corgi:https://registry.npmjs.org/gensync cache-miss
431 silly packumentCache corgi:https://registry.npmjs.org/function.prototype.name cache-miss
432 silly packumentCache corgi:https://registry.npmjs.org/form-data cache-miss
433 silly packumentCache corgi:https://registry.npmjs.org/function-bind cache-miss
434 silly packumentCache corgi:https://registry.npmjs.org/flat-cache cache-miss
435 silly packumentCache corgi:https://registry.npmjs.org/for-each cache-miss
436 silly packumentCache corgi:https://registry.npmjs.org/flatted cache-miss
437 silly packumentCache corgi:https://registry.npmjs.org/find-up cache-miss
438 silly packumentCache corgi:https://registry.npmjs.org/follow-redirects cache-miss
439 silly packumentCache corgi:https://registry.npmjs.org/fill-range cache-miss
440 silly packumentCache corgi:https://registry.npmjs.org/file-entry-cache cache-miss
441 silly packumentCache corgi:https://registry.npmjs.org/fast-levenshtein cache-miss
442 silly packumentCache corgi:https://registry.npmjs.org/fastq cache-miss
443 silly packumentCache corgi:https://registry.npmjs.org/fast-deep-equal cache-miss
444 silly packumentCache corgi:https://registry.npmjs.org/fast-equals cache-miss
445 silly packumentCache corgi:https://registry.npmjs.org/fast-json-stable-stringify cache-miss
446 silly packumentCache corgi:https://registry.npmjs.org/estraverse cache-miss
447 silly packumentCache corgi:https://registry.npmjs.org/esrecurse cache-miss
448 silly packumentCache corgi:https://registry.npmjs.org/eventemitter3 cache-miss
449 silly packumentCache corgi:https://registry.npmjs.org/esutils cache-miss
450 silly packumentCache corgi:https://registry.npmjs.org/esquery cache-miss
451 silly packumentCache corgi:https://registry.npmjs.org/espree cache-miss
452 silly packumentCache corgi:https://registry.npmjs.org/eslint-scope cache-miss
453 silly packumentCache corgi:https://registry.npmjs.org/eslint-visitor-keys cache-miss
454 silly packumentCache corgi:https://registry.npmjs.org/eslint-plugin-react-hooks cache-miss
455 silly packumentCache corgi:https://registry.npmjs.org/eslint-plugin-react cache-miss
456 silly packumentCache corgi:https://registry.npmjs.org/eslint-config-prettier cache-miss
457 silly packumentCache corgi:https://registry.npmjs.org/escape-string-regexp cache-miss
458 silly packumentCache corgi:https://registry.npmjs.org/es-to-primitive cache-miss
459 silly packumentCache corgi:https://registry.npmjs.org/escalade cache-miss
460 silly packumentCache corgi:https://registry.npmjs.org/esbuild cache-miss
461 silly packumentCache corgi:https://registry.npmjs.org/es-set-tostringtag cache-miss
462 silly packumentCache corgi:https://registry.npmjs.org/es-shim-unscopables cache-miss
463 silly packumentCache corgi:https://registry.npmjs.org/es-errors cache-miss
464 silly packumentCache corgi:https://registry.npmjs.org/es-iterator-helpers cache-miss
465 silly packumentCache corgi:https://registry.npmjs.org/es-abstract cache-miss
466 silly packumentCache corgi:https://registry.npmjs.org/es-define-property cache-miss
467 silly packumentCache corgi:https://registry.npmjs.org/es-object-atoms cache-miss
468 silly packumentCache corgi:https://registry.npmjs.org/emoji-regex cache-miss
469 silly packumentCache corgi:https://registry.npmjs.org/enhanced-resolve cache-miss
470 silly packumentCache corgi:https://registry.npmjs.org/duck cache-miss
471 silly packumentCache corgi:https://registry.npmjs.org/electron-to-chromium cache-miss
472 silly packumentCache corgi:https://registry.npmjs.org/docx-preview cache-miss
473 silly packumentCache corgi:https://registry.npmjs.org/dunder-proto cache-miss
474 silly packumentCache corgi:https://registry.npmjs.org/doctrine cache-miss
475 silly packumentCache corgi:https://registry.npmjs.org/detect-node-es cache-miss
476 silly packumentCache corgi:https://registry.npmjs.org/dingbat-to-unicode cache-miss
477 silly packumentCache corgi:https://registry.npmjs.org/detect-libc cache-miss
478 silly packumentCache corgi:https://registry.npmjs.org/delayed-stream cache-miss
479 silly packumentCache corgi:https://registry.npmjs.org/define-properties cache-miss
480 silly packumentCache corgi:https://registry.npmjs.org/decimal.js-light cache-miss
481 silly packumentCache corgi:https://registry.npmjs.org/debug cache-miss
482 silly packumentCache corgi:https://registry.npmjs.org/deep-is cache-miss
483 silly packumentCache corgi:https://registry.npmjs.org/define-data-property cache-miss
484 silly packumentCache corgi:https://registry.npmjs.org/data-view-byte-offset cache-miss
485 silly packumentCache corgi:https://registry.npmjs.org/data-view-byte-length cache-miss
486 silly packumentCache corgi:https://registry.npmjs.org/data-view-buffer cache-miss
487 silly packumentCache corgi:https://registry.npmjs.org/d3-time-format cache-miss
488 silly packumentCache corgi:https://registry.npmjs.org/d3-time cache-miss
489 silly packumentCache corgi:https://registry.npmjs.org/d3-timer cache-miss
490 silly packumentCache corgi:https://registry.npmjs.org/d3-scale cache-miss
491 silly packumentCache corgi:https://registry.npmjs.org/d3-interpolate cache-miss
492 silly packumentCache corgi:https://registry.npmjs.org/d3-shape cache-miss
493 silly packumentCache corgi:https://registry.npmjs.org/d3-format cache-miss
494 silly packumentCache corgi:https://registry.npmjs.org/d3-path cache-miss
495 silly packumentCache corgi:https://registry.npmjs.org/d3-ease cache-miss
496 silly packumentCache corgi:https://registry.npmjs.org/d3-color cache-miss
497 silly packumentCache corgi:https://registry.npmjs.org/csstype cache-miss
498 silly packumentCache corgi:https://registry.npmjs.org/cross-spawn cache-miss
499 silly packumentCache corgi:https://registry.npmjs.org/core-util-is cache-miss
500 silly packumentCache corgi:https://registry.npmjs.org/convert-source-map cache-miss
501 silly packumentCache corgi:https://registry.npmjs.org/d3-array cache-miss
502 silly packumentCache corgi:https://registry.npmjs.org/concat-map cache-miss
503 silly packumentCache corgi:https://registry.npmjs.org/combined-stream cache-miss
504 silly packumentCache corgi:https://registry.npmjs.org/color-name cache-miss
505 silly packumentCache corgi:https://registry.npmjs.org/cliui cache-miss
506 silly packumentCache corgi:https://registry.npmjs.org/class-variance-authority cache-miss
507 silly packumentCache corgi:https://registry.npmjs.org/color-convert cache-miss
508 silly packumentCache corgi:https://registry.npmjs.org/chownr cache-miss
509 silly packumentCache corgi:https://registry.npmjs.org/clsx cache-miss
510 silly packumentCache corgi:https://registry.npmjs.org/call-bound cache-miss
511 silly packumentCache corgi:https://registry.npmjs.org/chalk cache-miss
512 silly packumentCache corgi:https://registry.npmjs.org/caniuse-lite cache-miss
513 silly packumentCache corgi:https://registry.npmjs.org/callsites cache-miss
514 silly packumentCache corgi:https://registry.npmjs.org/call-bind cache-miss
515 silly packumentCache corgi:https://registry.npmjs.org/braces cache-miss
516 silly packumentCache corgi:https://registry.npmjs.org/call-bind-apply-helpers cache-miss
517 silly packumentCache corgi:https://registry.npmjs.org/bluebird cache-miss
518 silly packumentCache corgi:https://registry.npmjs.org/browserslist cache-miss
519 silly packumentCache corgi:https://registry.npmjs.org/brace-expansion cache-miss
520 silly packumentCache corgi:https://registry.npmjs.org/balanced-match cache-miss
521 silly packumentCache corgi:https://registry.npmjs.org/base64-js cache-miss
522 silly packumentCache corgi:https://registry.npmjs.org/available-typed-arrays cache-miss
523 silly packumentCache corgi:https://registry.npmjs.org/asynckit cache-miss
524 silly packumentCache corgi:https://registry.npmjs.org/babel-plugin-react-compiler cache-miss
525 silly packumentCache corgi:https://registry.npmjs.org/async-function cache-miss
526 silly packumentCache corgi:https://registry.npmjs.org/arraybuffer.prototype.slice cache-miss
527 silly packumentCache corgi:https://registry.npmjs.org/array.prototype.tosorted cache-miss
528 silly packumentCache corgi:https://registry.npmjs.org/array.prototype.findlast cache-miss
529 silly packumentCache corgi:https://registry.npmjs.org/array.prototype.flat cache-miss
530 silly packumentCache corgi:https://registry.npmjs.org/array-includes cache-miss
531 silly packumentCache corgi:https://registry.npmjs.org/array.prototype.flatmap cache-miss
532 silly packumentCache corgi:https://registry.npmjs.org/array-buffer-byte-length cache-miss
533 silly packumentCache corgi:https://registry.npmjs.org/argparse cache-miss
534 silly packumentCache corgi:https://registry.npmjs.org/ansi-regex cache-miss
535 silly packumentCache corgi:https://registry.npmjs.org/ajv cache-miss
536 silly packumentCache corgi:https://registry.npmjs.org/ansi-styles cache-miss
537 silly packumentCache corgi:https://registry.npmjs.org/acorn-jsx cache-miss
538 silly packumentCache corgi:https://registry.npmjs.org/@xmldom%2fxmldom cache-miss
539 silly packumentCache corgi:https://registry.npmjs.org/acorn cache-miss
540 silly packumentCache corgi:https://registry.npmjs.org/@vitejs%2fplugin-react cache-miss
541 silly packumentCache corgi:https://registry.npmjs.org/@typescript-eslint%2fvisitor-keys cache-miss
542 silly packumentCache corgi:https://registry.npmjs.org/aria-hidden cache-miss
543 silly packumentCache corgi:https://registry.npmjs.org/@types%2fuse-sync-external-store cache-miss
544 silly packumentCache corgi:https://registry.npmjs.org/@typescript-eslint%2fparser cache-miss
545 silly packumentCache corgi:https://registry.npmjs.org/@types%2freact-dom cache-miss
546 silly packumentCache corgi:https://registry.npmjs.org/@typescript-eslint%2fproject-service cache-miss
547 silly packumentCache corgi:https://registry.npmjs.org/@typescript-eslint%2ftsconfig-utils cache-miss
548 silly packumentCache corgi:https://registry.npmjs.org/@types%2fnode cache-miss
549 silly packumentCache corgi:https://registry.npmjs.org/@types%2freact cache-miss
550 silly packumentCache corgi:https://registry.npmjs.org/@types%2flodash-es cache-miss
551 silly packumentCache corgi:https://registry.npmjs.org/@types%2festree cache-miss
552 silly packumentCache corgi:https://registry.npmjs.org/@types%2fjson-schema cache-miss
553 silly packumentCache corgi:https://registry.npmjs.org/@types%2flodash cache-miss
554 silly packumentCache corgi:https://registry.npmjs.org/@types%2fd3-shape cache-miss
555 silly packumentCache corgi:https://registry.npmjs.org/@types%2fd3-time cache-miss
556 silly packumentCache corgi:https://registry.npmjs.org/@types%2fd3-timer cache-miss
557 silly packumentCache corgi:https://registry.npmjs.org/@types%2fd3-scale cache-miss
558 silly packumentCache corgi:https://registry.npmjs.org/@types%2fd3-path cache-miss
559 silly packumentCache corgi:https://registry.npmjs.org/@types%2fd3-ease cache-miss
560 silly packumentCache corgi:https://registry.npmjs.org/@types%2fd3-interpolate cache-miss
561 silly packumentCache corgi:https://registry.npmjs.org/@types%2fd3-array cache-miss
562 silly packumentCache corgi:https://registry.npmjs.org/@types%2fbabel__traverse cache-miss
563 silly packumentCache corgi:https://registry.npmjs.org/@types%2fbabel__template cache-miss
564 silly packumentCache corgi:https://registry.npmjs.org/@types%2fd3-color cache-miss
565 silly packumentCache corgi:https://registry.npmjs.org/@types%2fbabel__generator cache-miss
566 silly packumentCache corgi:https://registry.npmjs.org/@types%2fbabel__core cache-miss
567 silly packumentCache corgi:https://registry.npmjs.org/@tiptap%2fextension-text-align cache-miss
568 silly packumentCache corgi:https://registry.npmjs.org/@tiptap%2fstarter-kit cache-miss
569 silly packumentCache corgi:https://registry.npmjs.org/@tiptap%2fextension-text cache-miss
570 silly packumentCache corgi:https://registry.npmjs.org/@tiptap%2fextension-underline cache-miss
571 silly packumentCache corgi:https://registry.npmjs.org/@tiptap%2fextension-strike cache-miss
572 silly packumentCache corgi:https://registry.npmjs.org/@tiptap%2fextension-ordered-list cache-miss
573 silly packumentCache corgi:https://registry.npmjs.org/@tiptap%2fextension-paragraph cache-miss
574 silly packumentCache corgi:https://registry.npmjs.org/@tiptap%2fextension-list-item cache-miss
575 silly packumentCache corgi:https://registry.npmjs.org/@tiptap%2fextension-image cache-miss
576 silly packumentCache corgi:https://registry.npmjs.org/@tiptap%2fextension-list-keymap cache-miss
577 silly packumentCache corgi:https://registry.npmjs.org/@tiptap%2fextension-italic cache-miss
578 silly packumentCache corgi:https://registry.npmjs.org/@tiptap%2fextension-horizontal-rule cache-miss
579 silly packumentCache corgi:https://registry.npmjs.org/@tiptap%2fextension-highlight cache-miss
580 silly packumentCache corgi:https://registry.npmjs.org/@tiptap%2fextension-gapcursor cache-miss
581 silly packumentCache corgi:https://registry.npmjs.org/@tiptap%2fextension-heading cache-miss
582 silly packumentCache corgi:https://registry.npmjs.org/@tiptap%2fextension-hard-break cache-miss
583 silly packumentCache corgi:https://registry.npmjs.org/@tiptap%2fextension-font-family cache-miss
584 silly packumentCache corgi:https://registry.npmjs.org/@tiptap%2fextension-floating-menu cache-miss
585 silly packumentCache corgi:https://registry.npmjs.org/@tiptap%2fextension-color cache-miss
586 silly packumentCache corgi:https://registry.npmjs.org/@tiptap%2fextension-document cache-miss
587 silly packumentCache corgi:https://registry.npmjs.org/@tiptap%2fextension-dropcursor cache-miss
588 silly packumentCache corgi:https://registry.npmjs.org/@tiptap%2fextension-code-block cache-miss
589 silly packumentCache corgi:https://registry.npmjs.org/@tiptap%2fextension-code cache-miss
590 silly packumentCache corgi:https://registry.npmjs.org/@tiptap%2fextension-bubble-menu cache-miss
591 silly packumentCache corgi:https://registry.npmjs.org/@tiptap%2fextension-bullet-list cache-miss
592 silly packumentCache corgi:https://registry.npmjs.org/@tiptap%2fextension-blockquote cache-miss
593 silly packumentCache corgi:https://registry.npmjs.org/@tailwindcss%2fvite cache-miss
594 silly packumentCache corgi:https://registry.npmjs.org/@tiptap%2fextension-bold cache-miss
595 silly packumentCache corgi:https://registry.npmjs.org/@tailwindcss%2fnode cache-miss
596 silly packumentCache corgi:https://registry.npmjs.org/@rollup%2frollup-win32-x64-msvc cache-miss
597 silly packumentCache corgi:https://registry.npmjs.org/@standard-schema%2futils cache-miss
598 silly packumentCache corgi:https://registry.npmjs.org/@standard-schema%2fspec cache-miss
599 silly packumentCache corgi:https://registry.npmjs.org/@rolldown%2fpluginutils cache-miss
600 silly packumentCache corgi:https://registry.npmjs.org/@react-stately%2futils cache-miss
601 silly packumentCache corgi:https://registry.npmjs.org/@react-types%2fshared cache-miss
602 silly packumentCache corgi:https://registry.npmjs.org/@react-stately%2fflags cache-miss
603 silly packumentCache corgi:https://registry.npmjs.org/@react-aria%2ffocus cache-miss
604 silly packumentCache corgi:https://registry.npmjs.org/@react-aria%2finteractions cache-miss
605 silly packumentCache corgi:https://registry.npmjs.org/@radix-ui%2frect cache-miss
606 silly packumentCache corgi:https://registry.npmjs.org/@react-aria%2fssr cache-miss
607 silly packumentCache corgi:https://registry.npmjs.org/@radix-ui%2freact-visually-hidden cache-miss
608 silly packumentCache corgi:https://registry.npmjs.org/@radix-ui%2freact-use-size cache-miss
609 silly packumentCache corgi:https://registry.npmjs.org/@radix-ui%2freact-use-previous cache-miss
610 silly packumentCache corgi:https://registry.npmjs.org/@radix-ui%2freact-use-rect cache-miss
611 silly packumentCache corgi:https://registry.npmjs.org/@radix-ui%2freact-use-layout-effect cache-miss
612 silly packumentCache corgi:https://registry.npmjs.org/@radix-ui%2freact-use-is-hydrated cache-miss
613 silly packumentCache corgi:https://registry.npmjs.org/@radix-ui%2freact-use-escape-keydown cache-miss
614 silly packumentCache corgi:https://registry.npmjs.org/@radix-ui%2freact-use-callback-ref cache-miss
615 silly packumentCache corgi:https://registry.npmjs.org/@radix-ui%2freact-use-controllable-state cache-miss
616 silly packumentCache corgi:https://registry.npmjs.org/@radix-ui%2freact-use-effect-event cache-miss
617 silly packumentCache corgi:https://registry.npmjs.org/@radix-ui%2freact-toggle cache-miss
618 silly packumentCache corgi:https://registry.npmjs.org/@radix-ui%2freact-tooltip cache-miss
619 silly packumentCache corgi:https://registry.npmjs.org/@radix-ui%2freact-slot cache-miss
620 silly packumentCache corgi:https://registry.npmjs.org/@radix-ui%2freact-toggle-group cache-miss
621 silly packumentCache corgi:https://registry.npmjs.org/@radix-ui%2freact-select cache-miss
622 silly packumentCache corgi:https://registry.npmjs.org/@radix-ui%2freact-separator cache-miss
623 silly packumentCache corgi:https://registry.npmjs.org/@radix-ui%2freact-roving-focus cache-miss
624 silly packumentCache corgi:https://registry.npmjs.org/@radix-ui%2freact-presence cache-miss
625 silly packumentCache corgi:https://registry.npmjs.org/@radix-ui%2freact-portal cache-miss
626 silly packumentCache corgi:https://registry.npmjs.org/@radix-ui%2freact-popper cache-miss
627 silly packumentCache corgi:https://registry.npmjs.org/@radix-ui%2freact-primitive cache-miss
628 silly packumentCache corgi:https://registry.npmjs.org/@radix-ui%2freact-popover cache-miss
629 silly packumentCache corgi:https://registry.npmjs.org/@radix-ui%2freact-navigation-menu cache-miss
630 silly packumentCache corgi:https://registry.npmjs.org/@radix-ui%2freact-label cache-miss
631 silly packumentCache corgi:https://registry.npmjs.org/@radix-ui%2freact-focus-scope cache-miss
632 silly packumentCache corgi:https://registry.npmjs.org/@radix-ui%2freact-menu cache-miss
633 silly packumentCache corgi:https://registry.npmjs.org/@radix-ui%2freact-id cache-miss
634 silly packumentCache corgi:https://registry.npmjs.org/@radix-ui%2freact-focus-guards cache-miss
635 silly packumentCache corgi:https://registry.npmjs.org/@radix-ui%2freact-dropdown-menu cache-miss
636 silly packumentCache corgi:https://registry.npmjs.org/@radix-ui%2freact-context cache-miss
637 silly packumentCache corgi:https://registry.npmjs.org/@radix-ui%2freact-direction cache-miss
638 silly packumentCache corgi:https://registry.npmjs.org/@radix-ui%2freact-compose-refs cache-miss
639 silly packumentCache corgi:https://registry.npmjs.org/@radix-ui%2freact-dismissable-layer cache-miss
640 silly packumentCache corgi:https://registry.npmjs.org/@radix-ui%2freact-collection cache-miss
641 silly packumentCache corgi:https://registry.npmjs.org/@radix-ui%2freact-dialog cache-miss
642 silly packumentCache corgi:https://registry.npmjs.org/@radix-ui%2freact-collapsible cache-miss
643 silly packumentCache corgi:https://registry.npmjs.org/@radix-ui%2freact-arrow cache-miss
644 silly packumentCache corgi:https://registry.npmjs.org/@radix-ui%2freact-avatar cache-miss
645 silly packumentCache corgi:https://registry.npmjs.org/@radix-ui%2fprimitive cache-miss
646 silly packumentCache corgi:https://registry.npmjs.org/@radix-ui%2freact-checkbox cache-miss
647 silly packumentCache corgi:https://registry.npmjs.org/@radix-ui%2fnumber cache-miss
648 silly packumentCache corgi:https://registry.npmjs.org/@jridgewell%2ftrace-mapping cache-miss
649 silly packumentCache corgi:https://registry.npmjs.org/@inertiajs%2freact cache-miss
650 silly packumentCache corgi:https://registry.npmjs.org/@jridgewell%2fsourcemap-codec cache-miss
651 silly packumentCache corgi:https://registry.npmjs.org/@inertiajs%2fcore cache-miss
652 silly packumentCache corgi:https://registry.npmjs.org/@jridgewell%2fremapping cache-miss
653 silly packumentCache corgi:https://registry.npmjs.org/@floating-ui%2futils cache-miss
654 silly packumentCache corgi:https://registry.npmjs.org/@humanfs%2fcore cache-miss
655 silly packumentCache corgi:https://registry.npmjs.org/@humanwhocodes%2fmodule-importer cache-miss
656 silly packumentCache corgi:https://registry.npmjs.org/@humanwhocodes%2fretry cache-miss
657 silly packumentCache corgi:https://registry.npmjs.org/@floating-ui%2freact-dom cache-miss
658 silly packumentCache corgi:https://registry.npmjs.org/@floating-ui%2freact cache-miss
659 silly packumentCache corgi:https://registry.npmjs.org/@eslint-community%2fregexpp cache-miss
660 silly packumentCache corgi:https://registry.npmjs.org/@floating-ui%2fdom cache-miss
661 silly packumentCache corgi:https://registry.npmjs.org/@floating-ui%2fcore cache-miss
662 silly packumentCache corgi:https://registry.npmjs.org/@esbuild%2fwin32-x64 cache-miss
663 silly packumentCache corgi:https://registry.npmjs.org/@date-fns%2ftz cache-miss
664 silly packumentCache corgi:https://registry.npmjs.org/@babel%2ftemplate cache-miss
665 silly packumentCache corgi:https://registry.npmjs.org/@babel%2fplugin-transform-react-jsx-self cache-miss
666 silly packumentCache corgi:https://registry.npmjs.org/@babel%2fhelper-validator-option cache-miss
667 silly packumentCache corgi:https://registry.npmjs.org/@babel%2fparser cache-miss
668 silly packumentCache corgi:https://registry.npmjs.org/@babel%2fplugin-transform-react-jsx-source cache-miss
669 silly packumentCache corgi:https://registry.npmjs.org/@babel%2fhelper-string-parser cache-miss
670 silly packumentCache corgi:https://registry.npmjs.org/@babel%2fhelper-plugin-utils cache-miss
671 silly packumentCache corgi:https://registry.npmjs.org/@babel%2fhelper-module-imports cache-miss
672 silly packumentCache corgi:https://registry.npmjs.org/@babel%2fhelper-module-transforms cache-miss
673 silly packumentCache corgi:https://registry.npmjs.org/@babel%2fhelper-compilation-targets cache-miss
674 silly packumentCache corgi:https://registry.npmjs.org/@babel%2fhelper-globals cache-miss
675 silly packumentCache corgi:https://registry.npmjs.org/@babel%2fhelper-validator-identifier cache-miss
676 silly packumentCache corgi:https://registry.npmjs.org/@babel%2fcompat-data cache-miss
677 silly packumentCache corgi:https://registry.npmjs.org/@babel%2fcode-frame cache-miss
678 silly packumentCache corgi:https://registry.npmjs.org/@typescript-eslint%2futils cache-miss
679 silly packumentCache corgi:https://registry.npmjs.org/@typescript-eslint%2ftypescript-estree cache-miss
680 silly packumentCache corgi:https://registry.npmjs.org/@tailwindcss%2foxide-win32-x64-msvc cache-miss
681 silly packumentCache corgi:https://registry.npmjs.org/@typescript-eslint%2ftype-utils cache-miss
682 silly packumentCache corgi:https://registry.npmjs.org/@typescript-eslint%2ftypes cache-miss
683 silly packumentCache corgi:https://registry.npmjs.org/@tailwindcss%2foxide cache-miss
684 silly packumentCache corgi:https://registry.npmjs.org/@typescript-eslint%2feslint-plugin cache-miss
685 silly packumentCache corgi:https://registry.npmjs.org/@typescript-eslint%2fscope-manager cache-miss
686 silly packumentCache corgi:https://registry.npmjs.org/@tiptap%2fextensions cache-miss
687 silly packumentCache corgi:https://registry.npmjs.org/@tiptap%2fextension-list cache-miss
688 silly packumentCache corgi:https://registry.npmjs.org/@tiptap%2fpm cache-miss
689 silly packumentCache corgi:https://registry.npmjs.org/@tiptap%2freact cache-miss
690 silly packumentCache corgi:https://registry.npmjs.org/@tiptap%2fextension-link cache-miss
691 silly packumentCache corgi:https://registry.npmjs.org/@tiptap%2fcore cache-miss
692 silly packumentCache corgi:https://registry.npmjs.org/@tiptap%2fextension-text-style cache-miss
693 silly packumentCache corgi:https://registry.npmjs.org/@tanstack%2freact-virtual cache-miss
694 silly packumentCache corgi:https://registry.npmjs.org/@tabby_ai%2fhijri-converter cache-miss
695 silly packumentCache corgi:https://registry.npmjs.org/@tanstack%2fvirtual-core cache-miss
696 silly packumentCache corgi:https://registry.npmjs.org/@reduxjs%2ftoolkit cache-miss
697 silly packumentCache corgi:https://registry.npmjs.org/@react-aria%2futils cache-miss
698 http cache @socket.io/component-emitter@https://registry.npmjs.org/@socket.io/component-emitter/-/component-emitter-3.1.2.tgz 0ms (cache hit)
699 silly packumentCache corgi:https://registry.npmjs.org/@laravel%2fvite-plugin-wayfinder cache-miss
700 http cache @laravel/echo-react@https://registry.npmjs.org/@laravel/echo-react/-/echo-react-2.3.3.tgz 0ms (cache hit)
701 silly packumentCache corgi:https://registry.npmjs.org/@swc%2fhelpers cache-miss
702 silly packumentCache corgi:https://registry.npmjs.org/@jridgewell%2fresolve-uri cache-miss
703 silly packumentCache corgi:https://registry.npmjs.org/@jridgewell%2fgen-mapping cache-miss
704 silly packumentCache corgi:https://registry.npmjs.org/@nodelib%2ffs.walk cache-miss
705 silly packumentCache corgi:https://registry.npmjs.org/@nodelib%2ffs.scandir cache-miss
706 silly packumentCache corgi:https://registry.npmjs.org/@isaacs%2ffs-minipass cache-miss
707 silly packumentCache corgi:https://registry.npmjs.org/@nodelib%2ffs.stat cache-miss
708 silly packumentCache corgi:https://registry.npmjs.org/@eslint%2fplugin-kit cache-miss
709 silly packumentCache corgi:https://registry.npmjs.org/@headlessui%2freact cache-miss
710 silly packumentCache corgi:https://registry.npmjs.org/@eslint%2fobject-schema cache-miss
711 silly packumentCache corgi:https://registry.npmjs.org/@humanfs%2fnode cache-miss
712 silly packumentCache corgi:https://registry.npmjs.org/@eslint-community%2feslint-utils cache-miss
713 silly packumentCache corgi:https://registry.npmjs.org/@eslint%2fjs cache-miss
714 silly packumentCache corgi:https://registry.npmjs.org/@eslint%2feslintrc cache-miss
715 silly packumentCache corgi:https://registry.npmjs.org/@eslint%2fcore cache-miss
716 silly packumentCache corgi:https://registry.npmjs.org/@eslint%2fconfig-helpers cache-miss
717 silly packumentCache corgi:https://registry.npmjs.org/@eslint%2fconfig-array cache-miss
718 silly packumentCache corgi:https://registry.npmjs.org/@babel%2ftypes cache-miss
719 silly packumentCache corgi:https://registry.npmjs.org/yargs cache-miss
720 silly packumentCache corgi:https://registry.npmjs.org/@babel%2fhelpers cache-miss
721 silly packumentCache corgi:https://registry.npmjs.org/@babel%2ftraverse cache-miss
722 silly packumentCache corgi:https://registry.npmjs.org/@babel%2fcore cache-miss
723 silly packumentCache corgi:https://registry.npmjs.org/@babel%2fgenerator cache-miss
724 silly packumentCache corgi:https://registry.npmjs.org/zod cache-miss
725 silly packumentCache corgi:https://registry.npmjs.org/y18n cache-miss
726 silly packumentCache corgi:https://registry.npmjs.org/vite cache-miss
727 silly packumentCache corgi:https://registry.npmjs.org/victory-vendor cache-miss
728 silly packumentCache corgi:https://registry.npmjs.org/tar cache-miss
729 silly packumentCache corgi:https://registry.npmjs.org/tinyglobby cache-miss
730 silly packumentCache corgi:https://registry.npmjs.org/rxjs cache-miss
731 silly packumentCache corgi:https://registry.npmjs.org/uri-js cache-miss
732 http cache socket.io-client@https://registry.npmjs.org/socket.io-client/-/socket.io-client-4.8.3.tgz 0ms (cache hit)
733 silly packumentCache corgi:https://registry.npmjs.org/recharts cache-miss
734 silly packumentCache corgi:https://registry.npmjs.org/rollup cache-miss
735 silly packumentCache corgi:https://registry.npmjs.org/readable-stream cache-miss
736 silly packumentCache corgi:https://registry.npmjs.org/resolve cache-miss
737 silly packumentCache corgi:https://registry.npmjs.org/react-day-picker cache-miss
738 http cache pusher-js@https://registry.npmjs.org/pusher-js/-/pusher-js-8.5.0.tgz 0ms (cache hit)
739 silly packumentCache corgi:https://registry.npmjs.org/prettier-plugin-tailwindcss cache-miss
740 silly packumentCache corgi:https://registry.npmjs.org/mkdirp cache-miss
741 http cache laravel-echo@https://registry.npmjs.org/laravel-echo/-/laravel-echo-2.3.4.tgz 0ms (cache hit)
742 silly packumentCache corgi:https://registry.npmjs.org/lucide-react cache-miss
743 silly packumentCache corgi:https://registry.npmjs.org/mammoth cache-miss
744 silly packumentCache corgi:https://registry.npmjs.org/fast-glob cache-miss
745 silly packumentCache corgi:https://registry.npmjs.org/jsx-ast-utils cache-miss
746 http cache engine.io-parser@https://registry.npmjs.org/engine.io-parser/-/engine.io-parser-5.2.3.tgz 0ms (cache hit)
747 silly packumentCache corgi:https://registry.npmjs.org/es-toolkit cache-miss
748 silly packumentCache corgi:https://registry.npmjs.org/eslint cache-miss
749 http cache engine.io-client@https://registry.npmjs.org/engine.io-client/-/engine.io-client-6.6.5.tgz 0ms (cache hit)
750 silly packumentCache corgi:https://registry.npmjs.org/date-fns-jalali cache-miss
751 silly packumentCache corgi:https://registry.npmjs.org/date-fns cache-miss
752 silly packumentCache corgi:https://registry.npmjs.org/supports-color cache-miss
753 silly packumentCache corgi:https://registry.npmjs.org/axios cache-miss
754 silly packumentCache corgi:https://registry.npmjs.org/concurrently cache-miss
755 silly packumentCache corgi:https://registry.npmjs.org/immer cache-miss
756 silly packumentCache corgi:https://registry.npmjs.org/ignore cache-miss
757 silly packumentCache corgi:https://registry.npmjs.org/semver cache-miss
758 silly packumentCache corgi:https://registry.npmjs.org/minimatch cache-miss
759 silly packumentCache corgi:https://registry.npmjs.org/picomatch cache-miss
760 silly packumentCache corgi:https://registry.npmjs.org/brace-expansion cache-miss
761 silly packumentCache corgi:https://registry.npmjs.org/eslint-visitor-keys cache-miss
762 silly packumentCache corgi:https://registry.npmjs.org/picomatch cache-miss
763 silly packumentCache corgi:https://registry.npmjs.org/globals cache-miss
764 silly packumentCache corgi:https://registry.npmjs.org/yallist cache-miss
765 silly packumentCache corgi:https://registry.npmjs.org/fdir cache-miss
766 silly packumentCache corgi:https://registry.npmjs.org/fdir cache-miss
767 silly packumentCache corgi:https://registry.npmjs.org/argparse cache-miss
768 silly packumentCache corgi:https://registry.npmjs.org/@rollup%2frollup-win32-x64-msvc cache-miss
769 silly tarball no local data for sonner@https://registry.npmjs.org/sonner/-/sonner-2.0.7.tgz. Extracting by manifest.
770 silly packumentCache corgi:https://registry.npmjs.org/isarray cache-miss
771 silly tarball no local data for lru-cache@https://registry.npmjs.org/lru-cache/-/lru-cache-5.1.1.tgz. Extracting by manifest.
772 silly tarball no local data for input-otp@https://registry.npmjs.org/input-otp/-/input-otp-1.4.2.tgz. Extracting by manifest.
773 silly tarball no local data for xmlhttprequest-ssl@https://registry.npmjs.org/xmlhttprequest-ssl/-/xmlhttprequest-ssl-2.1.2.tgz. Extracting by manifest.
774 silly tarball no local data for ws@https://registry.npmjs.org/ws/-/ws-8.20.1.tgz. Extracting by manifest.
775 silly packumentCache corgi:https://registry.npmjs.org/glob-parent cache-miss
776 silly tarball no local data for tweetnacl@https://registry.npmjs.org/tweetnacl/-/tweetnacl-1.0.3.tgz. Extracting by manifest.
777 silly tarball no local data for socket.io-parser@https://registry.npmjs.org/socket.io-parser/-/socket.io-parser-4.2.6.tgz. Extracting by manifest.
778 silly tarball no local data for @laravel/echo-react@https://registry.npmjs.org/@laravel/echo-react/-/echo-react-2.3.3.tgz. Extracting by manifest.
779 silly tarball no local data for @socket.io/component-emitter@https://registry.npmjs.org/@socket.io/component-emitter/-/component-emitter-3.1.2.tgz. Extracting by manifest.
780 silly tarball no local data for socket.io-client@https://registry.npmjs.org/socket.io-client/-/socket.io-client-4.8.3.tgz. Extracting by manifest.
781 silly tarball no local data for pusher-js@https://registry.npmjs.org/pusher-js/-/pusher-js-8.5.0.tgz. Extracting by manifest.
782 silly tarball no local data for laravel-echo@https://registry.npmjs.org/laravel-echo/-/laravel-echo-2.3.4.tgz. Extracting by manifest.
783 silly tarball no local data for engine.io-parser@https://registry.npmjs.org/engine.io-parser/-/engine.io-parser-5.2.3.tgz. Extracting by manifest.
784 silly tarball no local data for engine.io-client@https://registry.npmjs.org/engine.io-client/-/engine.io-client-6.6.5.tgz. Extracting by manifest.
785 http fetch GET 200 https://registry.npmjs.org/zod-validation-error 588ms (cache miss)
786 silly packumentCache corgi:https://registry.npmjs.org/zod-validation-error set size:undefined disposed:false
787 http fetch GET 200 https://registry.npmjs.org/which-collection 611ms (cache miss)
788 silly packumentCache corgi:https://registry.npmjs.org/which-collection set size:undefined disposed:false
789 http fetch GET 200 https://registry.npmjs.org/word-wrap 614ms (cache miss)
790 silly packumentCache corgi:https://registry.npmjs.org/word-wrap set size:undefined disposed:false
791 http fetch GET 200 https://registry.npmjs.org/yocto-queue 617ms (cache miss)
792 silly packumentCache corgi:https://registry.npmjs.org/yocto-queue set size:undefined disposed:false
793 http fetch GET 200 https://registry.npmjs.org/which-builtin-type 619ms (cache miss)
794 silly packumentCache corgi:https://registry.npmjs.org/which-builtin-type set size:undefined disposed:false
795 http fetch GET 200 https://registry.npmjs.org/yallist 624ms (cache miss)
796 silly packumentCache corgi:https://registry.npmjs.org/yallist set size:undefined disposed:false
797 http fetch GET 200 https://registry.npmjs.org/which-boxed-primitive 624ms (cache miss)
798 silly packumentCache corgi:https://registry.npmjs.org/which-boxed-primitive set size:undefined disposed:false
799 http fetch GET 200 https://registry.npmjs.org/use-callback-ref 627ms (cache miss)
800 silly packumentCache corgi:https://registry.npmjs.org/use-callback-ref set size:undefined disposed:false
801 http fetch GET 200 https://registry.npmjs.org/w3c-keyname 628ms (cache miss)
802 silly packumentCache corgi:https://registry.npmjs.org/w3c-keyname set size:undefined disposed:false
803 http fetch GET 200 https://registry.npmjs.org/wrap-ansi 631ms (cache miss)
804 silly packumentCache corgi:https://registry.npmjs.org/wrap-ansi set size:undefined disposed:false
805 http fetch GET 200 https://registry.npmjs.org/vite-plugin-full-reload 632ms (cache miss)
806 silly packumentCache corgi:https://registry.npmjs.org/vite-plugin-full-reload set size:undefined disposed:false
807 http fetch GET 200 https://registry.npmjs.org/which-typed-array 640ms (cache miss)
808 silly packumentCache corgi:https://registry.npmjs.org/which-typed-array set size:undefined disposed:false
809 http fetch GET 200 https://registry.npmjs.org/undici-types 646ms (cache miss)
810 silly packumentCache corgi:https://registry.npmjs.org/undici-types set size:undefined disposed:false
811 http fetch GET 200 https://registry.npmjs.org/xmlbuilder 662ms (cache miss)
812 silly packumentCache corgi:https://registry.npmjs.org/xmlbuilder set size:undefined disposed:false
813 http fetch GET 200 https://registry.npmjs.org/typed-array-byte-offset 673ms (cache miss)
814 silly packumentCache corgi:https://registry.npmjs.org/typed-array-byte-offset set size:undefined disposed:false
815 http fetch GET 200 https://registry.npmjs.org/yargs-parser 678ms (cache miss)
816 silly packumentCache corgi:https://registry.npmjs.org/yargs-parser set size:undefined disposed:false
817 http fetch GET 200 https://registry.npmjs.org/unbox-primitive 676ms (cache miss)
818 silly packumentCache corgi:https://registry.npmjs.org/unbox-primitive set size:undefined disposed:false
819 http fetch GET 200 https://registry.npmjs.org/typed-array-length 678ms (cache miss)
820 silly packumentCache corgi:https://registry.npmjs.org/typed-array-length set size:undefined disposed:false
821 http fetch GET 200 https://registry.npmjs.org/typed-array-byte-length 679ms (cache miss)
822 silly packumentCache corgi:https://registry.npmjs.org/typed-array-byte-length set size:undefined disposed:false
823 http fetch GET 200 https://registry.npmjs.org/type-check 680ms (cache miss)
824 silly packumentCache corgi:https://registry.npmjs.org/type-check set size:undefined disposed:false
825 http fetch GET 200 https://registry.npmjs.org/typed-array-buffer 682ms (cache miss)
826 silly packumentCache corgi:https://registry.npmjs.org/typed-array-buffer set size:undefined disposed:false
827 http fetch GET 200 https://registry.npmjs.org/use-sidecar 688ms (cache miss)
828 silly packumentCache corgi:https://registry.npmjs.org/use-sidecar set size:undefined disposed:false
829 http fetch GET 200 https://registry.npmjs.org/tw-animate-css 690ms (cache miss)
830 silly packumentCache corgi:https://registry.npmjs.org/tw-animate-css set size:undefined disposed:false
831 http fetch GET 200 https://registry.npmjs.org/underscore 695ms (cache miss)
832 silly packumentCache corgi:https://registry.npmjs.org/underscore set size:undefined disposed:false
833 http fetch GET 200 https://registry.npmjs.org/tslib 696ms (cache miss)
834 silly packumentCache corgi:https://registry.npmjs.org/tslib set size:undefined disposed:false
835 http fetch GET 200 https://registry.npmjs.org/tiny-invariant 701ms (cache miss)
836 silly packumentCache corgi:https://registry.npmjs.org/tiny-invariant set size:undefined disposed:false
837 http fetch GET 200 https://registry.npmjs.org/ts-api-utils 706ms (cache miss)
838 silly packumentCache corgi:https://registry.npmjs.org/ts-api-utils set size:undefined disposed:false
839 http fetch GET 200 https://registry.npmjs.org/use-sync-external-store 729ms (cache miss)
840 silly packumentCache corgi:https://registry.npmjs.org/use-sync-external-store set size:undefined disposed:false
841 http fetch GET 200 https://registry.npmjs.org/tapable 777ms (cache miss)
842 silly packumentCache corgi:https://registry.npmjs.org/tapable set size:undefined disposed:false
843 http fetch GET 200 https://registry.npmjs.org/supports-preserve-symlinks-flag 787ms (cache miss)
844 silly packumentCache corgi:https://registry.npmjs.org/supports-preserve-symlinks-flag set size:undefined disposed:false
845 http fetch GET 200 https://registry.npmjs.org/util-deprecate 795ms (cache miss)
846 silly packumentCache corgi:https://registry.npmjs.org/util-deprecate set size:undefined disposed:false
847 http fetch GET 200 https://registry.npmjs.org/string.prototype.trimend 791ms (cache miss)
848 silly packumentCache corgi:https://registry.npmjs.org/string.prototype.trimend set size:undefined disposed:false
849 http fetch GET 200 https://registry.npmjs.org/string-width 792ms (cache miss)
850 silly packumentCache corgi:https://registry.npmjs.org/string-width set size:undefined disposed:false
851 http fetch GET 200 https://registry.npmjs.org/strip-ansi 800ms (cache miss)
852 silly packumentCache corgi:https://registry.npmjs.org/strip-ansi set size:undefined disposed:false
853 http fetch GET 200 https://registry.npmjs.org/strip-json-comments 802ms (cache miss)
854 silly packumentCache corgi:https://registry.npmjs.org/strip-json-comments set size:undefined disposed:false
855 http fetch GET 200 https://registry.npmjs.org/string.prototype.trimstart 808ms (cache miss)
856 silly packumentCache corgi:https://registry.npmjs.org/string.prototype.trimstart set size:undefined disposed:false
857 http fetch GET 200 https://registry.npmjs.org/supports-color 817ms (cache miss)
858 silly packumentCache corgi:https://registry.npmjs.org/supports-color set size:undefined disposed:false
859 http fetch GET 200 https://registry.npmjs.org/string.prototype.trim 818ms (cache miss)
860 silly packumentCache corgi:https://registry.npmjs.org/string.prototype.trim set size:undefined disposed:false
861 http fetch GET 200 https://registry.npmjs.org/tabbable 823ms (cache miss)
862 silly packumentCache corgi:https://registry.npmjs.org/tabbable set size:undefined disposed:false
863 http fetch GET 200 https://registry.npmjs.org/stop-iteration-iterator 847ms (cache miss)
864 silly packumentCache corgi:https://registry.npmjs.org/stop-iteration-iterator set size:undefined disposed:false
865 http fetch GET 200 https://registry.npmjs.org/string.prototype.matchall 847ms (cache miss)
866 silly packumentCache corgi:https://registry.npmjs.org/string.prototype.matchall set size:undefined disposed:false
867 http fetch GET 200 https://registry.npmjs.org/string_decoder 850ms (cache miss)
868 silly packumentCache corgi:https://registry.npmjs.org/string_decoder set size:undefined disposed:false
869 http fetch GET 200 https://registry.npmjs.org/string.prototype.repeat 851ms (cache miss)
870 silly packumentCache corgi:https://registry.npmjs.org/string.prototype.repeat set size:undefined disposed:false
871 http fetch GET 200 https://registry.npmjs.org/sprintf-js 851ms (cache miss)
872 silly packumentCache corgi:https://registry.npmjs.org/sprintf-js set size:undefined disposed:false
873 http fetch GET 200 https://registry.npmjs.org/source-map-js 853ms (cache miss)
874 silly packumentCache corgi:https://registry.npmjs.org/source-map-js set size:undefined disposed:false
875 http fetch GET 200 https://registry.npmjs.org/side-channel-weakmap 856ms (cache miss)
876 silly packumentCache corgi:https://registry.npmjs.org/side-channel-weakmap set size:undefined disposed:false
877 http fetch GET 200 https://registry.npmjs.org/tailwind-merge 886ms (cache miss)
878 silly packumentCache corgi:https://registry.npmjs.org/tailwind-merge set size:undefined disposed:false
879 http fetch GET 200 https://registry.npmjs.org/typescript-eslint 894ms (cache miss)
880 silly packumentCache corgi:https://registry.npmjs.org/typescript-eslint set size:undefined disposed:false
881 http fetch GET 200 https://registry.npmjs.org/side-channel-map 898ms (cache miss)
882 silly packumentCache corgi:https://registry.npmjs.org/side-channel-map set size:undefined disposed:false
883 http fetch GET 200 https://registry.npmjs.org/side-channel 899ms (cache miss)
884 silly packumentCache corgi:https://registry.npmjs.org/side-channel set size:undefined disposed:false
885 http fetch GET 200 https://registry.npmjs.org/shebang-regex 899ms (cache miss)
886 silly packumentCache corgi:https://registry.npmjs.org/shebang-regex set size:undefined disposed:false
887 http fetch GET 200 https://registry.npmjs.org/shell-quote 899ms (cache miss)
888 silly packumentCache corgi:https://registry.npmjs.org/shell-quote set size:undefined disposed:false
889 http fetch GET 200 https://registry.npmjs.org/to-regex-range 909ms (cache miss)
890 silly packumentCache corgi:https://registry.npmjs.org/to-regex-range set size:undefined disposed:false
891 http fetch GET 200 https://registry.npmjs.org/side-channel-list 908ms (cache miss)
892 silly packumentCache corgi:https://registry.npmjs.org/side-channel-list set size:undefined disposed:false
893 http fetch GET 200 https://registry.npmjs.org/setimmediate 912ms (cache miss)
894 silly packumentCache corgi:https://registry.npmjs.org/setimmediate set size:undefined disposed:false
895 http fetch GET 200 https://registry.npmjs.org/shebang-command 914ms (cache miss)
896 silly packumentCache corgi:https://registry.npmjs.org/shebang-command set size:undefined disposed:false
897 http fetch GET 200 https://registry.npmjs.org/set-proto 920ms (cache miss)
898 silly packumentCache corgi:https://registry.npmjs.org/set-proto set size:undefined disposed:false
899 http fetch GET 200 https://registry.npmjs.org/set-function-length 918ms (cache miss)
900 silly packumentCache corgi:https://registry.npmjs.org/set-function-length set size:undefined disposed:false
901 http fetch GET 200 https://registry.npmjs.org/safe-regex-test 947ms (cache miss)
902 silly packumentCache corgi:https://registry.npmjs.org/safe-regex-test set size:undefined disposed:false
903 http fetch GET 200 https://registry.npmjs.org/safe-buffer 957ms (cache miss)
904 silly packumentCache corgi:https://registry.npmjs.org/safe-buffer set size:undefined disposed:false
905 http fetch GET 200 https://registry.npmjs.org/reusify 958ms (cache miss)
906 silly packumentCache corgi:https://registry.npmjs.org/reusify set size:undefined disposed:false
907 http fetch GET 200 https://registry.npmjs.org/rope-sequence 963ms (cache miss)
908 silly packumentCache corgi:https://registry.npmjs.org/rope-sequence set size:undefined disposed:false
909 http fetch GET 200 https://registry.npmjs.org/safe-push-apply 965ms (cache miss)
910 silly packumentCache corgi:https://registry.npmjs.org/safe-push-apply set size:undefined disposed:false
911 http fetch GET 200 https://registry.npmjs.org/safe-array-concat 969ms (cache miss)
912 silly packumentCache corgi:https://registry.npmjs.org/safe-array-concat set size:undefined disposed:false
913 http fetch GET 200 https://registry.npmjs.org/run-parallel 971ms (cache miss)
914 silly packumentCache corgi:https://registry.npmjs.org/run-parallel set size:undefined disposed:false
915 http fetch GET 200 https://registry.npmjs.org/resolve-from 985ms (cache miss)
916 silly packumentCache corgi:https://registry.npmjs.org/resolve-from set size:undefined disposed:false
917 http fetch GET 200 https://registry.npmjs.org/reselect 1019ms (cache miss)
918 silly packumentCache corgi:https://registry.npmjs.org/reselect set size:undefined disposed:false
919 http fetch GET 200 https://registry.npmjs.org/reflect.getprototypeof 1030ms (cache miss)
920 silly packumentCache corgi:https://registry.npmjs.org/reflect.getprototypeof set size:undefined disposed:false
921 http fetch GET 200 https://registry.npmjs.org/require-directory 1038ms (cache miss)
922 silly packumentCache corgi:https://registry.npmjs.org/require-directory set size:undefined disposed:false
923 http fetch GET 200 https://registry.npmjs.org/redux-thunk 1055ms (cache miss)
924 silly packumentCache corgi:https://registry.npmjs.org/redux-thunk set size:undefined disposed:false
925 http fetch GET 200 https://registry.npmjs.org/react-remove-scroll 1064ms (cache miss)
926 silly packumentCache corgi:https://registry.npmjs.org/react-remove-scroll set size:undefined disposed:false
927 http fetch GET 200 https://registry.npmjs.org/react-style-singleton 1064ms (cache miss)
928 silly packumentCache corgi:https://registry.npmjs.org/react-style-singleton set size:undefined disposed:false
929 http fetch GET 200 https://registry.npmjs.org/react-remove-scroll-bar 1068ms (cache miss)
930 silly packumentCache corgi:https://registry.npmjs.org/react-remove-scroll-bar set size:undefined disposed:false
931 http fetch GET 200 https://registry.npmjs.org/set-function-name 1082ms (cache miss)
932 silly packumentCache corgi:https://registry.npmjs.org/set-function-name set size:undefined disposed:false
933 http fetch GET 200 https://registry.npmjs.org/queue-microtask 1100ms (cache miss)
934 silly packumentCache corgi:https://registry.npmjs.org/queue-microtask set size:undefined disposed:false
935 http fetch GET 200 https://registry.npmjs.org/punycode 1122ms (cache miss)
936 silly packumentCache corgi:https://registry.npmjs.org/punycode set size:undefined disposed:false
937 http fetch GET 200 https://registry.npmjs.org/react-redux 1127ms (cache miss)
938 silly packumentCache corgi:https://registry.npmjs.org/react-redux set size:undefined disposed:false
939 http fetch GET 200 https://registry.npmjs.org/qs 1131ms (cache miss)
940 silly packumentCache corgi:https://registry.npmjs.org/qs set size:undefined disposed:false
941 http fetch GET 200 https://registry.npmjs.org/proxy-from-env 1140ms (cache miss)
942 silly packumentCache corgi:https://registry.npmjs.org/proxy-from-env set size:undefined disposed:false
943 http fetch GET 200 https://registry.npmjs.org/prosemirror-tables 1157ms (cache miss)
944 silly packumentCache corgi:https://registry.npmjs.org/prosemirror-tables set size:undefined disposed:false
945 http fetch GET 200 https://registry.npmjs.org/prosemirror-transform 1171ms (cache miss)
946 silly packumentCache corgi:https://registry.npmjs.org/prosemirror-transform set size:undefined disposed:false
947 http fetch GET 200 https://registry.npmjs.org/prosemirror-schema-list 1174ms (cache miss)
948 silly packumentCache corgi:https://registry.npmjs.org/prosemirror-schema-list set size:undefined disposed:false
949 http fetch GET 200 https://registry.npmjs.org/prosemirror-view 1200ms (cache miss)
950 silly packumentCache corgi:https://registry.npmjs.org/prosemirror-view set size:undefined disposed:false
951 http fetch GET 200 https://registry.npmjs.org/redux 1212ms (cache miss)
952 silly packumentCache corgi:https://registry.npmjs.org/redux set size:undefined disposed:false
953 http fetch GET 200 https://registry.npmjs.org/tailwindcss 1234ms (cache miss)
954 silly packumentCache corgi:https://registry.npmjs.org/tailwindcss set size:undefined disposed:false
955 http fetch GET 200 https://registry.npmjs.org/prosemirror-model 1257ms (cache miss)
956 silly packumentCache corgi:https://registry.npmjs.org/prosemirror-model set size:undefined disposed:false
957 http fetch GET 200 https://registry.npmjs.org/prosemirror-state 1272ms (cache miss)
958 silly packumentCache corgi:https://registry.npmjs.org/prosemirror-state set size:undefined disposed:false
959 http fetch GET 200 https://registry.npmjs.org/prosemirror-keymap 1276ms (cache miss)
960 silly packumentCache corgi:https://registry.npmjs.org/prosemirror-keymap set size:undefined disposed:false
961 http fetch GET 200 https://registry.npmjs.org/prosemirror-history 1278ms (cache miss)
962 silly packumentCache corgi:https://registry.npmjs.org/prosemirror-history set size:undefined disposed:false
963 http fetch GET 200 https://registry.npmjs.org/prosemirror-changeset 1278ms (cache miss)
964 silly packumentCache corgi:https://registry.npmjs.org/prosemirror-changeset set size:undefined disposed:false
965 http fetch GET 200 https://registry.npmjs.org/prosemirror-gapcursor 1281ms (cache miss)
966 silly packumentCache corgi:https://registry.npmjs.org/prosemirror-gapcursor set size:undefined disposed:false
967 http fetch GET 200 https://registry.npmjs.org/prop-types 1282ms (cache miss)
968 silly packumentCache corgi:https://registry.npmjs.org/prop-types set size:undefined disposed:false
969 http fetch GET 200 https://registry.npmjs.org/prosemirror-commands 1283ms (cache miss)
970 silly packumentCache corgi:https://registry.npmjs.org/prosemirror-commands set size:undefined disposed:false
971 http fetch GET 200 https://registry.npmjs.org/process-nextick-args 1290ms (cache miss)
972 silly packumentCache corgi:https://registry.npmjs.org/process-nextick-args set size:undefined disposed:false
973 http fetch GET 200 https://registry.npmjs.org/prosemirror-dropcursor 1296ms (cache miss)
974 silly packumentCache corgi:https://registry.npmjs.org/prosemirror-dropcursor set size:undefined disposed:false
975 http fetch GET 200 https://registry.npmjs.org/prettier-plugin-organize-imports 1300ms (cache miss)
976 silly packumentCache corgi:https://registry.npmjs.org/prettier-plugin-organize-imports set size:undefined disposed:false
977 http fetch GET 200 https://registry.npmjs.org/prelude-ls 1315ms (cache miss)
978 silly packumentCache corgi:https://registry.npmjs.org/prelude-ls set size:undefined disposed:false
979 http fetch GET 200 https://registry.npmjs.org/picocolors 1377ms (cache miss)
980 silly packumentCache corgi:https://registry.npmjs.org/picocolors set size:undefined disposed:false
981 http fetch GET 200 https://registry.npmjs.org/scheduler 1402ms (cache miss)
982 silly packumentCache corgi:https://registry.npmjs.org/scheduler set size:undefined disposed:false
983 http fetch GET 200 https://registry.npmjs.org/parent-module 1410ms (cache miss)
984 silly packumentCache corgi:https://registry.npmjs.org/parent-module set size:undefined disposed:false
985 http fetch GET 200 https://registry.npmjs.org/path-key 1412ms (cache miss)
986 silly packumentCache corgi:https://registry.npmjs.org/path-key set size:undefined disposed:false
987 http fetch GET 200 https://registry.npmjs.org/path-is-absolute 1416ms (cache miss)
988 silly packumentCache corgi:https://registry.npmjs.org/path-is-absolute set size:undefined disposed:false
989 http fetch GET 200 https://registry.npmjs.org/possible-typed-array-names 1418ms (cache miss)
990 silly packumentCache corgi:https://registry.npmjs.org/possible-typed-array-names set size:undefined disposed:false
991 http fetch GET 200 https://registry.npmjs.org/path-exists 1420ms (cache miss)
992 silly packumentCache corgi:https://registry.npmjs.org/path-exists set size:undefined disposed:false
993 http fetch GET 200 https://registry.npmjs.org/regexp.prototype.flags 1437ms (cache miss)
994 silly packumentCache corgi:https://registry.npmjs.org/regexp.prototype.flags set size:undefined disposed:false
995 http fetch GET 200 https://registry.npmjs.org/pako 1434ms (cache miss)
996 silly packumentCache corgi:https://registry.npmjs.org/pako set size:undefined disposed:false
997 http fetch GET 200 https://registry.npmjs.org/p-locate 1442ms (cache miss)
998 silly packumentCache corgi:https://registry.npmjs.org/p-locate set size:undefined disposed:false
999 http fetch GET 200 https://registry.npmjs.org/p-limit 1444ms (cache miss)
1000 silly packumentCache corgi:https://registry.npmjs.org/p-limit set size:undefined disposed:false
1001 http fetch GET 200 https://registry.npmjs.org/orderedmap 1464ms (cache miss)
1002 silly packumentCache corgi:https://registry.npmjs.org/orderedmap set size:undefined disposed:false
1003 http fetch GET 200 https://registry.npmjs.org/own-keys 1469ms (cache miss)
1004 silly packumentCache corgi:https://registry.npmjs.org/own-keys set size:undefined disposed:false
1005 http fetch GET 200 https://registry.npmjs.org/react-refresh 1492ms (cache miss)
1006 silly packumentCache corgi:https://registry.npmjs.org/react-refresh set size:undefined disposed:false
1007 http fetch GET 200 https://registry.npmjs.org/object.entries 1544ms (cache miss)
1008 silly packumentCache corgi:https://registry.npmjs.org/object.entries set size:undefined disposed:false
1009 http fetch GET 200 https://registry.npmjs.org/object.values 1545ms (cache miss)
1010 silly packumentCache corgi:https://registry.npmjs.org/object.values set size:undefined disposed:false
1011 http fetch GET 200 https://registry.npmjs.org/option 1547ms (cache miss)
1012 silly packumentCache corgi:https://registry.npmjs.org/option set size:undefined disposed:false
1013 http fetch GET 200 https://registry.npmjs.org/optionator 1550ms (cache miss)
1014 silly packumentCache corgi:https://registry.npmjs.org/optionator set size:undefined disposed:false
1015 http fetch GET 200 https://registry.npmjs.org/object.assign 1550ms (cache miss)
1016 silly packumentCache corgi:https://registry.npmjs.org/object.assign set size:undefined disposed:false
1017 http fetch GET 200 https://registry.npmjs.org/object-assign 1557ms (cache miss)
1018 silly packumentCache corgi:https://registry.npmjs.org/object-assign set size:undefined disposed:false
1019 http fetch GET 200 https://registry.npmjs.org/object-inspect 1560ms (cache miss)
1020 silly packumentCache corgi:https://registry.npmjs.org/object-inspect set size:undefined disposed:false
1021 http fetch GET 200 https://registry.npmjs.org/postcss 1566ms (cache miss)
1022 silly packumentCache corgi:https://registry.npmjs.org/postcss set size:undefined disposed:false
1023 http fetch GET 200 https://registry.npmjs.org/object.fromentries 1567ms (cache miss)
1024 silly packumentCache corgi:https://registry.npmjs.org/object.fromentries set size:undefined disposed:false
1025 http fetch GET 200 https://registry.npmjs.org/object-keys 1569ms (cache miss)
1026 silly packumentCache corgi:https://registry.npmjs.org/object-keys set size:undefined disposed:false
1027 http fetch GET 200 https://registry.npmjs.org/natural-compare 1578ms (cache miss)
1028 silly packumentCache corgi:https://registry.npmjs.org/natural-compare set size:undefined disposed:false
1029 http fetch GET 200 https://registry.npmjs.org/minizlib 1583ms (cache miss)
1030 silly packumentCache corgi:https://registry.npmjs.org/minizlib set size:undefined disposed:false
1031 http fetch GET 200 https://registry.npmjs.org/node-releases 1587ms (cache miss)
1032 silly packumentCache corgi:https://registry.npmjs.org/node-releases set size:undefined disposed:false
1033 http fetch GET 200 https://registry.npmjs.org/micromatch 1630ms (cache miss)
1034 silly packumentCache corgi:https://registry.npmjs.org/micromatch set size:undefined disposed:false
1035 http fetch GET 200 https://registry.npmjs.org/ms 1634ms (cache miss)
1036 silly packumentCache corgi:https://registry.npmjs.org/ms set size:undefined disposed:false
1037 http fetch GET 200 https://registry.npmjs.org/path-parse 1642ms (cache miss)
1038 silly packumentCache corgi:https://registry.npmjs.org/path-parse set size:undefined disposed:false
1039 http fetch GET 200 https://registry.npmjs.org/math-intrinsics 1683ms (cache miss)
1040 silly packumentCache corgi:https://registry.npmjs.org/math-intrinsics set size:undefined disposed:false
1041 http fetch GET 200 https://registry.npmjs.org/lop 1686ms (cache miss)
1042 silly packumentCache corgi:https://registry.npmjs.org/lop set size:undefined disposed:false
1043 http fetch GET 200 https://registry.npmjs.org/lodash.merge 1690ms (cache miss)
1044 silly packumentCache corgi:https://registry.npmjs.org/lodash.merge set size:undefined disposed:false
1045 http fetch GET 200 https://registry.npmjs.org/lodash-es 1692ms (cache miss)
1046 silly packumentCache corgi:https://registry.npmjs.org/lodash-es set size:undefined disposed:false
1047 http fetch GET 200 https://registry.npmjs.org/mime-db 1695ms (cache miss)
1048 silly packumentCache corgi:https://registry.npmjs.org/mime-db set size:undefined disposed:false
1049 http fetch GET 200 https://registry.npmjs.org/lodash 1711ms (cache miss)
1050 silly packumentCache corgi:https://registry.npmjs.org/lodash set size:undefined disposed:false
1051 http fetch GET 200 https://registry.npmjs.org/magic-string 1764ms (cache miss)
1052 silly packumentCache corgi:https://registry.npmjs.org/magic-string set size:undefined disposed:false
1053 http fetch GET 200 https://registry.npmjs.org/minimatch 1807ms (cache miss)
1054 silly packumentCache corgi:https://registry.npmjs.org/minimatch set size:undefined disposed:false
1055 http fetch GET 200 https://registry.npmjs.org/locate-path 1809ms (cache miss)
1056 silly packumentCache corgi:https://registry.npmjs.org/locate-path set size:undefined disposed:false
1057 http fetch GET 200 https://registry.npmjs.org/json-stable-stringify-without-jsonify 1817ms (cache miss)
1058 silly packumentCache corgi:https://registry.npmjs.org/json-stable-stringify-without-jsonify set size:undefined disposed:false
1059 http fetch GET 200 https://registry.npmjs.org/json-schema-traverse 1824ms (cache miss)
1060 silly packumentCache corgi:https://registry.npmjs.org/json-schema-traverse set size:undefined disposed:false
1061 http fetch GET 200 https://registry.npmjs.org/lie 1826ms (cache miss)
1062 silly packumentCache corgi:https://registry.npmjs.org/lie set size:undefined disposed:false
1063 http fetch GET 200 https://registry.npmjs.org/merge2 1833ms (cache miss)
1064 silly packumentCache corgi:https://registry.npmjs.org/merge2 set size:undefined disposed:false
1065 http fetch GET 200 https://registry.npmjs.org/lightningcss-win32-x64-msvc 1832ms (cache miss)
1066 silly packumentCache corgi:https://registry.npmjs.org/lightningcss-win32-x64-msvc set size:undefined disposed:false
1067 http fetch GET 200 https://registry.npmjs.org/json-buffer 1831ms (cache miss)
1068 silly packumentCache corgi:https://registry.npmjs.org/json-buffer set size:undefined disposed:false
1069 http fetch GET 200 https://registry.npmjs.org/jszip 1837ms (cache miss)
1070 silly packumentCache corgi:https://registry.npmjs.org/jszip set size:undefined disposed:false
1071 http fetch GET 200 https://registry.npmjs.org/lightningcss 1845ms (cache miss)
1072 silly packumentCache corgi:https://registry.npmjs.org/lightningcss set size:undefined disposed:false
1073 http fetch GET 200 https://registry.npmjs.org/linkifyjs 1848ms (cache miss)
1074 silly packumentCache corgi:https://registry.npmjs.org/linkifyjs set size:undefined disposed:false
1075 http fetch GET 200 https://registry.npmjs.org/levn 1854ms (cache miss)
1076 silly packumentCache corgi:https://registry.npmjs.org/levn set size:undefined disposed:false
1077 http fetch GET 200 https://registry.npmjs.org/keyv 1861ms (cache miss)
1078 silly packumentCache corgi:https://registry.npmjs.org/keyv set size:undefined disposed:false
1079 http fetch GET 200 https://registry.npmjs.org/minipass 1871ms (cache miss)
1080 silly packumentCache corgi:https://registry.npmjs.org/minipass set size:undefined disposed:false
1081 http fetch GET 200 https://registry.npmjs.org/isarray 1868ms (cache miss)
1082 silly packumentCache corgi:https://registry.npmjs.org/isarray set size:undefined disposed:false
1083 http fetch GET 200 https://registry.npmjs.org/is-weakref 1872ms (cache miss)
1084 silly packumentCache corgi:https://registry.npmjs.org/is-weakref set size:undefined disposed:false
1085 http fetch GET 200 https://registry.npmjs.org/isexe 1876ms (cache miss)
1086 silly packumentCache corgi:https://registry.npmjs.org/isexe set size:undefined disposed:false
1087 http fetch GET 200 https://registry.npmjs.org/is-weakmap 1878ms (cache miss)
1088 silly packumentCache corgi:https://registry.npmjs.org/is-weakmap set size:undefined disposed:false
1089 http fetch GET 200 https://registry.npmjs.org/iterator.prototype 1879ms (cache miss)
1090 silly packumentCache corgi:https://registry.npmjs.org/iterator.prototype set size:undefined disposed:false
1091 http fetch GET 200 https://registry.npmjs.org/js-tokens 1882ms (cache miss)
1092 silly packumentCache corgi:https://registry.npmjs.org/js-tokens set size:undefined disposed:false
1093 http fetch GET 200 https://registry.npmjs.org/is-string 1881ms (cache miss)
1094 silly packumentCache corgi:https://registry.npmjs.org/is-string set size:undefined disposed:false
1095 http fetch GET 200 https://registry.npmjs.org/is-symbol 1889ms (cache miss)
1096 silly packumentCache corgi:https://registry.npmjs.org/is-symbol set size:undefined disposed:false
1097 http fetch GET 200 https://registry.npmjs.org/is-shared-array-buffer 1891ms (cache miss)
1098 silly packumentCache corgi:https://registry.npmjs.org/is-shared-array-buffer set size:undefined disposed:false
1099 http fetch GET 200 https://registry.npmjs.org/is-typed-array 1896ms (cache miss)
1100 silly packumentCache corgi:https://registry.npmjs.org/is-typed-array set size:undefined disposed:false
1101 http fetch GET 200 https://registry.npmjs.org/is-weakset 1897ms (cache miss)
1102 silly packumentCache corgi:https://registry.npmjs.org/is-weakset set size:undefined disposed:false
1103 http fetch GET 200 https://registry.npmjs.org/is-regex 1908ms (cache miss)
1104 silly packumentCache corgi:https://registry.npmjs.org/is-regex set size:undefined disposed:false
1105 http fetch GET 200 https://registry.npmjs.org/react-is 1934ms (cache miss)
1106 silly packumentCache corgi:https://registry.npmjs.org/react-is set size:undefined disposed:false
1107 http fetch GET 200 https://registry.npmjs.org/is-set 1937ms (cache miss)
1108 silly packumentCache corgi:https://registry.npmjs.org/is-set set size:undefined disposed:false
1109 http fetch GET 200 https://registry.npmjs.org/is-negative-zero 1947ms (cache miss)
1110 silly packumentCache corgi:https://registry.npmjs.org/is-negative-zero set size:undefined disposed:false
1111 http fetch GET 200 https://registry.npmjs.org/is-glob 1951ms (cache miss)
1112 silly packumentCache corgi:https://registry.npmjs.org/is-glob set size:undefined disposed:false
1113 http fetch GET 200 https://registry.npmjs.org/is-number-object 1954ms (cache miss)
1114 silly packumentCache corgi:https://registry.npmjs.org/is-number-object set size:undefined disposed:false
1115 http fetch GET 200 https://registry.npmjs.org/is-generator-function 1954ms (cache miss)
1116 silly packumentCache corgi:https://registry.npmjs.org/is-generator-function set size:undefined disposed:false
1117 http fetch GET 200 https://registry.npmjs.org/is-number 1959ms (cache miss)
1118 silly packumentCache corgi:https://registry.npmjs.org/is-number set size:undefined disposed:false
1119 http fetch GET 200 https://registry.npmjs.org/is-finalizationregistry 1960ms (cache miss)
1120 silly packumentCache corgi:https://registry.npmjs.org/is-finalizationregistry set size:undefined disposed:false
1121 http fetch GET 200 https://registry.npmjs.org/is-fullwidth-code-point 1964ms (cache miss)
1122 silly packumentCache corgi:https://registry.npmjs.org/is-fullwidth-code-point set size:undefined disposed:false
1123 http fetch GET 200 https://registry.npmjs.org/is-date-object 1964ms (cache miss)
1124 silly packumentCache corgi:https://registry.npmjs.org/is-date-object set size:undefined disposed:false
1125 http fetch GET 200 https://registry.npmjs.org/is-data-view 1966ms (cache miss)
1126 silly packumentCache corgi:https://registry.npmjs.org/is-data-view set size:undefined disposed:false
1127 http fetch GET 200 https://registry.npmjs.org/is-extglob 1968ms (cache miss)
1128 silly packumentCache corgi:https://registry.npmjs.org/is-extglob set size:undefined disposed:false
1129 http fetch GET 200 https://registry.npmjs.org/is-core-module 1969ms (cache miss)
1130 silly packumentCache corgi:https://registry.npmjs.org/is-core-module set size:undefined disposed:false
1131 http fetch GET 200 https://registry.npmjs.org/is-map 1974ms (cache miss)
1132 silly packumentCache corgi:https://registry.npmjs.org/is-map set size:undefined disposed:false
1133 http fetch GET 200 https://registry.npmjs.org/is-bigint 1987ms (cache miss)
1134 silly packumentCache corgi:https://registry.npmjs.org/is-bigint set size:undefined disposed:false
1135 http fetch GET 200 https://registry.npmjs.org/is-callable 2004ms (cache miss)
1136 silly packumentCache corgi:https://registry.npmjs.org/is-callable set size:undefined disposed:false
1137 http fetch GET 200 https://registry.npmjs.org/internal-slot 2009ms (cache miss)
1138 silly packumentCache corgi:https://registry.npmjs.org/internal-slot set size:undefined disposed:false
1139 http fetch GET 200 https://registry.npmjs.org/is-boolean-object 2010ms (cache miss)
1140 silly packumentCache corgi:https://registry.npmjs.org/is-boolean-object set size:undefined disposed:false
1141 http fetch GET 200 https://registry.npmjs.org/is-async-function 2011ms (cache miss)
1142 silly packumentCache corgi:https://registry.npmjs.org/is-async-function set size:undefined disposed:false
1143 http fetch GET 200 https://registry.npmjs.org/is-array-buffer 2013ms (cache miss)
1144 silly packumentCache corgi:https://registry.npmjs.org/is-array-buffer set size:undefined disposed:false
1145 http fetch GET 200 https://registry.npmjs.org/inherits 2015ms (cache miss)
1146 silly packumentCache corgi:https://registry.npmjs.org/inherits set size:undefined disposed:false
1147 http fetch GET 200 https://registry.npmjs.org/internmap 2026ms (cache miss)
1148 silly packumentCache corgi:https://registry.npmjs.org/internmap set size:undefined disposed:false
1149 http fetch GET 200 https://registry.npmjs.org/mime-types 2044ms (cache miss)
1150 silly packumentCache corgi:https://registry.npmjs.org/mime-types set size:undefined disposed:false
1151 http fetch GET 200 https://registry.npmjs.org/immediate 2036ms (cache miss)
1152 silly packumentCache corgi:https://registry.npmjs.org/immediate set size:undefined disposed:false
1153 http fetch GET 200 https://registry.npmjs.org/hasown 2039ms (cache miss)
1154 silly packumentCache corgi:https://registry.npmjs.org/hasown set size:undefined disposed:false
1155 http fetch GET 200 https://registry.npmjs.org/import-fresh 2042ms (cache miss)
1156 silly packumentCache corgi:https://registry.npmjs.org/import-fresh set size:undefined disposed:false
1157 http fetch GET 200 https://registry.npmjs.org/has-tostringtag 2043ms (cache miss)
1158 silly packumentCache corgi:https://registry.npmjs.org/has-tostringtag set size:undefined disposed:false
1159 http fetch GET 200 https://registry.npmjs.org/hermes-parser 2044ms (cache miss)
1160 silly packumentCache corgi:https://registry.npmjs.org/hermes-parser set size:undefined disposed:false
1161 http fetch GET 200 https://registry.npmjs.org/imurmurhash 2048ms (cache miss)
1162 silly packumentCache corgi:https://registry.npmjs.org/imurmurhash set size:undefined disposed:false
1163 http fetch GET 200 https://registry.npmjs.org/ignore 2051ms (cache miss)
1164 silly packumentCache corgi:https://registry.npmjs.org/ignore set size:undefined disposed:false
1165 http fetch GET 200 https://registry.npmjs.org/has-symbols 2064ms (cache miss)
1166 silly packumentCache corgi:https://registry.npmjs.org/has-symbols set size:undefined disposed:false
1167 http fetch GET 200 https://registry.npmjs.org/has-proto 2064ms (cache miss)
1168 silly packumentCache corgi:https://registry.npmjs.org/has-proto set size:undefined disposed:false
1169 http fetch GET 200 https://registry.npmjs.org/hermes-estree 2068ms (cache miss)
1170 silly packumentCache corgi:https://registry.npmjs.org/hermes-estree set size:undefined disposed:false
1171 http fetch GET 200 https://registry.npmjs.org/has-bigints 2078ms (cache miss)
1172 silly packumentCache corgi:https://registry.npmjs.org/has-bigints set size:undefined disposed:false
1173 http fetch GET 200 https://registry.npmjs.org/has-property-descriptors 2085ms (cache miss)
1174 silly packumentCache corgi:https://registry.npmjs.org/has-property-descriptors set size:undefined disposed:false
1175 http fetch GET 200 https://registry.npmjs.org/has-flag 2087ms (cache miss)
1176 silly packumentCache corgi:https://registry.npmjs.org/has-flag set size:undefined disposed:false
1177 http fetch GET 200 https://registry.npmjs.org/graceful-fs 2097ms (cache miss)
1178 silly packumentCache corgi:https://registry.npmjs.org/graceful-fs set size:undefined disposed:false
1179 http fetch GET 200 https://registry.npmjs.org/globalthis 2100ms (cache miss)
1180 silly packumentCache corgi:https://registry.npmjs.org/globalthis set size:undefined disposed:false
1181 http fetch GET 200 https://registry.npmjs.org/gopd 2105ms (cache miss)
1182 silly packumentCache corgi:https://registry.npmjs.org/gopd set size:undefined disposed:false
1183 http fetch GET 200 https://registry.npmjs.org/glob-parent 2108ms (cache miss)
1184 silly packumentCache corgi:https://registry.npmjs.org/glob-parent set size:undefined disposed:false
1185 http fetch GET 200 https://registry.npmjs.org/get-caller-file 2114ms (cache miss)
1186 silly packumentCache corgi:https://registry.npmjs.org/get-caller-file set size:undefined disposed:false
1187 http fetch GET 200 https://registry.npmjs.org/get-proto 2116ms (cache miss)
1188 silly packumentCache corgi:https://registry.npmjs.org/get-proto set size:undefined disposed:false
1189 http fetch GET 200 https://registry.npmjs.org/get-nonce 2116ms (cache miss)
1190 silly packumentCache corgi:https://registry.npmjs.org/get-nonce set size:undefined disposed:false
1191 http fetch GET 200 https://registry.npmjs.org/graphemer 2118ms (cache miss)
1192 silly packumentCache corgi:https://registry.npmjs.org/graphemer set size:undefined disposed:false
1193 http fetch GET 200 https://registry.npmjs.org/get-intrinsic 2120ms (cache miss)
1194 silly packumentCache corgi:https://registry.npmjs.org/get-intrinsic set size:undefined disposed:false
1195 http fetch GET 200 https://registry.npmjs.org/get-symbol-description 2135ms (cache miss)
1196 silly packumentCache corgi:https://registry.npmjs.org/get-symbol-description set size:undefined disposed:false
1197 http fetch GET 200 https://registry.npmjs.org/functions-have-names 2136ms (cache miss)
1198 silly packumentCache corgi:https://registry.npmjs.org/functions-have-names set size:undefined disposed:false
1199 http fetch GET 200 https://registry.npmjs.org/function.prototype.name 2151ms (cache miss)
1200 silly packumentCache corgi:https://registry.npmjs.org/function.prototype.name set size:undefined disposed:false
1201 http fetch GET 200 https://registry.npmjs.org/gensync 2154ms (cache miss)
1202 silly packumentCache corgi:https://registry.npmjs.org/gensync set size:undefined disposed:false
1203 http fetch GET 200 https://registry.npmjs.org/function-bind 2159ms (cache miss)
1204 silly packumentCache corgi:https://registry.npmjs.org/function-bind set size:undefined disposed:false
1205 http fetch GET 200 https://registry.npmjs.org/form-data 2169ms (cache miss)
1206 silly packumentCache corgi:https://registry.npmjs.org/form-data set size:undefined disposed:false
1207 http fetch GET 200 https://registry.npmjs.org/flat-cache 2172ms (cache miss)
1208 silly packumentCache corgi:https://registry.npmjs.org/flat-cache set size:undefined disposed:false
1209 http fetch GET 200 https://registry.npmjs.org/for-each 2176ms (cache miss)
1210 silly packumentCache corgi:https://registry.npmjs.org/for-each set size:undefined disposed:false
1211 http fetch GET 200 https://registry.npmjs.org/flatted 2181ms (cache miss)
1212 silly packumentCache corgi:https://registry.npmjs.org/flatted set size:undefined disposed:false
1213 http fetch GET 200 https://registry.npmjs.org/file-entry-cache 2187ms (cache miss)
1214 silly packumentCache corgi:https://registry.npmjs.org/file-entry-cache set size:undefined disposed:false
1215 http fetch GET 200 https://registry.npmjs.org/fill-range 2192ms (cache miss)
1216 silly packumentCache corgi:https://registry.npmjs.org/fill-range set size:undefined disposed:false
1217 http fetch GET 200 https://registry.npmjs.org/find-up 2197ms (cache miss)
1218 silly packumentCache corgi:https://registry.npmjs.org/find-up set size:undefined disposed:false
1219 http fetch GET 200 https://registry.npmjs.org/fast-levenshtein 2203ms (cache miss)
1220 silly packumentCache corgi:https://registry.npmjs.org/fast-levenshtein set size:undefined disposed:false
1221 http fetch GET 200 https://registry.npmjs.org/fastq 2208ms (cache miss)
1222 silly packumentCache corgi:https://registry.npmjs.org/fastq set size:undefined disposed:false
1223 http fetch GET 200 https://registry.npmjs.org/fast-deep-equal 2217ms (cache miss)
1224 silly packumentCache corgi:https://registry.npmjs.org/fast-deep-equal set size:undefined disposed:false
1225 http fetch GET 200 https://registry.npmjs.org/fast-equals 2220ms (cache miss)
1226 silly packumentCache corgi:https://registry.npmjs.org/fast-equals set size:undefined disposed:false
1227 http fetch GET 200 https://registry.npmjs.org/estraverse 2232ms (cache miss)
1228 silly packumentCache corgi:https://registry.npmjs.org/estraverse set size:undefined disposed:false
1229 http fetch GET 200 https://registry.npmjs.org/fast-json-stable-stringify 2240ms (cache miss)
1230 silly packumentCache corgi:https://registry.npmjs.org/fast-json-stable-stringify set size:undefined disposed:false
1231 http fetch GET 200 https://registry.npmjs.org/esrecurse 2242ms (cache miss)
1232 silly packumentCache corgi:https://registry.npmjs.org/esrecurse set size:undefined disposed:false
1233 http fetch GET 200 https://registry.npmjs.org/esquery 2250ms (cache miss)
1234 silly packumentCache corgi:https://registry.npmjs.org/esquery set size:undefined disposed:false
1235 http fetch GET 200 https://registry.npmjs.org/eventemitter3 2251ms (cache miss)
1236 silly packumentCache corgi:https://registry.npmjs.org/eventemitter3 set size:undefined disposed:false
1237 http fetch GET 200 https://registry.npmjs.org/eslint-scope 2298ms (cache miss)
1238 silly packumentCache corgi:https://registry.npmjs.org/eslint-scope set size:undefined disposed:false
1239 http fetch GET 200 https://registry.npmjs.org/escape-string-regexp 2302ms (cache miss)
1240 silly packumentCache corgi:https://registry.npmjs.org/escape-string-regexp set size:undefined disposed:false
1241 http fetch GET 200 https://registry.npmjs.org/es-to-primitive 2303ms (cache miss)
1242 silly packumentCache corgi:https://registry.npmjs.org/es-to-primitive set size:undefined disposed:false
1243 http fetch GET 200 https://registry.npmjs.org/espree 2309ms (cache miss)
1244 silly packumentCache corgi:https://registry.npmjs.org/espree set size:undefined disposed:false
1245 http fetch GET 200 https://registry.npmjs.org/escalade 2311ms (cache miss)
1246 silly packumentCache corgi:https://registry.npmjs.org/escalade set size:undefined disposed:false
1247 http fetch GET 200 https://registry.npmjs.org/es-shim-unscopables 2313ms (cache miss)
1248 silly packumentCache corgi:https://registry.npmjs.org/es-shim-unscopables set size:undefined disposed:false
1249 http fetch GET 200 https://registry.npmjs.org/es-set-tostringtag 2314ms (cache miss)
1250 silly packumentCache corgi:https://registry.npmjs.org/es-set-tostringtag set size:undefined disposed:false
1251 http fetch GET 200 https://registry.npmjs.org/es-iterator-helpers 2324ms (cache miss)
1252 silly packumentCache corgi:https://registry.npmjs.org/es-iterator-helpers set size:undefined disposed:false
1253 http fetch GET 200 https://registry.npmjs.org/es-errors 2327ms (cache miss)
1254 silly packumentCache corgi:https://registry.npmjs.org/es-errors set size:undefined disposed:false
1255 http fetch GET 200 https://registry.npmjs.org/es-define-property 2337ms (cache miss)
1256 silly packumentCache corgi:https://registry.npmjs.org/es-define-property set size:undefined disposed:false
1257 http fetch GET 200 https://registry.npmjs.org/es-abstract 2345ms (cache miss)
1258 silly packumentCache corgi:https://registry.npmjs.org/es-abstract set size:undefined disposed:false
1259 http fetch GET 200 https://registry.npmjs.org/eslint-plugin-react 2361ms (cache miss)
1260 silly packumentCache corgi:https://registry.npmjs.org/eslint-plugin-react set size:undefined disposed:false
1261 http fetch GET 200 https://registry.npmjs.org/es-object-atoms 2371ms (cache miss)
1262 silly packumentCache corgi:https://registry.npmjs.org/es-object-atoms set size:undefined disposed:false
1263 http fetch GET 200 https://registry.npmjs.org/emoji-regex 2384ms (cache miss)
1264 silly packumentCache corgi:https://registry.npmjs.org/emoji-regex set size:undefined disposed:false
1265 http fetch GET 200 https://registry.npmjs.org/duck 2401ms (cache miss)
1266 silly packumentCache corgi:https://registry.npmjs.org/duck set size:undefined disposed:false
1267 http fetch GET 200 https://registry.npmjs.org/dunder-proto 2402ms (cache miss)
1268 silly packumentCache corgi:https://registry.npmjs.org/dunder-proto set size:undefined disposed:false
1269 http fetch GET 200 https://registry.npmjs.org/doctrine 2412ms (cache miss)
1270 silly packumentCache corgi:https://registry.npmjs.org/doctrine set size:undefined disposed:false
1271 http fetch GET 200 https://registry.npmjs.org/dingbat-to-unicode 2419ms (cache miss)
1272 silly packumentCache corgi:https://registry.npmjs.org/dingbat-to-unicode set size:undefined disposed:false
1273 http fetch GET 200 https://registry.npmjs.org/detect-node-es 2430ms (cache miss)
1274 silly packumentCache corgi:https://registry.npmjs.org/detect-node-es set size:undefined disposed:false
1275 http fetch GET 200 https://registry.npmjs.org/eslint-plugin-react-hooks 2435ms (cache miss)
1276 silly packumentCache corgi:https://registry.npmjs.org/eslint-plugin-react-hooks set size:undefined disposed:false
1277 http fetch GET 200 https://registry.npmjs.org/detect-libc 2525ms (cache miss)
1278 silly packumentCache corgi:https://registry.npmjs.org/detect-libc set size:undefined disposed:false
1279 http fetch GET 200 https://registry.npmjs.org/esutils 2549ms (cache miss)
1280 silly packumentCache corgi:https://registry.npmjs.org/esutils set size:undefined disposed:false
1281 http fetch GET 200 https://registry.npmjs.org/define-properties 2545ms (cache miss)
1282 silly packumentCache corgi:https://registry.npmjs.org/define-properties set size:undefined disposed:false
1283 http fetch GET 200 https://registry.npmjs.org/delayed-stream 2547ms (cache miss)
1284 silly packumentCache corgi:https://registry.npmjs.org/delayed-stream set size:undefined disposed:false
1285 http fetch GET 200 https://registry.npmjs.org/decimal.js-light 2548ms (cache miss)
1286 silly packumentCache corgi:https://registry.npmjs.org/decimal.js-light set size:undefined disposed:false
1287 http fetch GET 200 https://registry.npmjs.org/deep-is 2548ms (cache miss)
1288 silly packumentCache corgi:https://registry.npmjs.org/deep-is set size:undefined disposed:false
1289 http fetch GET 200 https://registry.npmjs.org/data-view-byte-length 2550ms (cache miss)
1290 silly packumentCache corgi:https://registry.npmjs.org/data-view-byte-length set size:undefined disposed:false
1291 http fetch GET 200 https://registry.npmjs.org/data-view-byte-offset 2552ms (cache miss)
1292 silly packumentCache corgi:https://registry.npmjs.org/data-view-byte-offset set size:undefined disposed:false
1293 http fetch GET 200 https://registry.npmjs.org/data-view-buffer 2555ms (cache miss)
1294 silly packumentCache corgi:https://registry.npmjs.org/data-view-buffer set size:undefined disposed:false
1295 http fetch GET 200 https://registry.npmjs.org/define-data-property 2557ms (cache miss)
1296 silly packumentCache corgi:https://registry.npmjs.org/define-data-property set size:undefined disposed:false
1297 http fetch GET 200 https://registry.npmjs.org/d3-time-format 2561ms (cache miss)
1298 silly packumentCache corgi:https://registry.npmjs.org/d3-time-format set size:undefined disposed:false
1299 http fetch GET 200 https://registry.npmjs.org/debug 2564ms (cache miss)
1300 silly packumentCache corgi:https://registry.npmjs.org/debug set size:undefined disposed:false
1301 http fetch GET 200 https://registry.npmjs.org/docx-preview 2570ms (cache miss)
1302 silly packumentCache corgi:https://registry.npmjs.org/docx-preview set size:undefined disposed:false
1303 http fetch GET 200 https://registry.npmjs.org/enhanced-resolve 2576ms (cache miss)
1304 silly packumentCache corgi:https://registry.npmjs.org/enhanced-resolve set size:undefined disposed:false
1305 http fetch GET 200 https://registry.npmjs.org/d3-timer 2600ms (cache miss)
1306 silly packumentCache corgi:https://registry.npmjs.org/d3-timer set size:undefined disposed:false
1307 http fetch GET 200 https://registry.npmjs.org/d3-time 2605ms (cache miss)
1308 silly packumentCache corgi:https://registry.npmjs.org/d3-time set size:undefined disposed:false
1309 http fetch GET 200 https://registry.npmjs.org/d3-interpolate 2606ms (cache miss)
1310 silly packumentCache corgi:https://registry.npmjs.org/d3-interpolate set size:undefined disposed:false
1311 http fetch GET 200 https://registry.npmjs.org/d3-scale 2614ms (cache miss)
1312 silly packumentCache corgi:https://registry.npmjs.org/d3-scale set size:undefined disposed:false
1313 http fetch GET 200 https://registry.npmjs.org/d3-shape 2620ms (cache miss)
1314 silly packumentCache corgi:https://registry.npmjs.org/d3-shape set size:undefined disposed:false
1315 http fetch GET 200 https://registry.npmjs.org/d3-ease 2626ms (cache miss)
1316 silly packumentCache corgi:https://registry.npmjs.org/d3-ease set size:undefined disposed:false
1317 http fetch GET 200 https://registry.npmjs.org/d3-path 2631ms (cache miss)
1318 silly packumentCache corgi:https://registry.npmjs.org/d3-path set size:undefined disposed:false
1319 http fetch GET 200 https://registry.npmjs.org/cross-spawn 2632ms (cache miss)
1320 silly packumentCache corgi:https://registry.npmjs.org/cross-spawn set size:undefined disposed:false
1321 http fetch GET 200 https://registry.npmjs.org/d3-format 2634ms (cache miss)
1322 silly packumentCache corgi:https://registry.npmjs.org/d3-format set size:undefined disposed:false
1323 http fetch GET 200 https://registry.npmjs.org/d3-color 2636ms (cache miss)
1324 silly packumentCache corgi:https://registry.npmjs.org/d3-color set size:undefined disposed:false
1325 http fetch GET 200 https://registry.npmjs.org/convert-source-map 2636ms (cache miss)
1326 silly packumentCache corgi:https://registry.npmjs.org/convert-source-map set size:undefined disposed:false
1327 http fetch GET 200 https://registry.npmjs.org/electron-to-chromium 2654ms (cache miss)
1328 silly packumentCache corgi:https://registry.npmjs.org/electron-to-chromium set size:undefined disposed:false
1329 http fetch GET 200 https://registry.npmjs.org/csstype 2682ms (cache miss)
1330 silly packumentCache corgi:https://registry.npmjs.org/csstype set size:undefined disposed:false
1331 http fetch GET 200 https://registry.npmjs.org/core-util-is 2686ms (cache miss)
1332 silly packumentCache corgi:https://registry.npmjs.org/core-util-is set size:undefined disposed:false
1333 http fetch GET 200 https://registry.npmjs.org/concat-map 2694ms (cache miss)
1334 silly packumentCache corgi:https://registry.npmjs.org/concat-map set size:undefined disposed:false
1335 http fetch GET 200 https://registry.npmjs.org/cliui 2697ms (cache miss)
1336 silly packumentCache corgi:https://registry.npmjs.org/cliui set size:undefined disposed:false
1337 http fetch GET 200 https://registry.npmjs.org/combined-stream 2700ms (cache miss)
1338 silly packumentCache corgi:https://registry.npmjs.org/combined-stream set size:undefined disposed:false
1339 http fetch GET 200 https://registry.npmjs.org/color-name 2701ms (cache miss)
1340 silly packumentCache corgi:https://registry.npmjs.org/color-name set size:undefined disposed:false
1341 http fetch GET 200 https://registry.npmjs.org/chownr 2702ms (cache miss)
1342 silly packumentCache corgi:https://registry.npmjs.org/chownr set size:undefined disposed:false
1343 http fetch GET 200 https://registry.npmjs.org/class-variance-authority 2704ms (cache miss)
1344 silly packumentCache corgi:https://registry.npmjs.org/class-variance-authority set size:undefined disposed:false
1345 http fetch GET 200 https://registry.npmjs.org/color-convert 2707ms (cache miss)
1346 silly packumentCache corgi:https://registry.npmjs.org/color-convert set size:undefined disposed:false
1347 http fetch GET 200 https://registry.npmjs.org/clsx 2714ms (cache miss)
1348 silly packumentCache corgi:https://registry.npmjs.org/clsx set size:undefined disposed:false
1349 http fetch GET 200 https://registry.npmjs.org/chalk 2716ms (cache miss)
1350 silly packumentCache corgi:https://registry.npmjs.org/chalk set size:undefined disposed:false
1351 http fetch GET 200 https://registry.npmjs.org/call-bound 2717ms (cache miss)
1352 silly packumentCache corgi:https://registry.npmjs.org/call-bound set size:undefined disposed:false
1353 http fetch GET 200 https://registry.npmjs.org/call-bind 2739ms (cache miss)
1354 silly packumentCache corgi:https://registry.npmjs.org/call-bind set size:undefined disposed:false
1355 http fetch GET 200 https://registry.npmjs.org/callsites 2744ms (cache miss)
1356 silly packumentCache corgi:https://registry.npmjs.org/callsites set size:undefined disposed:false
1357 http fetch GET 200 https://registry.npmjs.org/braces 2764ms (cache miss)
1358 silly packumentCache corgi:https://registry.npmjs.org/braces set size:undefined disposed:false
1359 http fetch GET 200 https://registry.npmjs.org/d3-array 2770ms (cache miss)
1360 silly packumentCache corgi:https://registry.npmjs.org/d3-array set size:undefined disposed:false
1361 http fetch GET 200 https://registry.npmjs.org/call-bind-apply-helpers 2769ms (cache miss)
1362 silly packumentCache corgi:https://registry.npmjs.org/call-bind-apply-helpers set size:undefined disposed:false
1363 http fetch GET 200 https://registry.npmjs.org/base64-js 2769ms (cache miss)
1364 silly packumentCache corgi:https://registry.npmjs.org/base64-js set size:undefined disposed:false
1365 http fetch GET 200 https://registry.npmjs.org/balanced-match 2772ms (cache miss)
1366 silly packumentCache corgi:https://registry.npmjs.org/balanced-match set size:undefined disposed:false
1367 http fetch GET 200 https://registry.npmjs.org/available-typed-arrays 2781ms (cache miss)
1368 silly packumentCache corgi:https://registry.npmjs.org/available-typed-arrays set size:undefined disposed:false
1369 http fetch GET 200 https://registry.npmjs.org/asynckit 2782ms (cache miss)
1370 silly packumentCache corgi:https://registry.npmjs.org/asynckit set size:undefined disposed:false
1371 http fetch GET 200 https://registry.npmjs.org/brace-expansion 2789ms (cache miss)
1372 silly packumentCache corgi:https://registry.npmjs.org/brace-expansion set size:undefined disposed:false
1373 http fetch GET 200 https://registry.npmjs.org/caniuse-lite 2792ms (cache miss)
1374 silly packumentCache corgi:https://registry.npmjs.org/caniuse-lite set size:undefined disposed:false
1375 http fetch GET 200 https://registry.npmjs.org/bluebird 2800ms (cache miss)
1376 silly packumentCache corgi:https://registry.npmjs.org/bluebird set size:undefined disposed:false
1377 http fetch GET 200 https://registry.npmjs.org/async-function 2853ms (cache miss)
1378 silly packumentCache corgi:https://registry.npmjs.org/async-function set size:undefined disposed:false
1379 http fetch GET 200 https://registry.npmjs.org/babel-plugin-react-compiler 2863ms (cache miss)
1380 silly packumentCache corgi:https://registry.npmjs.org/babel-plugin-react-compiler set size:undefined disposed:false
1381 http fetch GET 200 https://registry.npmjs.org/array.prototype.tosorted 2878ms (cache miss)
1382 silly packumentCache corgi:https://registry.npmjs.org/array.prototype.tosorted set size:undefined disposed:false
1383 http fetch GET 200 https://registry.npmjs.org/array-buffer-byte-length 2880ms (cache miss)
1384 silly packumentCache corgi:https://registry.npmjs.org/array-buffer-byte-length set size:undefined disposed:false
1385 http fetch GET 200 https://registry.npmjs.org/array.prototype.flat 2881ms (cache miss)
1386 silly packumentCache corgi:https://registry.npmjs.org/array.prototype.flat set size:undefined disposed:false
1387 http fetch GET 200 https://registry.npmjs.org/arraybuffer.prototype.slice 2883ms (cache miss)
1388 silly packumentCache corgi:https://registry.npmjs.org/arraybuffer.prototype.slice set size:undefined disposed:false
1389 http fetch GET 200 https://registry.npmjs.org/array.prototype.findlast 2882ms (cache miss)
1390 silly packumentCache corgi:https://registry.npmjs.org/array.prototype.findlast set size:undefined disposed:false
1391 http fetch GET 200 https://registry.npmjs.org/ansi-styles 2885ms (cache miss)
1392 silly packumentCache corgi:https://registry.npmjs.org/ansi-styles set size:undefined disposed:false
1393 http fetch GET 200 https://registry.npmjs.org/array.prototype.flatmap 2889ms (cache miss)
1394 silly packumentCache corgi:https://registry.npmjs.org/array.prototype.flatmap set size:undefined disposed:false
1395 http fetch GET 200 https://registry.npmjs.org/array-includes 2891ms (cache miss)
1396 silly packumentCache corgi:https://registry.npmjs.org/array-includes set size:undefined disposed:false
1397 http fetch GET 200 https://registry.npmjs.org/acorn-jsx 2893ms (cache miss)
1398 silly packumentCache corgi:https://registry.npmjs.org/acorn-jsx set size:undefined disposed:false
1399 http fetch GET 200 https://registry.npmjs.org/@xmldom%2fxmldom 2895ms (cache miss)
1400 silly packumentCache corgi:https://registry.npmjs.org/@xmldom%2fxmldom set size:undefined disposed:false
1401 http fetch GET 200 https://registry.npmjs.org/@vitejs%2fplugin-react 2912ms (cache miss)
1402 silly packumentCache corgi:https://registry.npmjs.org/@vitejs%2fplugin-react set size:undefined disposed:false
1403 http fetch GET 200 https://registry.npmjs.org/ajv 2923ms (cache miss)
1404 silly packumentCache corgi:https://registry.npmjs.org/ajv set size:undefined disposed:false
1405 http fetch GET 200 https://registry.npmjs.org/aria-hidden 2952ms (cache miss)
1406 silly packumentCache corgi:https://registry.npmjs.org/aria-hidden set size:undefined disposed:false
1407 http fetch GET 200 https://registry.npmjs.org/@types%2freact-dom 2977ms (cache miss)
1408 silly packumentCache corgi:https://registry.npmjs.org/@types%2freact-dom set size:undefined disposed:false
1409 http fetch GET 200 https://registry.npmjs.org/ansi-regex 2987ms (cache miss)
1410 silly packumentCache corgi:https://registry.npmjs.org/ansi-regex set size:undefined disposed:false
1411 http fetch GET 200 https://registry.npmjs.org/@typescript-eslint%2fproject-service 3001ms (cache miss)
1412 silly packumentCache corgi:https://registry.npmjs.org/@typescript-eslint%2fproject-service set size:undefined disposed:false
1413 http fetch GET 200 https://registry.npmjs.org/@typescript-eslint%2ftsconfig-utils 3015ms (cache miss)
1414 silly packumentCache corgi:https://registry.npmjs.org/@typescript-eslint%2ftsconfig-utils set size:undefined disposed:false
1415 http fetch GET 200 https://registry.npmjs.org/@types%2festree 3027ms (cache miss)
1416 silly packumentCache corgi:https://registry.npmjs.org/@types%2festree set size:undefined disposed:false
1417 http fetch GET 200 https://registry.npmjs.org/@types%2flodash-es 3037ms (cache miss)
1418 silly packumentCache corgi:https://registry.npmjs.org/@types%2flodash-es set size:undefined disposed:false
1419 http fetch GET 200 https://registry.npmjs.org/@types%2fjson-schema 3039ms (cache miss)
1420 silly packumentCache corgi:https://registry.npmjs.org/@types%2fjson-schema set size:undefined disposed:false
1421 http fetch GET 200 https://registry.npmjs.org/@types%2flodash 3068ms (cache miss)
1422 silly packumentCache corgi:https://registry.npmjs.org/@types%2flodash set size:undefined disposed:false
1423 http fetch GET 200 https://registry.npmjs.org/@types%2fd3-shape 3094ms (cache miss)
1424 silly packumentCache corgi:https://registry.npmjs.org/@types%2fd3-shape set size:undefined disposed:false
1425 http fetch GET 200 https://registry.npmjs.org/@types%2fd3-time 3104ms (cache miss)
1426 silly packumentCache corgi:https://registry.npmjs.org/@types%2fd3-time set size:undefined disposed:false
1427 http fetch GET 200 https://registry.npmjs.org/@types%2fd3-timer 3117ms (cache miss)
1428 silly packumentCache corgi:https://registry.npmjs.org/@types%2fd3-timer set size:undefined disposed:false
1429 http fetch GET 200 https://registry.npmjs.org/@types%2fd3-path 3132ms (cache miss)
1430 silly packumentCache corgi:https://registry.npmjs.org/@types%2fd3-path set size:undefined disposed:false
1431 http fetch GET 200 https://registry.npmjs.org/@types%2fd3-scale 3136ms (cache miss)
1432 silly packumentCache corgi:https://registry.npmjs.org/@types%2fd3-scale set size:undefined disposed:false
1433 http fetch GET 200 https://registry.npmjs.org/@types%2fd3-ease 3147ms (cache miss)
1434 silly packumentCache corgi:https://registry.npmjs.org/@types%2fd3-ease set size:undefined disposed:false
1435 http fetch GET 200 https://registry.npmjs.org/@types%2fd3-array 3158ms (cache miss)
1436 silly packumentCache corgi:https://registry.npmjs.org/@types%2fd3-array set size:undefined disposed:false
1437 http fetch GET 200 https://registry.npmjs.org/@types%2fuse-sync-external-store 3171ms (cache miss)
1438 silly packumentCache corgi:https://registry.npmjs.org/@types%2fuse-sync-external-store set size:undefined disposed:false
1439 http fetch GET 200 https://registry.npmjs.org/@types%2fbabel__traverse 3193ms (cache miss)
1440 silly packumentCache corgi:https://registry.npmjs.org/@types%2fbabel__traverse set size:undefined disposed:false
1441 http fetch GET 200 https://registry.npmjs.org/@types%2fbabel__template 3205ms (cache miss)
1442 silly packumentCache corgi:https://registry.npmjs.org/@types%2fbabel__template set size:undefined disposed:false
1443 http fetch GET 200 https://registry.npmjs.org/@types%2fd3-color 3206ms (cache miss)
1444 silly packumentCache corgi:https://registry.npmjs.org/@types%2fd3-color set size:undefined disposed:false
1445 http fetch GET 200 https://registry.npmjs.org/@types%2fbabel__generator 3212ms (cache miss)
1446 silly packumentCache corgi:https://registry.npmjs.org/@types%2fbabel__generator set size:undefined disposed:false
1447 http fetch GET 200 https://registry.npmjs.org/@types%2fbabel__core 3226ms (cache miss)
1448 silly packumentCache corgi:https://registry.npmjs.org/@types%2fbabel__core set size:undefined disposed:false
1449 http fetch GET 200 https://registry.npmjs.org/@types%2freact 3284ms (cache miss)
1450 silly packumentCache corgi:https://registry.npmjs.org/@types%2freact set size:undefined disposed:false
1451 http fetch GET 200 https://registry.npmjs.org/@tiptap%2fextension-text 3299ms (cache miss)
1452 silly packumentCache corgi:https://registry.npmjs.org/@tiptap%2fextension-text set size:undefined disposed:false
1453 http fetch GET 200 https://registry.npmjs.org/@tiptap%2fextension-strike 3319ms (cache miss)
1454 silly packumentCache corgi:https://registry.npmjs.org/@tiptap%2fextension-strike set size:undefined disposed:false
1455 http fetch GET 200 https://registry.npmjs.org/@tiptap%2fextension-list-item 3399ms (cache miss)
1456 silly packumentCache corgi:https://registry.npmjs.org/@tiptap%2fextension-list-item set size:undefined disposed:false
1457 http fetch GET 200 https://registry.npmjs.org/@tiptap%2fextension-image 3419ms (cache miss)
1458 silly packumentCache corgi:https://registry.npmjs.org/@tiptap%2fextension-image set size:undefined disposed:false
1459 http fetch GET 200 https://registry.npmjs.org/@tiptap%2fextension-horizontal-rule 3486ms (cache miss)
1460 silly packumentCache corgi:https://registry.npmjs.org/@tiptap%2fextension-horizontal-rule set size:undefined disposed:false
1461 http fetch GET 200 https://registry.npmjs.org/@tiptap%2fextension-ordered-list 3492ms (cache miss)
1462 silly packumentCache corgi:https://registry.npmjs.org/@tiptap%2fextension-ordered-list set size:undefined disposed:false
1463 http fetch GET 200 https://registry.npmjs.org/@types%2fd3-interpolate 3540ms (cache miss)
1464 silly packumentCache corgi:https://registry.npmjs.org/@types%2fd3-interpolate set size:undefined disposed:false
1465 http fetch GET 200 https://registry.npmjs.org/@tiptap%2fextension-italic 3540ms (cache miss)
1466 silly packumentCache corgi:https://registry.npmjs.org/@tiptap%2fextension-italic set size:undefined disposed:false
1467 http fetch GET 200 https://registry.npmjs.org/@tiptap%2fextension-gapcursor 3546ms (cache miss)
1468 silly packumentCache corgi:https://registry.npmjs.org/@tiptap%2fextension-gapcursor set size:undefined disposed:false
1469 http fetch GET 200 https://registry.npmjs.org/@tiptap%2fextension-list-keymap 3588ms (cache miss)
1470 silly packumentCache corgi:https://registry.npmjs.org/@tiptap%2fextension-list-keymap set size:undefined disposed:false
1471 http fetch GET 200 https://registry.npmjs.org/@tiptap%2fextension-text-align 3616ms (cache miss)
1472 silly packumentCache corgi:https://registry.npmjs.org/@tiptap%2fextension-text-align set size:undefined disposed:false
1473 http fetch GET 200 https://registry.npmjs.org/@tiptap%2fextension-heading 3639ms (cache miss)
1474 silly packumentCache corgi:https://registry.npmjs.org/@tiptap%2fextension-heading set size:undefined disposed:false
1475 http fetch GET 200 https://registry.npmjs.org/@tiptap%2fextension-hard-break 3644ms (cache miss)
1476 silly packumentCache corgi:https://registry.npmjs.org/@tiptap%2fextension-hard-break set size:undefined disposed:false
1477 http fetch GET 200 https://registry.npmjs.org/@typescript-eslint%2fparser 3655ms (cache miss)
1478 silly packumentCache corgi:https://registry.npmjs.org/@typescript-eslint%2fparser set size:undefined disposed:false
1479 http fetch GET 200 https://registry.npmjs.org/@tiptap%2fextension-paragraph 3707ms (cache miss)
1480 silly packumentCache corgi:https://registry.npmjs.org/@tiptap%2fextension-paragraph set size:undefined disposed:false
1481 http fetch GET 200 https://registry.npmjs.org/@tiptap%2fextension-highlight 3713ms (cache miss)
1482 silly packumentCache corgi:https://registry.npmjs.org/@tiptap%2fextension-highlight set size:undefined disposed:false
1483 http fetch GET 200 https://registry.npmjs.org/@tiptap%2fstarter-kit 3743ms (cache miss)
1484 silly packumentCache corgi:https://registry.npmjs.org/@tiptap%2fstarter-kit set size:undefined disposed:false
1485 http fetch GET 200 https://registry.npmjs.org/@tiptap%2fextension-dropcursor 3754ms (cache miss)
1486 silly packumentCache corgi:https://registry.npmjs.org/@tiptap%2fextension-dropcursor set size:undefined disposed:false
1487 http fetch GET 200 https://registry.npmjs.org/@tiptap%2fextension-code-block 3760ms (cache miss)
1488 silly packumentCache corgi:https://registry.npmjs.org/@tiptap%2fextension-code-block set size:undefined disposed:false
1489 http fetch GET 200 https://registry.npmjs.org/@tiptap%2fextension-code 3768ms (cache miss)
1490 silly packumentCache corgi:https://registry.npmjs.org/@tiptap%2fextension-code set size:undefined disposed:false
1491 http fetch GET 200 https://registry.npmjs.org/@tiptap%2fextension-floating-menu 3781ms (cache miss)
1492 silly packumentCache corgi:https://registry.npmjs.org/@tiptap%2fextension-floating-menu set size:undefined disposed:false
1493 http fetch GET 200 https://registry.npmjs.org/@typescript-eslint%2fvisitor-keys 3802ms (cache miss)
1494 silly packumentCache corgi:https://registry.npmjs.org/@typescript-eslint%2fvisitor-keys set size:undefined disposed:false
1495 http fetch GET 200 https://registry.npmjs.org/@tiptap%2fextension-bubble-menu 3821ms (cache miss)
1496 silly packumentCache corgi:https://registry.npmjs.org/@tiptap%2fextension-bubble-menu set size:undefined disposed:false
1497 http fetch GET 200 https://registry.npmjs.org/@tiptap%2fextension-blockquote 3835ms (cache miss)
1498 silly packumentCache corgi:https://registry.npmjs.org/@tiptap%2fextension-blockquote set size:undefined disposed:false
1499 http fetch GET 200 https://registry.npmjs.org/@tiptap%2fextension-bold 3865ms (cache miss)
1500 silly packumentCache corgi:https://registry.npmjs.org/@tiptap%2fextension-bold set size:undefined disposed:false
1501 http fetch GET 200 https://registry.npmjs.org/@tiptap%2fextension-underline 3878ms (cache miss)
1502 silly packumentCache corgi:https://registry.npmjs.org/@tiptap%2fextension-underline set size:undefined disposed:false
1503 http fetch GET 200 https://registry.npmjs.org/@tiptap%2fextension-color 4148ms (cache miss)
1504 silly packumentCache corgi:https://registry.npmjs.org/@tiptap%2fextension-color set size:undefined disposed:false
1505 http fetch GET 200 https://registry.npmjs.org/@tiptap%2fpm 4306ms (cache miss)
1506 silly packumentCache corgi:https://registry.npmjs.org/@tiptap%2fpm set size:undefined disposed:false
1507 http fetch GET 200 https://registry.npmjs.org/follow-redirects 4440ms (cache miss)
1508 silly packumentCache corgi:https://registry.npmjs.org/follow-redirects set size:undefined disposed:false
1509 http fetch GET 200 https://registry.npmjs.org/@types%2fnode 4478ms (cache miss)
1510 silly packumentCache corgi:https://registry.npmjs.org/@types%2fnode set size:undefined disposed:false
1511 http fetch GET 200 https://registry.npmjs.org/@tailwindcss%2fvite 4483ms (cache miss)
1512 silly packumentCache corgi:https://registry.npmjs.org/@tailwindcss%2fvite set size:undefined disposed:false
1513 http fetch GET 200 https://registry.npmjs.org/@tiptap%2freact 4489ms (cache miss)
1514 silly packumentCache corgi:https://registry.npmjs.org/@tiptap%2freact set size:undefined disposed:false
1515 http fetch GET 200 https://registry.npmjs.org/@typescript-eslint%2futils 4505ms (cache miss)
1516 silly packumentCache corgi:https://registry.npmjs.org/@typescript-eslint%2futils set size:undefined disposed:false
1517 http fetch GET 200 https://registry.npmjs.org/@tiptap%2fextension-font-family 4547ms (cache miss)
1518 silly packumentCache corgi:https://registry.npmjs.org/@tiptap%2fextension-font-family set size:undefined disposed:false
1519 http fetch GET 200 https://registry.npmjs.org/@tiptap%2fextensions 4544ms (cache miss)
1520 silly packumentCache corgi:https://registry.npmjs.org/@tiptap%2fextensions set size:undefined disposed:false
1521 http fetch GET 200 https://registry.npmjs.org/@tiptap%2fextension-link 4555ms (cache miss)
1522 silly packumentCache corgi:https://registry.npmjs.org/@tiptap%2fextension-link set size:undefined disposed:false
1523 http fetch GET 200 https://registry.npmjs.org/@typescript-eslint%2fscope-manager 4569ms (cache miss)
1524 silly packumentCache corgi:https://registry.npmjs.org/@typescript-eslint%2fscope-manager set size:undefined disposed:false
1525 http fetch GET 200 https://registry.npmjs.org/@tanstack%2freact-virtual 4621ms (cache miss)
1526 silly packumentCache corgi:https://registry.npmjs.org/@tanstack%2freact-virtual set size:undefined disposed:false
1527 http fetch GET 200 https://registry.npmjs.org/@tanstack%2fvirtual-core 4624ms (cache miss)
1528 silly packumentCache corgi:https://registry.npmjs.org/@tanstack%2fvirtual-core set size:undefined disposed:false
1529 http fetch GET 200 https://registry.npmjs.org/@typescript-eslint%2ftypes 4630ms (cache miss)
1530 silly packumentCache corgi:https://registry.npmjs.org/@typescript-eslint%2ftypes set size:undefined disposed:false
1531 http fetch GET 200 https://registry.npmjs.org/yargs 4654ms (cache miss)
1532 silly packumentCache corgi:https://registry.npmjs.org/yargs set size:undefined disposed:false
1533 http fetch GET 200 https://registry.npmjs.org/@tiptap%2fextension-list 4666ms (cache miss)
1534 silly packumentCache corgi:https://registry.npmjs.org/@tiptap%2fextension-list set size:undefined disposed:false
1535 http fetch GET 200 https://registry.npmjs.org/@tiptap%2fextension-bullet-list 4685ms (cache miss)
1536 silly packumentCache corgi:https://registry.npmjs.org/@tiptap%2fextension-bullet-list set size:undefined disposed:false
1537 http fetch GET 200 https://registry.npmjs.org/victory-vendor 4669ms (cache miss)
1538 silly packumentCache corgi:https://registry.npmjs.org/victory-vendor set size:undefined disposed:false
1539 http fetch GET 200 https://registry.npmjs.org/y18n 4674ms (cache miss)
1540 silly packumentCache corgi:https://registry.npmjs.org/y18n set size:undefined disposed:false
1541 http fetch GET 200 https://registry.npmjs.org/tar 4684ms (cache miss)
1542 silly packumentCache corgi:https://registry.npmjs.org/tar set size:undefined disposed:false
1543 http fetch GET 200 https://registry.npmjs.org/tinyglobby 4692ms (cache miss)
1544 silly packumentCache corgi:https://registry.npmjs.org/tinyglobby set size:undefined disposed:false
1545 http fetch GET 200 https://registry.npmjs.org/rxjs 4705ms (cache miss)
1546 silly packumentCache corgi:https://registry.npmjs.org/rxjs set size:undefined disposed:false
1547 http fetch GET 200 https://registry.npmjs.org/uri-js 4710ms (cache miss)
1548 silly packumentCache corgi:https://registry.npmjs.org/uri-js set size:undefined disposed:false
1549 http fetch GET 200 https://registry.npmjs.org/fast-glob 4795ms (cache miss)
1550 silly packumentCache corgi:https://registry.npmjs.org/fast-glob set size:undefined disposed:false
1551 http fetch GET 200 https://registry.npmjs.org/@tiptap%2fextension-text-style 4812ms (cache miss)
1552 silly packumentCache corgi:https://registry.npmjs.org/@tiptap%2fextension-text-style set size:undefined disposed:false
1553 http fetch GET 200 https://registry.npmjs.org/react-day-picker 4812ms (cache miss)
1554 silly packumentCache corgi:https://registry.npmjs.org/react-day-picker set size:undefined disposed:false
1555 http fetch GET 200 https://registry.npmjs.org/jsx-ast-utils 4835ms (cache miss)
1556 silly packumentCache corgi:https://registry.npmjs.org/jsx-ast-utils set size:undefined disposed:false
1557 http fetch GET 200 https://registry.npmjs.org/date-fns-jalali 4876ms (cache miss)
1558 silly packumentCache corgi:https://registry.npmjs.org/date-fns-jalali set size:undefined disposed:false
1559 http fetch GET 200 https://registry.npmjs.org/readable-stream 4911ms (cache miss)
1560 silly packumentCache corgi:https://registry.npmjs.org/readable-stream set size:undefined disposed:false
1561 http fetch GET 200 https://registry.npmjs.org/axios 4911ms (cache miss)
1562 silly packumentCache corgi:https://registry.npmjs.org/axios set size:undefined disposed:false
1563 http fetch GET 200 https://registry.npmjs.org/supports-color 4915ms (cache miss)
1564 silly packumentCache corgi:https://registry.npmjs.org/supports-color set size:undefined disposed:false
1565 http fetch GET 200 https://registry.npmjs.org/lucide-react 4924ms (cache miss)
1566 silly packumentCache corgi:https://registry.npmjs.org/lucide-react set size:undefined disposed:false
1567 http fetch GET 200 https://registry.npmjs.org/date-fns 4939ms (cache miss)
1568 silly packumentCache corgi:https://registry.npmjs.org/date-fns set size:undefined disposed:false
1569 http fetch GET 200 https://registry.npmjs.org/recharts 4949ms (cache miss)
1570 silly packumentCache corgi:https://registry.npmjs.org/recharts set size:undefined disposed:false
1571 http fetch GET 200 https://registry.npmjs.org/@tiptap%2fcore 4973ms (cache miss)
1572 silly packumentCache corgi:https://registry.npmjs.org/@tiptap%2fcore set size:undefined disposed:false
1573 http fetch GET 200 https://registry.npmjs.org/ignore 4969ms (cache miss)
1574 silly packumentCache corgi:https://registry.npmjs.org/ignore set size:undefined disposed:false
1575 http fetch GET 200 https://registry.npmjs.org/yallist 4984ms (cache miss)
1576 silly packumentCache corgi:https://registry.npmjs.org/yallist set size:undefined disposed:false
1577 http fetch GET 200 https://registry.npmjs.org/brace-expansion 5075ms (cache miss)
1578 silly packumentCache corgi:https://registry.npmjs.org/brace-expansion set size:undefined disposed:false
1579 http fetch GET 200 https://registry.npmjs.org/lru-cache/-/lru-cache-5.1.1.tgz 5079ms (cache miss)
1580 http fetch GET 200 https://registry.npmjs.org/xmlhttprequest-ssl/-/xmlhttprequest-ssl-2.1.2.tgz 5073ms (cache miss)
1581 http fetch GET 200 https://registry.npmjs.org/es-toolkit 5088ms (cache miss)
1582 silly packumentCache corgi:https://registry.npmjs.org/es-toolkit set size:undefined disposed:false
1583 http fetch GET 200 https://registry.npmjs.org/glob-parent 5121ms (cache miss)
1584 silly packumentCache corgi:https://registry.npmjs.org/glob-parent set size:undefined disposed:false
1585 http fetch GET 200 https://registry.npmjs.org/socket.io-parser/-/socket.io-parser-4.2.6.tgz 5123ms (cache miss)
1586 http fetch GET 200 https://registry.npmjs.org/input-otp/-/input-otp-1.4.2.tgz 5160ms (cache miss)
1587 http fetch GET 200 https://registry.npmjs.org/sonner/-/sonner-2.0.7.tgz 5166ms (cache miss)
1588 http fetch GET 200 https://registry.npmjs.org/@socket.io/component-emitter/-/component-emitter-3.1.2.tgz 5039ms (cache miss)
1589 http fetch GET 200 https://registry.npmjs.org/minimatch 5194ms (cache miss)
1590 silly packumentCache corgi:https://registry.npmjs.org/minimatch set size:undefined disposed:false
1591 http fetch GET 200 https://registry.npmjs.org/tweetnacl/-/tweetnacl-1.0.3.tgz 5179ms (cache miss)
1592 http fetch GET 200 https://registry.npmjs.org/ws/-/ws-8.20.1.tgz 5206ms (cache miss)
1593 http fetch GET 200 https://registry.npmjs.org/engine.io-parser/-/engine.io-parser-5.2.3.tgz 5077ms (cache miss)
1594 http fetch GET 200 https://registry.npmjs.org/@typescript-eslint%2ftype-utils 5251ms (cache miss)
1595 silly packumentCache corgi:https://registry.npmjs.org/@typescript-eslint%2ftype-utils set size:undefined disposed:false
1596 http fetch GET 200 https://registry.npmjs.org/typescript 5407ms (cache revalidated)
1597 silly packumentCache corgi:https://registry.npmjs.org/typescript set size:8581083 disposed:false
1598 http fetch GET 200 https://registry.npmjs.org/which 5468ms (cache revalidated)
1599 silly packumentCache corgi:https://registry.npmjs.org/which set size:29002 disposed:false
1600 http fetch GET 200 https://registry.npmjs.org/update-browserslist-db 5468ms (cache revalidated)
1601 silly packumentCache corgi:https://registry.npmjs.org/update-browserslist-db set size:34844 disposed:false
1602 http fetch GET 200 https://registry.npmjs.org/tree-kill 5467ms (cache revalidated)
1603 silly packumentCache corgi:https://registry.npmjs.org/tree-kill set size:8646 disposed:false
1604 http fetch GET 200 https://registry.npmjs.org/nanoid 5443ms (cache revalidated)
1605 silly packumentCache corgi:https://registry.npmjs.org/nanoid set size:148276 disposed:false
1606 http cache https://registry.npmjs.org/typescript/-/typescript-5.9.2.tgz 109ms (cache hit)
1607 http cache https://registry.npmjs.org/which/-/which-2.0.2.tgz 105ms (cache hit)
1608 http cache https://registry.npmjs.org/update-browserslist-db/-/update-browserslist-db-1.1.3.tgz 104ms (cache hit)
1609 http cache https://registry.npmjs.org/nanoid/-/nanoid-3.3.11.tgz 96ms (cache hit)
1610 http cache https://registry.npmjs.org/tree-kill/-/tree-kill-1.2.2.tgz 105ms (cache hit)
1611 http fetch GET 200 https://registry.npmjs.org/semver 5562ms (cache updated)
1612 silly packumentCache corgi:https://registry.npmjs.org/semver set size:undefined disposed:false
1613 http fetch GET 200 https://registry.npmjs.org/isarray 5460ms (cache miss)
1614 silly packumentCache corgi:https://registry.npmjs.org/isarray set size:undefined disposed:false
1615 http fetch GET 200 https://registry.npmjs.org/prettier-plugin-tailwindcss 5468ms (cache miss)
1616 silly packumentCache corgi:https://registry.npmjs.org/prettier-plugin-tailwindcss set size:undefined disposed:false
1617 http fetch GET 200 https://registry.npmjs.org/laravel-vite-plugin 5562ms (cache revalidated)
1618 silly packumentCache corgi:https://registry.npmjs.org/laravel-vite-plugin set size:66623 disposed:false
1619 http fetch GET 200 https://registry.npmjs.org/picomatch 5590ms (cache revalidated)
1620 silly packumentCache corgi:https://registry.npmjs.org/picomatch set size:44414 disposed:false
1621 http cache https://registry.npmjs.org/semver/-/semver-6.3.1.tgz 47ms (cache hit)
1622 http cache https://registry.npmjs.org/laravel-vite-plugin/-/laravel-vite-plugin-2.0.0.tgz 31ms (cache hit)
1623 http fetch GET 200 https://registry.npmjs.org/json5 5608ms (cache revalidated)
1624 silly packumentCache corgi:https://registry.npmjs.org/json5 set size:37495 disposed:false
1625 http fetch GET 200 https://registry.npmjs.org/eslint-visitor-keys 5611ms (cache revalidated)
1626 silly packumentCache corgi:https://registry.npmjs.org/eslint-visitor-keys set size:28507 disposed:false
1627 http fetch GET 200 https://registry.npmjs.org/prettier 5645ms (cache revalidated)
1628 silly packumentCache corgi:https://registry.npmjs.org/prettier set size:216541 disposed:false
1629 http cache https://registry.npmjs.org/json5/-/json5-2.2.3.tgz 46ms (cache hit)
1630 http fetch GET 200 https://registry.npmjs.org/js-yaml 5657ms (cache revalidated)
1631 silly packumentCache corgi:https://registry.npmjs.org/js-yaml set size:58533 disposed:false
1632 http fetch GET 200 https://registry.npmjs.org/jiti 5669ms (cache revalidated)
1633 silly packumentCache corgi:https://registry.npmjs.org/jiti set size:233973 disposed:false
1634 http cache https://registry.npmjs.org/prettier/-/prettier-3.6.2.tgz 93ms (cache hit)
1635 http fetch GET 200 https://registry.npmjs.org/argparse 5724ms (cache revalidated)
1636 silly packumentCache corgi:https://registry.npmjs.org/argparse set size:19850 disposed:false
1637 http fetch GET 200 https://registry.npmjs.org/eslint-config-prettier 5748ms (cache revalidated)
1638 silly packumentCache corgi:https://registry.npmjs.org/eslint-config-prettier set size:119192 disposed:false
1639 http fetch GET 200 https://registry.npmjs.org/jsesc 5767ms (cache revalidated)
1640 silly packumentCache corgi:https://registry.npmjs.org/jsesc set size:19999 disposed:false
1641 http fetch GET 200 https://registry.npmjs.org/acorn 5737ms (cache revalidated)
1642 silly packumentCache corgi:https://registry.npmjs.org/acorn set size:138138 disposed:false
1643 http fetch GET 200 https://registry.npmjs.org/esbuild 5759ms (cache revalidated)
1644 silly packumentCache corgi:https://registry.npmjs.org/esbuild set size:885757 disposed:false
1645 http fetch GET 200 https://registry.npmjs.org/immer 5775ms (cache revalidated)
1646 silly packumentCache corgi:https://registry.npmjs.org/immer set size:332815 disposed:false
1647 http fetch GET 200 https://registry.npmjs.org/globals 5776ms (cache revalidated)
1648 silly packumentCache corgi:https://registry.npmjs.org/globals set size:120859 disposed:false
1649 http cache https://registry.npmjs.org/js-yaml/-/js-yaml-4.1.1.tgz 144ms (cache hit)
1650 http cache https://registry.npmjs.org/jiti/-/jiti-2.5.1.tgz 160ms (cache hit)
1651 http fetch GET 200 https://registry.npmjs.org/loose-envify 5839ms (cache revalidated)
1652 silly packumentCache corgi:https://registry.npmjs.org/loose-envify set size:4759 disposed:false
1653 http fetch GET 200 https://registry.npmjs.org/browserslist 5809ms (cache revalidated)
1654 silly packumentCache corgi:https://registry.npmjs.org/browserslist set size:270078 disposed:false
1655 http fetch GET 200 https://registry.npmjs.org/@standard-schema%2futils 5807ms (cache revalidated)
1656 silly packumentCache corgi:https://registry.npmjs.org/@standard-schema%2futils set size:4391 disposed:false
1657 http fetch GET 200 https://registry.npmjs.org/@rollup%2frollup-win32-x64-msvc 5813ms (cache revalidated)
1658 silly packumentCache corgi:https://registry.npmjs.org/@rollup%2frollup-win32-x64-msvc set size:128179 disposed:false
1659 http fetch GET 200 https://registry.npmjs.org/@standard-schema%2fspec 5816ms (cache revalidated)
1660 silly packumentCache corgi:https://registry.npmjs.org/@standard-schema%2fspec set size:6141 disposed:false
1661 http cache https://registry.npmjs.org/jsesc/-/jsesc-3.1.0.tgz 106ms (cache hit)
1662 http cache https://registry.npmjs.org/eslint-config-prettier/-/eslint-config-prettier-10.1.8.tgz 108ms (cache hit)
1663 http fetch GET 200 https://registry.npmjs.org/@react-aria%2finteractions 5831ms (cache revalidated)
1664 silly packumentCache corgi:https://registry.npmjs.org/@react-aria%2finteractions set size:1609975 disposed:false
1665 http cache https://registry.npmjs.org/acorn/-/acorn-8.15.0.tgz 116ms (cache hit)
1666 http cache https://registry.npmjs.org/esbuild/-/esbuild-0.25.9.tgz 111ms (cache hit)
1667 http fetch GET 200 https://registry.npmjs.org/@react-stately%2futils 5849ms (cache revalidated)
1668 silly packumentCache corgi:https://registry.npmjs.org/@react-stately%2futils set size:1344192 disposed:false
1669 http fetch GET 200 https://registry.npmjs.org/@rolldown%2fpluginutils 5868ms (cache revalidated)
1670 silly packumentCache corgi:https://registry.npmjs.org/@rolldown%2fpluginutils set size:107027 disposed:false
1671 http cache https://registry.npmjs.org/loose-envify/-/loose-envify-1.4.0.tgz 104ms (cache hit)
1672 http fetch GET 200 https://registry.npmjs.org/@react-aria%2ffocus 5900ms (cache revalidated)
1673 silly packumentCache corgi:https://registry.npmjs.org/@react-aria%2ffocus set size:1601051 disposed:false
1674 http fetch GET 200 https://registry.npmjs.org/@radix-ui%2frect 5908ms (cache revalidated)
1675 silly packumentCache corgi:https://registry.npmjs.org/@radix-ui%2frect set size:44227 disposed:false
1676 http cache https://registry.npmjs.org/browserslist/-/browserslist-4.25.2.tgz 119ms (cache hit)
1677 http fetch GET 200 https://registry.npmjs.org/@radix-ui%2freact-use-layout-effect 5917ms (cache revalidated)
1678 silly packumentCache corgi:https://registry.npmjs.org/@radix-ui%2freact-use-layout-effect set size:115106 disposed:false
1679 http cache https://registry.npmjs.org/@standard-schema/utils/-/utils-0.3.0.tgz 118ms (cache hit)
1680 http cache https://registry.npmjs.org/@standard-schema/spec/-/spec-1.1.0.tgz 134ms (cache hit)
1681 http cache https://registry.npmjs.org/@rollup/rollup-win32-x64-msvc/-/rollup-win32-x64-msvc-4.9.5.tgz 139ms (cache hit)
1682 http fetch GET 200 https://registry.npmjs.org/@react-aria%2fssr 5961ms (cache revalidated)
1683 silly packumentCache corgi:https://registry.npmjs.org/@react-aria%2fssr set size:1337369 disposed:false
1684 http fetch GET 200 https://registry.npmjs.org/@radix-ui%2freact-visually-hidden 5971ms (cache revalidated)
1685 silly packumentCache corgi:https://registry.npmjs.org/@radix-ui%2freact-visually-hidden set size:307851 disposed:false
1686 http fetch GET 200 https://registry.npmjs.org/@radix-ui%2freact-use-size 5974ms (cache revalidated)
1687 silly packumentCache corgi:https://registry.npmjs.org/@radix-ui%2freact-use-size set size:152716 disposed:false
1688 http cache https://registry.npmjs.org/@react-aria/interactions/-/interactions-3.25.4.tgz 138ms (cache hit)
1689 http cache https://registry.npmjs.org/@react-stately/utils/-/utils-3.10.8.tgz 126ms (cache hit)
1690 http fetch GET 200 https://registry.npmjs.org/@radix-ui%2freact-use-effect-event 5987ms (cache revalidated)
1691 silly packumentCache corgi:https://registry.npmjs.org/@radix-ui%2freact-use-effect-event set size:8956 disposed:false
1692 http cache https://registry.npmjs.org/@rolldown/pluginutils/-/pluginutils-1.0.0-beta.38.tgz 126ms (cache hit)
1693 http fetch GET 200 https://registry.npmjs.org/@radix-ui%2freact-use-rect 6023ms (cache revalidated)
1694 silly packumentCache corgi:https://registry.npmjs.org/@radix-ui%2freact-use-rect set size:122446 disposed:false
1695 http fetch GET 200 https://registry.npmjs.org/@react-types%2fshared 6028ms (cache revalidated)
1696 silly packumentCache corgi:https://registry.npmjs.org/@react-types%2fshared set size:1304445 disposed:false
1697 http cache https://registry.npmjs.org/@react-aria/focus/-/focus-3.21.0.tgz 164ms (cache hit)
1698 http cache https://registry.npmjs.org/@radix-ui/rect/-/rect-1.1.1.tgz 163ms (cache hit)
1699 http fetch GET 200 https://registry.npmjs.org/@radix-ui%2freact-use-controllable-state 6074ms (cache revalidated)
1700 silly packumentCache corgi:https://registry.npmjs.org/@radix-ui%2freact-use-controllable-state set size:150498 disposed:false
1701 http fetch GET 200 https://registry.npmjs.org/@radix-ui%2freact-use-callback-ref 6082ms (cache revalidated)
1702 silly packumentCache corgi:https://registry.npmjs.org/@radix-ui%2freact-use-callback-ref set size:114860 disposed:false
1703 http fetch GET 200 https://registry.npmjs.org/@react-stately%2fflags 6087ms (cache revalidated)
1704 silly packumentCache corgi:https://registry.npmjs.org/@react-stately%2fflags set size:535307 disposed:false
1705 http fetch GET 200 https://registry.npmjs.org/@radix-ui%2freact-use-escape-keydown 6091ms (cache revalidated)
1706 silly packumentCache corgi:https://registry.npmjs.org/@radix-ui%2freact-use-escape-keydown set size:153290 disposed:false
1707 http fetch GET 200 https://registry.npmjs.org/@radix-ui%2freact-use-is-hydrated 6093ms (cache revalidated)
1708 silly packumentCache corgi:https://registry.npmjs.org/@radix-ui%2freact-use-is-hydrated set size:3372 disposed:false
1709 http fetch GET 200 https://registry.npmjs.org/@radix-ui%2freact-toggle 6094ms (cache revalidated)
1710 silly packumentCache corgi:https://registry.npmjs.org/@radix-ui%2freact-toggle set size:342000 disposed:false
1711 http cache https://registry.npmjs.org/@radix-ui/react-use-layout-effect/-/react-use-layout-effect-1.1.1.tgz 194ms (cache hit)
1712 http fetch GET 200 https://registry.npmjs.org/@radix-ui%2freact-separator 6131ms (cache revalidated)
1713 silly packumentCache corgi:https://registry.npmjs.org/@radix-ui%2freact-separator set size:307103 disposed:false
1714 http cache https://registry.npmjs.org/@react-aria/ssr/-/ssr-3.9.10.tgz 171ms (cache hit)
1715 http cache https://registry.npmjs.org/@radix-ui/react-visually-hidden/-/react-visually-hidden-1.2.3.tgz 169ms (cache hit)
1716 http cache https://registry.npmjs.org/@radix-ui/react-use-size/-/react-use-size-1.1.1.tgz 166ms (cache hit)
1717 http fetch GET 200 https://registry.npmjs.org/@radix-ui%2freact-use-previous 6144ms (cache revalidated)
1718 silly packumentCache corgi:https://registry.npmjs.org/@radix-ui%2freact-use-previous set size:156906 disposed:false
1719 http fetch GET 200 https://registry.npmjs.org/@radix-ui%2freact-roving-focus 6151ms (cache revalidated)
1720 silly packumentCache corgi:https://registry.npmjs.org/@radix-ui%2freact-roving-focus set size:462638 disposed:false
1721 http fetch GET 200 https://registry.npmjs.org/@radix-ui%2freact-presence 6154ms (cache revalidated)
1722 silly packumentCache corgi:https://registry.npmjs.org/@radix-ui%2freact-presence set size:231905 disposed:false
1723 http fetch GET 200 https://registry.npmjs.org/@radix-ui%2freact-tooltip 6160ms (cache revalidated)
1724 silly packumentCache corgi:https://registry.npmjs.org/@radix-ui%2freact-tooltip set size:642935 disposed:false
1725 http fetch GET 200 https://registry.npmjs.org/@radix-ui%2freact-select 6164ms (cache revalidated)
1726 silly packumentCache corgi:https://registry.npmjs.org/@radix-ui%2freact-select set size:572690 disposed:false
1727 http fetch GET 200 https://registry.npmjs.org/@radix-ui%2freact-toggle-group 6168ms (cache revalidated)
1728 silly packumentCache corgi:https://registry.npmjs.org/@radix-ui%2freact-toggle-group set size:435937 disposed:false
1729 http fetch GET 200 https://registry.npmjs.org/@radix-ui%2freact-portal 6171ms (cache revalidated)
1730 silly packumentCache corgi:https://registry.npmjs.org/@radix-ui%2freact-portal set size:348266 disposed:false
1731 http cache https://registry.npmjs.org/@radix-ui/react-use-effect-event/-/react-use-effect-event-0.0.2.tgz 194ms (cache hit)
1732 http fetch GET 200 https://registry.npmjs.org/@radix-ui%2freact-slot 6187ms (cache revalidated)
1733 silly packumentCache corgi:https://registry.npmjs.org/@radix-ui%2freact-slot set size:192744 disposed:false
1734 http fetch GET 200 https://registry.npmjs.org/@radix-ui%2freact-primitive 6203ms (cache revalidated)
1735 silly packumentCache corgi:https://registry.npmjs.org/@radix-ui%2freact-primitive set size:313886 disposed:false
1736 http fetch GET 200 https://registry.npmjs.org/laravel-echo/-/laravel-echo-2.3.4.tgz 6036ms (cache miss)
1737 http cache https://registry.npmjs.org/@radix-ui/react-use-rect/-/react-use-rect-1.1.1.tgz 204ms (cache hit)
1738 http cache https://registry.npmjs.org/@react-types/shared/-/shared-3.31.0.tgz 198ms (cache hit)
1739 http fetch GET 200 https://registry.npmjs.org/@radix-ui%2freact-dropdown-menu 6240ms (cache revalidated)
1740 silly packumentCache corgi:https://registry.npmjs.org/@radix-ui%2freact-dropdown-menu set size:578276 disposed:false
1741 http fetch GET 200 https://registry.npmjs.org/@tailwindcss%2fnode 6253ms (cache updated)
1742 silly packumentCache corgi:https://registry.npmjs.org/@tailwindcss%2fnode set size:undefined disposed:false
1743 http cache https://registry.npmjs.org/@radix-ui/react-use-controllable-state/-/react-use-controllable-state-1.2.2.tgz 176ms (cache hit)
1744 http cache https://registry.npmjs.org/@radix-ui/react-use-callback-ref/-/react-use-callback-ref-1.1.1.tgz 175ms (cache hit)
1745 http cache https://registry.npmjs.org/@radix-ui/react-use-escape-keydown/-/react-use-escape-keydown-1.1.1.tgz 168ms (cache hit)
1746 http cache https://registry.npmjs.org/@radix-ui/react-toggle/-/react-toggle-1.1.10.tgz 164ms (cache hit)
1747 http cache https://registry.npmjs.org/@react-stately/flags/-/flags-3.1.2.tgz 176ms (cache hit)
1748 http fetch GET 200 https://registry.npmjs.org/@radix-ui%2freact-id 6265ms (cache revalidated)
1749 silly packumentCache corgi:https://registry.npmjs.org/@radix-ui%2freact-id set size:180425 disposed:false
1750 http cache https://registry.npmjs.org/@radix-ui/react-use-is-hydrated/-/react-use-is-hydrated-0.1.0.tgz 177ms (cache hit)
1751 http fetch GET 200 https://registry.npmjs.org/@radix-ui%2freact-popover 6288ms (cache revalidated)
1752 silly packumentCache corgi:https://registry.npmjs.org/@radix-ui%2freact-popover set size:644825 disposed:false
1753 http fetch GET 200 https://registry.npmjs.org/@radix-ui%2freact-focus-scope 6295ms (cache revalidated)
1754 silly packumentCache corgi:https://registry.npmjs.org/@radix-ui%2freact-focus-scope set size:343756 disposed:false
1755 http fetch GET 200 https://registry.npmjs.org/@radix-ui%2freact-direction 6301ms (cache revalidated)
1756 silly packumentCache corgi:https://registry.npmjs.org/@radix-ui%2freact-direction set size:107553 disposed:false
1757 http fetch GET 200 https://registry.npmjs.org/@radix-ui%2freact-navigation-menu 6304ms (cache revalidated)
1758 silly packumentCache corgi:https://registry.npmjs.org/@radix-ui%2freact-navigation-menu set size:456956 disposed:false
1759 http fetch GET 200 https://registry.npmjs.org/@radix-ui%2freact-focus-guards 6310ms (cache revalidated)
1760 silly packumentCache corgi:https://registry.npmjs.org/@radix-ui%2freact-focus-guards set size:141346 disposed:false
1761 http fetch GET 200 https://registry.npmjs.org/@radix-ui%2freact-label 6319ms (cache revalidated)
1762 silly packumentCache corgi:https://registry.npmjs.org/@radix-ui%2freact-label set size:328563 disposed:false
1763 http fetch GET 200 https://registry.npmjs.org/@laravel/echo-react/-/echo-react-2.3.3.tgz 6156ms (cache miss)
1764 http cache https://registry.npmjs.org/@radix-ui/react-separator/-/react-separator-1.1.7.tgz 190ms (cache hit)
1765 http cache https://registry.npmjs.org/@radix-ui/react-use-previous/-/react-use-previous-1.1.1.tgz 195ms (cache hit)
1766 http fetch GET 200 https://registry.npmjs.org/@radix-ui%2freact-context 6342ms (cache revalidated)
1767 silly packumentCache corgi:https://registry.npmjs.org/@radix-ui%2freact-context set size:133637 disposed:false
1768 http cache https://registry.npmjs.org/@radix-ui/react-roving-focus/-/react-roving-focus-1.1.11.tgz 195ms (cache hit)
1769 http cache https://registry.npmjs.org/@radix-ui/react-presence/-/react-presence-1.1.5.tgz 194ms (cache hit)
1770 http cache https://registry.npmjs.org/@radix-ui/react-select/-/react-select-2.2.6.tgz 185ms (cache hit)
1771 http cache https://registry.npmjs.org/@radix-ui/react-tooltip/-/react-tooltip-1.2.8.tgz 190ms (cache hit)
1772 http cache https://registry.npmjs.org/@radix-ui/react-toggle-group/-/react-toggle-group-1.1.11.tgz 183ms (cache hit)
1773 http cache https://registry.npmjs.org/@radix-ui/react-portal/-/react-portal-1.1.9.tgz 174ms (cache hit)
1774 http cache https://registry.npmjs.org/@radix-ui/react-slot/-/react-slot-1.2.3.tgz 174ms (cache hit)
1775 http fetch GET 200 https://registry.npmjs.org/@radix-ui%2freact-collapsible 6362ms (cache revalidated)
1776 silly packumentCache corgi:https://registry.npmjs.org/@radix-ui%2freact-collapsible set size:442305 disposed:false
1777 http fetch GET 200 https://registry.npmjs.org/zod 6351ms (cache miss)
1778 silly packumentCache corgi:https://registry.npmjs.org/zod set size:undefined disposed:false
1779 http cache https://registry.npmjs.org/@radix-ui/react-primitive/-/react-primitive-2.1.3.tgz 172ms (cache hit)
1780 http fetch GET 200 https://registry.npmjs.org/@radix-ui%2freact-compose-refs 6384ms (cache revalidated)
1781 silly packumentCache corgi:https://registry.npmjs.org/@radix-ui%2freact-compose-refs set size:116746 disposed:false
1782 http fetch GET 200 https://registry.npmjs.org/@radix-ui%2fprimitive 6390ms (cache revalidated)
1783 silly packumentCache corgi:https://registry.npmjs.org/@radix-ui%2fprimitive set size:62191 disposed:false
1784 http fetch GET 200 https://registry.npmjs.org/@jridgewell%2ftrace-mapping 6396ms (cache revalidated)
1785 silly packumentCache corgi:https://registry.npmjs.org/@jridgewell%2ftrace-mapping set size:70513 disposed:false
1786 http fetch GET 200 https://registry.npmjs.org/@radix-ui%2freact-arrow 6400ms (cache revalidated)
1787 silly packumentCache corgi:https://registry.npmjs.org/@radix-ui%2freact-arrow set size:304336 disposed:false
1788 http fetch GET 200 https://registry.npmjs.org/@radix-ui%2freact-avatar 6404ms (cache revalidated)
1789 silly packumentCache corgi:https://registry.npmjs.org/@radix-ui%2freact-avatar set size:363218 disposed:false
1790 http fetch GET 200 https://registry.npmjs.org/@radix-ui%2freact-collection 6420ms (cache revalidated)
1791 silly packumentCache corgi:https://registry.npmjs.org/@radix-ui%2freact-collection set size:339291 disposed:false
1792 http cache https://registry.npmjs.org/@tailwindcss/node/-/node-4.1.12.tgz 176ms (cache hit)
1793 http cache https://registry.npmjs.org/@radix-ui/react-dropdown-menu/-/react-dropdown-menu-2.1.16.tgz 184ms (cache hit)
1794 http cache https://registry.npmjs.org/@radix-ui/react-id/-/react-id-1.1.1.tgz 171ms (cache hit)
1795 http fetch GET 200 https://registry.npmjs.org/@jridgewell%2fsourcemap-codec 6436ms (cache revalidated)
1796 silly packumentCache corgi:https://registry.npmjs.org/@jridgewell%2fsourcemap-codec set size:18853 disposed:false
1797 http fetch GET 200 https://registry.npmjs.org/@radix-ui%2freact-menu 6448ms (cache revalidated)
1798 silly packumentCache corgi:https://registry.npmjs.org/@radix-ui%2freact-menu set size:707728 disposed:false
1799 http cache https://registry.npmjs.org/@radix-ui/react-popover/-/react-popover-1.1.15.tgz 166ms (cache hit)
1800 http cache https://registry.npmjs.org/@radix-ui/react-focus-scope/-/react-focus-scope-1.1.7.tgz 162ms (cache hit)
1801 http fetch GET 200 https://registry.npmjs.org/@inertiajs%2fcore 6457ms (cache revalidated)
1802 silly packumentCache corgi:https://registry.npmjs.org/@inertiajs%2fcore set size:123789 disposed:false
1803 http cache https://registry.npmjs.org/@radix-ui/react-direction/-/react-direction-1.1.1.tgz 172ms (cache hit)
1804 http cache https://registry.npmjs.org/@radix-ui/react-navigation-menu/-/react-navigation-menu-1.2.14.tgz 168ms (cache hit)
1805 http cache https://registry.npmjs.org/@radix-ui/react-focus-guards/-/react-focus-guards-1.1.3.tgz 168ms (cache hit)
1806 http cache https://registry.npmjs.org/@radix-ui/react-label/-/react-label-2.1.7.tgz 162ms (cache hit)
1807 http fetch GET 200 https://registry.npmjs.org/@radix-ui%2freact-dialog 6489ms (cache revalidated)
1808 silly packumentCache corgi:https://registry.npmjs.org/@radix-ui%2freact-dialog set size:604387 disposed:false
1809 http fetch GET 200 https://registry.npmjs.org/@humanfs%2fcore 6500ms (cache revalidated)
1810 silly packumentCache corgi:https://registry.npmjs.org/@humanfs%2fcore set size:12342 disposed:false
1811 http fetch GET 200 https://registry.npmjs.org/@floating-ui%2futils 6502ms (cache revalidated)
1812 silly packumentCache corgi:https://registry.npmjs.org/@floating-ui%2futils set size:11156 disposed:false
1813 http fetch GET 200 https://registry.npmjs.org/@humanwhocodes%2fretry 6506ms (cache revalidated)
1814 silly packumentCache corgi:https://registry.npmjs.org/@humanwhocodes%2fretry set size:13562 disposed:false
1815 http cache https://registry.npmjs.org/@radix-ui/react-context/-/react-context-1.1.2.tgz 177ms (cache hit)
1816 http fetch GET 200 https://registry.npmjs.org/@radix-ui%2freact-checkbox 6526ms (cache revalidated)
1817 silly packumentCache corgi:https://registry.npmjs.org/@radix-ui%2freact-checkbox set size:475772 disposed:false
1818 http fetch GET 200 https://registry.npmjs.org/@floating-ui%2freact-dom 6534ms (cache revalidated)
1819 silly packumentCache corgi:https://registry.npmjs.org/@floating-ui%2freact-dom set size:85764 disposed:false
1820 http fetch GET 200 https://registry.npmjs.org/@radix-ui%2freact-dismissable-layer 6539ms (cache revalidated)
1821 silly packumentCache corgi:https://registry.npmjs.org/@radix-ui%2freact-dismissable-layer set size:438511 disposed:false
1822 http fetch GET 200 https://registry.npmjs.org/@eslint-community%2fregexpp 6545ms (cache revalidated)
1823 silly packumentCache corgi:https://registry.npmjs.org/@eslint-community%2fregexpp set size:39614 disposed:false
1824 http fetch GET 200 https://registry.npmjs.org/@floating-ui%2freact 6547ms (cache revalidated)
1825 silly packumentCache corgi:https://registry.npmjs.org/@floating-ui%2freact set size:122639 disposed:false
1826 http cache https://registry.npmjs.org/@radix-ui/react-collapsible/-/react-collapsible-1.1.12.tgz 189ms (cache hit)
1827 http fetch GET 200 https://registry.npmjs.org/@esbuild%2fwin32-x64 6552ms (cache revalidated)
1828 silly packumentCache corgi:https://registry.npmjs.org/@esbuild%2fwin32-x64 set size:102952 disposed:false
1829 http fetch GET 200 https://registry.npmjs.org/@jridgewell%2fremapping 6557ms (cache revalidated)
1830 silly packumentCache corgi:https://registry.npmjs.org/@jridgewell%2fremapping set size:3429 disposed:false
1831 http cache https://registry.npmjs.org/@radix-ui/react-compose-refs/-/react-compose-refs-1.1.2.tgz 187ms (cache hit)
1832 http cache https://registry.npmjs.org/@radix-ui/primitive/-/primitive-1.1.3.tgz 190ms (cache hit)
1833 http cache https://registry.npmjs.org/@radix-ui/react-arrow/-/react-arrow-1.1.7.tgz 180ms (cache hit)
1834 http cache https://registry.npmjs.org/@jridgewell/trace-mapping/-/trace-mapping-0.3.30.tgz 184ms (cache hit)
1835 http fetch GET 200 https://registry.npmjs.org/@humanwhocodes%2fmodule-importer 6582ms (cache revalidated)
1836 silly packumentCache corgi:https://registry.npmjs.org/@humanwhocodes%2fmodule-importer set size:3746 disposed:false
1837 http fetch GET 200 https://registry.npmjs.org/@radix-ui%2fnumber 6585ms (cache revalidated)
1838 silly packumentCache corgi:https://registry.npmjs.org/@radix-ui%2fnumber set size:42734 disposed:false
1839 http fetch GET 200 https://registry.npmjs.org/@babel%2fplugin-transform-react-jsx-self 6584ms (cache revalidated)
1840 silly packumentCache corgi:https://registry.npmjs.org/@babel%2fplugin-transform-react-jsx-self set size:105733 disposed:false
1841 http cache https://registry.npmjs.org/@radix-ui/react-avatar/-/react-avatar-1.1.10.tgz 181ms (cache hit)
1842 http fetch GET 200 https://registry.npmjs.org/@babel%2fhelper-validator-option 6586ms (cache revalidated)
1843 silly packumentCache corgi:https://registry.npmjs.org/@babel%2fhelper-validator-option set size:44780 disposed:false
1844 http fetch GET 200 https://registry.npmjs.org/@babel%2ftemplate 6592ms (cache revalidated)
1845 silly packumentCache corgi:https://registry.npmjs.org/@babel%2ftemplate set size:110514 disposed:false
1846 http fetch GET 200 https://registry.npmjs.org/@date-fns%2ftz 6597ms (cache revalidated)
1847 silly packumentCache corgi:https://registry.npmjs.org/@date-fns%2ftz set size:18188 disposed:false
1848 http cache https://registry.npmjs.org/@radix-ui/react-collection/-/react-collection-1.1.7.tgz 180ms (cache hit)
1849 http fetch GET 200 https://registry.npmjs.org/@babel%2fplugin-transform-react-jsx-source 6617ms (cache revalidated)
1850 silly packumentCache corgi:https://registry.npmjs.org/@babel%2fplugin-transform-react-jsx-source set size:108744 disposed:false
1851 http fetch GET 200 https://registry.npmjs.org/@babel%2fhelper-module-transforms 6620ms (cache revalidated)
1852 silly packumentCache corgi:https://registry.npmjs.org/@babel%2fhelper-module-transforms set size:183680 disposed:false
1853 http fetch GET 200 https://registry.npmjs.org/@babel%2fhelper-string-parser 6623ms (cache revalidated)
1854 silly packumentCache corgi:https://registry.npmjs.org/@babel%2fhelper-string-parser set size:37365 disposed:false
1855 http fetch GET 200 https://registry.npmjs.org/@inertiajs%2freact 6630ms (cache revalidated)
1856 silly packumentCache corgi:https://registry.npmjs.org/@inertiajs%2freact set size:131494 disposed:false
1857 http cache https://registry.npmjs.org/@jridgewell/sourcemap-codec/-/sourcemap-codec-1.5.5.tgz 197ms (cache hit)
1858 http cache https://registry.npmjs.org/@radix-ui/react-menu/-/react-menu-2.1.16.tgz 195ms (cache hit)
1859 http fetch GET 200 https://registry.npmjs.org/@babel%2fhelper-validator-identifier 6641ms (cache revalidated)
1860 silly packumentCache corgi:https://registry.npmjs.org/@babel%2fhelper-validator-identifier set size:59556 disposed:false
1861 http fetch GET 200 https://registry.npmjs.org/@floating-ui%2fcore 6644ms (cache revalidated)
1862 silly packumentCache corgi:https://registry.npmjs.org/@floating-ui%2fcore set size:80010 disposed:false
1863 http fetch GET 200 https://registry.npmjs.org/@babel%2fhelper-compilation-targets 6644ms (cache revalidated)
1864 silly packumentCache corgi:https://registry.npmjs.org/@babel%2fhelper-compilation-targets set size:124880 disposed:false
1865 http cache https://registry.npmjs.org/@inertiajs/core/-/core-2.1.4.tgz 194ms (cache hit)
1866 http fetch GET 200 https://registry.npmjs.org/@babel%2fparser 6658ms (cache revalidated)
1867 silly packumentCache corgi:https://registry.npmjs.org/@babel%2fparser set size:332131 disposed:false
1868 http fetch GET 200 https://registry.npmjs.org/@babel%2fcompat-data 6698ms (cache revalidated)
1869 silly packumentCache corgi:https://registry.npmjs.org/@babel%2fcompat-data set size:141131 disposed:false
1870 http cache https://registry.npmjs.org/@radix-ui/react-dialog/-/react-dialog-1.1.15.tgz 215ms (cache hit)
1871 http fetch GET 200 https://registry.npmjs.org/@babel%2fhelper-module-imports 6706ms (cache revalidated)
1872 silly packumentCache corgi:https://registry.npmjs.org/@babel%2fhelper-module-imports set size:98162 disposed:false
1873 http fetch GET 200 https://registry.npmjs.org/@babel%2fhelper-plugin-utils 6707ms (cache revalidated)
1874 silly packumentCache corgi:https://registry.npmjs.org/@babel%2fhelper-plugin-utils set size:81774 disposed:false
1875 http cache https://registry.npmjs.org/@humanfs/core/-/core-0.19.1.tgz 217ms (cache hit)
1876 http cache https://registry.npmjs.org/@floating-ui/utils/-/utils-0.2.10.tgz 220ms (cache hit)
1877 http cache https://registry.npmjs.org/@humanwhocodes/retry/-/retry-0.4.3.tgz 218ms (cache hit)
1878 http fetch GET 200 https://registry.npmjs.org/react 6803ms (cache miss)
1879 silly packumentCache corgi:https://registry.npmjs.org/react set size:undefined disposed:false
1880 http fetch GET 200 https://registry.npmjs.org/@react-aria%2futils 6752ms (cache revalidated)
1881 silly packumentCache corgi:https://registry.npmjs.org/@react-aria%2futils set size:1629927 disposed:false
1882 http cache https://registry.npmjs.org/@radix-ui/react-checkbox/-/react-checkbox-1.3.3.tgz 254ms (cache hit)
1883 http cache https://registry.npmjs.org/@floating-ui/react-dom/-/react-dom-2.1.5.tgz 253ms (cache hit)
1884 http cache https://registry.npmjs.org/@radix-ui/react-dismissable-layer/-/react-dismissable-layer-1.1.11.tgz 251ms (cache hit)
1885 http fetch GET 200 https://registry.npmjs.org/@tabby_ai%2fhijri-converter 6793ms (cache revalidated)
1886 silly packumentCache corgi:https://registry.npmjs.org/@tabby_ai%2fhijri-converter set size:1098 disposed:false
1887 http cache https://registry.npmjs.org/@eslint-community/regexpp/-/regexpp-4.12.1.tgz 304ms (cache hit)
1888 http cache https://registry.npmjs.org/@floating-ui/react/-/react-0.26.28.tgz 303ms (cache hit)
1889 http fetch GET 200 https://registry.npmjs.org/@babel%2fcode-frame 6852ms (cache revalidated)
1890 silly packumentCache corgi:https://registry.npmjs.org/@babel%2fcode-frame set size:94643 disposed:false
1891 http fetch GET 200 https://registry.npmjs.org/@babel%2fhelper-globals 6856ms (cache revalidated)
1892 silly packumentCache corgi:https://registry.npmjs.org/@babel%2fhelper-globals set size:6473 disposed:false
1893 http fetch GET 200 https://registry.npmjs.org/@reduxjs%2ftoolkit 6865ms (cache revalidated)
1894 silly packumentCache corgi:https://registry.npmjs.org/@reduxjs%2ftoolkit set size:284779 disposed:false
1895 http cache https://registry.npmjs.org/@jridgewell/remapping/-/remapping-2.3.5.tgz 321ms (cache hit)
1896 http cache https://registry.npmjs.org/@esbuild/win32-x64/-/win32-x64-0.25.9.tgz 332ms (cache hit)
1897 http fetch GET 200 https://registry.npmjs.org/@nodelib%2ffs.walk 6878ms (cache revalidated)
1898 silly packumentCache corgi:https://registry.npmjs.org/@nodelib%2ffs.walk set size:22168 disposed:false
1899 http fetch GET 200 https://registry.npmjs.org/@jridgewell%2fgen-mapping 6881ms (cache revalidated)
1900 silly packumentCache corgi:https://registry.npmjs.org/@jridgewell%2fgen-mapping set size:28202 disposed:false
1901 http fetch GET 200 https://registry.npmjs.org/@nodelib%2ffs.stat 6882ms (cache revalidated)
1902 silly packumentCache corgi:https://registry.npmjs.org/@nodelib%2ffs.stat set size:20318 disposed:false
1903 http fetch GET 200 https://registry.npmjs.org/@swc%2fhelpers 6884ms (cache revalidated)
1904 silly packumentCache corgi:https://registry.npmjs.org/@swc%2fhelpers set size:94915 disposed:false
1905 http fetch GET 200 https://registry.npmjs.org/@isaacs%2ffs-minipass 6901ms (cache revalidated)
1906 silly packumentCache corgi:https://registry.npmjs.org/@isaacs%2ffs-minipass set size:1590 disposed:false
1907 http fetch GET 200 https://registry.npmjs.org/@headlessui%2freact 6912ms (cache revalidated)
1908 silly packumentCache corgi:https://registry.npmjs.org/@headlessui%2freact set size:1222078 disposed:false
1909 http fetch GET 200 https://registry.npmjs.org/@eslint%2fobject-schema 6918ms (cache revalidated)
1910 silly packumentCache corgi:https://registry.npmjs.org/@eslint%2fobject-schema set size:9255 disposed:false
1911 http cache https://registry.npmjs.org/@radix-ui/number/-/number-1.1.1.tgz 346ms (cache hit)
1912 http cache https://registry.npmjs.org/@humanwhocodes/module-importer/-/module-importer-1.0.1.tgz 348ms (cache hit)
1913 http cache https://registry.npmjs.org/@babel/helper-validator-option/-/helper-validator-option-7.27.1.tgz 344ms (cache hit)
1914 http cache https://registry.npmjs.org/@babel/plugin-transform-react-jsx-self/-/plugin-transform-react-jsx-self-7.27.1.tgz 345ms (cache hit)
1915 http cache https://registry.npmjs.org/@babel/template/-/template-7.27.2.tgz 340ms (cache hit)
1916 http cache https://registry.npmjs.org/@date-fns/tz/-/tz-1.4.1.tgz 343ms (cache hit)
1917 http fetch GET 200 https://registry.npmjs.org/@eslint%2fplugin-kit 6932ms (cache revalidated)
1918 silly packumentCache corgi:https://registry.npmjs.org/@eslint%2fplugin-kit set size:20831 disposed:false
1919 http fetch GET 200 https://registry.npmjs.org/@floating-ui%2fdom 6944ms (cache revalidated)
1920 silly packumentCache corgi:https://registry.npmjs.org/@floating-ui%2fdom set size:117816 disposed:false
1921 http fetch GET 200 https://registry.npmjs.org/@nodelib%2ffs.scandir 6950ms (cache revalidated)
1922 silly packumentCache corgi:https://registry.npmjs.org/@nodelib%2ffs.scandir set size:26977 disposed:false
1923 http fetch GET 200 https://registry.npmjs.org/@babel%2fhelpers 6950ms (cache revalidated)
1924 silly packumentCache corgi:https://registry.npmjs.org/@babel%2fhelpers set size:209207 disposed:false
1925 http fetch GET 200 https://registry.npmjs.org/@eslint%2fcore 6954ms (cache revalidated)
1926 silly packumentCache corgi:https://registry.npmjs.org/@eslint%2fcore set size:20912 disposed:false
1927 http fetch GET 200 https://registry.npmjs.org/@jridgewell%2fresolve-uri 6958ms (cache revalidated)
1928 silly packumentCache corgi:https://registry.npmjs.org/@jridgewell%2fresolve-uri set size:26905 disposed:false
1929 http fetch GET 200 https://registry.npmjs.org/socket.io-client/-/socket.io-client-4.8.3.tgz 6808ms (cache miss)
1930 http cache https://registry.npmjs.org/@babel/plugin-transform-react-jsx-source/-/plugin-transform-react-jsx-source-7.27.1.tgz 354ms (cache hit)
1931 http fetch GET 200 https://registry.npmjs.org/@humanfs%2fnode 6963ms (cache revalidated)
1932 silly packumentCache corgi:https://registry.npmjs.org/@humanfs%2fnode set size:14413 disposed:false
1933 http fetch GET 200 https://registry.npmjs.org/@eslint%2fconfig-array 6963ms (cache revalidated)
1934 silly packumentCache corgi:https://registry.npmjs.org/@eslint%2fconfig-array set size:19036 disposed:false
1935 http fetch GET 200 https://registry.npmjs.org/@eslint%2fjs 6966ms (cache revalidated)
1936 silly packumentCache corgi:https://registry.npmjs.org/@eslint%2fjs set size:56618 disposed:false
1937 http fetch GET 200 https://registry.npmjs.org/@eslint-community%2feslint-utils 6967ms (cache revalidated)
1938 silly packumentCache corgi:https://registry.npmjs.org/@eslint-community%2feslint-utils set size:44347 disposed:false
1939 http cache https://registry.npmjs.org/@babel/helper-string-parser/-/helper-string-parser-7.27.1.tgz 356ms (cache hit)
1940 http fetch GET 200 https://registry.npmjs.org/@babel%2ftraverse 6972ms (cache revalidated)
1941 silly packumentCache corgi:https://registry.npmjs.org/@babel%2ftraverse set size:299138 disposed:false
1942 http cache https://registry.npmjs.org/@babel/helper-module-transforms/-/helper-module-transforms-7.28.3.tgz 365ms (cache hit)
1943 http cache https://registry.npmjs.org/@inertiajs/react/-/react-2.1.4.tgz 365ms (cache hit)
1944 http fetch GET 200 https://registry.npmjs.org/@eslint%2fconfig-helpers 6988ms (cache revalidated)
1945 silly packumentCache corgi:https://registry.npmjs.org/@eslint%2fconfig-helpers set size:15569 disposed:false
1946 http fetch GET 200 https://registry.npmjs.org/@babel%2ftypes 6990ms (cache revalidated)
1947 silly packumentCache corgi:https://registry.npmjs.org/@babel%2ftypes set size:250645 disposed:false
1948 http cache https://registry.npmjs.org/@floating-ui/core/-/core-1.7.3.tgz 364ms (cache hit)
1949 http cache https://registry.npmjs.org/@babel/helper-validator-identifier/-/helper-validator-identifier-7.27.1.tgz 373ms (cache hit)
1950 http cache https://registry.npmjs.org/@babel/helper-compilation-targets/-/helper-compilation-targets-7.27.2.tgz 372ms (cache hit)
1951 http cache https://registry.npmjs.org/@babel/parser/-/parser-7.28.4.tgz 376ms (cache hit)
1952 http fetch GET 200 https://registry.npmjs.org/vite 7038ms (cache revalidated)
1953 silly packumentCache corgi:https://registry.npmjs.org/vite set size:2249718 disposed:false
1954 http fetch GET 200 https://registry.npmjs.org/eslint-visitor-keys 7056ms (cache revalidated)
1955 silly packumentCache corgi:https://registry.npmjs.org/eslint-visitor-keys set size:28507 disposed:false
1956 silly packumentCache corgi:https://registry.npmjs.org/eslint-visitor-keys dispose
1957 http fetch GET 200 https://registry.npmjs.org/picomatch 7058ms (cache revalidated)
1958 silly packumentCache corgi:https://registry.npmjs.org/picomatch set size:44414 disposed:false
1959 silly packumentCache corgi:https://registry.npmjs.org/picomatch dispose
1960 http fetch GET 200 https://registry.npmjs.org/@babel%2fcore 7069ms (cache revalidated)
1961 silly packumentCache corgi:https://registry.npmjs.org/@babel%2fcore set size:413679 disposed:false
1962 http fetch GET 200 https://registry.npmjs.org/globals 7072ms (cache revalidated)
1963 silly packumentCache corgi:https://registry.npmjs.org/globals set size:120859 disposed:false
1964 silly packumentCache corgi:https://registry.npmjs.org/globals dispose
1965 http fetch GET 200 https://registry.npmjs.org/@radix-ui%2freact-popper 7103ms (cache revalidated)
1966 silly packumentCache corgi:https://registry.npmjs.org/@radix-ui%2freact-popper set size:431141 disposed:false
1967 http fetch GET 200 https://registry.npmjs.org/@babel%2fgenerator 7087ms (cache revalidated)
1968 silly packumentCache corgi:https://registry.npmjs.org/@babel%2fgenerator set size:279046 disposed:false
1969 http fetch GET 200 https://registry.npmjs.org/resolve 7084ms (cache revalidated)
1970 silly packumentCache corgi:https://registry.npmjs.org/resolve set size:105902 disposed:false
1971 http fetch GET 200 https://registry.npmjs.org/immer 7083ms (cache revalidated)
1972 silly packumentCache corgi:https://registry.npmjs.org/immer set size:332815 disposed:false
1973 silly packumentCache corgi:https://registry.npmjs.org/immer dispose
1974 http fetch GET 200 https://registry.npmjs.org/rollup 7094ms (cache revalidated)
1975 silly packumentCache corgi:https://registry.npmjs.org/rollup set size:2568527 disposed:false
1976 http cache https://registry.npmjs.org/@babel/compat-data/-/compat-data-7.28.0.tgz 422ms (cache hit)
1977 http cache https://registry.npmjs.org/@babel/helper-module-imports/-/helper-module-imports-7.27.1.tgz 419ms (cache hit)
1978 http cache https://registry.npmjs.org/@babel/helper-plugin-utils/-/helper-plugin-utils-7.27.1.tgz 419ms (cache hit)
1979 http fetch GET 200 https://registry.npmjs.org/argparse 7139ms (cache revalidated)
1980 silly packumentCache corgi:https://registry.npmjs.org/argparse set size:19850 disposed:false
1981 silly packumentCache corgi:https://registry.npmjs.org/argparse dispose
1982 http fetch GET 200 https://registry.npmjs.org/eslint 7147ms (cache revalidated)
1983 silly packumentCache corgi:https://registry.npmjs.org/eslint set size:1157219 disposed:false
1984 http cache https://registry.npmjs.org/@react-aria/utils/-/utils-3.30.0.tgz 409ms (cache hit)
1985 http cache https://registry.npmjs.org/@tabby_ai/hijri-converter/-/hijri-converter-1.0.5.tgz 416ms (cache hit)
1986 http fetch GET 200 https://registry.npmjs.org/picomatch 7210ms (cache revalidated)
1987 silly packumentCache corgi:https://registry.npmjs.org/picomatch set size:44414 disposed:true
1988 silly packumentCache corgi:https://registry.npmjs.org/picomatch dispose
1989 http cache https://registry.npmjs.org/@babel/helper-globals/-/helper-globals-7.28.0.tgz 390ms (cache hit)
1990 http cache https://registry.npmjs.org/@babel/code-frame/-/code-frame-7.27.1.tgz 393ms (cache hit)
1991 http fetch GET 200 https://registry.npmjs.org/fdir 7253ms (cache revalidated)
1992 silly packumentCache corgi:https://registry.npmjs.org/fdir set size:76905 disposed:false
1993 http cache https://registry.npmjs.org/@reduxjs/toolkit/-/toolkit-2.11.2.tgz 408ms (cache hit)
1994 http fetch GET 200 https://registry.npmjs.org/mkdirp 7281ms (cache revalidated)
1995 silly packumentCache corgi:https://registry.npmjs.org/mkdirp set size:49417 disposed:false
1996 http cache https://registry.npmjs.org/@jridgewell/gen-mapping/-/gen-mapping-0.3.13.tgz 413ms (cache hit)
1997 http fetch GET 200 https://registry.npmjs.org/concurrently 7284ms (cache revalidated)
1998 silly packumentCache corgi:https://registry.npmjs.org/concurrently set size:102723 disposed:false
1999 http cache https://registry.npmjs.org/@nodelib/fs.walk/-/fs.walk-1.2.8.tgz 418ms (cache hit)
2000 http cache https://registry.npmjs.org/@nodelib/fs.stat/-/fs.stat-2.0.5.tgz 415ms (cache hit)
2001 http cache https://registry.npmjs.org/@swc/helpers/-/helpers-0.5.17.tgz 414ms (cache hit)
2002 http fetch GET 200 https://registry.npmjs.org/fdir 7296ms (cache revalidated)
2003 silly packumentCache corgi:https://registry.npmjs.org/fdir set size:76905 disposed:false
2004 silly packumentCache corgi:https://registry.npmjs.org/fdir dispose
2005 http fetch GET 200 https://registry.npmjs.org/@rollup%2frollup-win32-x64-msvc 7301ms (cache revalidated)
2006 silly packumentCache corgi:https://registry.npmjs.org/@rollup%2frollup-win32-x64-msvc set size:128179 disposed:false
2007 silly packumentCache corgi:https://registry.npmjs.org/@rollup%2frollup-win32-x64-msvc dispose
2008 http fetch GET 200 https://registry.npmjs.org/@eslint%2feslintrc 7319ms (cache revalidated)
2009 silly packumentCache corgi:https://registry.npmjs.org/@eslint%2feslintrc set size:83205 disposed:false
2010 http cache https://registry.npmjs.org/@isaacs/fs-minipass/-/fs-minipass-4.0.1.tgz 461ms (cache hit)
2011 http cache https://registry.npmjs.org/@eslint/object-schema/-/object-schema-2.1.6.tgz 461ms (cache hit)
2012 http cache https://registry.npmjs.org/@headlessui/react/-/react-2.2.7.tgz 463ms (cache hit)
2013 http fetch GET 200 https://registry.npmjs.org/@laravel%2fvite-plugin-wayfinder 7421ms (cache revalidated)
2014 silly packumentCache corgi:https://registry.npmjs.org/@laravel%2fvite-plugin-wayfinder set size:4001 disposed:false
2015 http cache https://registry.npmjs.org/@eslint/plugin-kit/-/plugin-kit-0.3.5.tgz 497ms (cache hit)
2016 http cache https://registry.npmjs.org/@floating-ui/dom/-/dom-1.7.3.tgz 495ms (cache hit)
2017 http fetch GET 200 https://registry.npmjs.org/mammoth 7430ms (cache revalidated)
2018 silly packumentCache corgi:https://registry.npmjs.org/mammoth set size:101126 disposed:false
2019 http cache https://registry.npmjs.org/@nodelib/fs.scandir/-/fs.scandir-2.1.5.tgz 492ms (cache hit)
2020 http cache https://registry.npmjs.org/@babel/helpers/-/helpers-7.28.4.tgz 491ms (cache hit)
2021 http cache https://registry.npmjs.org/@eslint/core/-/core-0.15.2.tgz 500ms (cache hit)
2022 http cache https://registry.npmjs.org/@jridgewell/resolve-uri/-/resolve-uri-3.1.2.tgz 499ms (cache hit)
2023 http cache https://registry.npmjs.org/@humanfs/node/-/node-0.16.6.tgz 515ms (cache hit)
2024 http cache https://registry.npmjs.org/@eslint/config-array/-/config-array-0.21.0.tgz 516ms (cache hit)
2025 http cache https://registry.npmjs.org/@eslint/js/-/js-9.33.0.tgz 515ms (cache hit)
2026 http cache https://registry.npmjs.org/@eslint-community/eslint-utils/-/eslint-utils-4.7.0.tgz 515ms (cache hit)
2027 http cache https://registry.npmjs.org/@babel/traverse/-/traverse-7.28.4.tgz 511ms (cache hit)
2028 http fetch GET 200 https://registry.npmjs.org/which-collection/-/which-collection-1.0.2.tgz 6991ms (cache miss)
2029 http fetch GET 200 https://registry.npmjs.org/zod-validation-error/-/zod-validation-error-4.0.2.tgz 7057ms (cache miss)
2030 http fetch GET 200 https://registry.npmjs.org/yocto-queue/-/yocto-queue-0.1.0.tgz 7030ms (cache miss)
2031 http cache https://registry.npmjs.org/@eslint/config-helpers/-/config-helpers-0.3.1.tgz 545ms (cache hit)
2032 http cache https://registry.npmjs.org/@babel/types/-/types-7.28.4.tgz 543ms (cache hit)
2033 http fetch GET 200 https://registry.npmjs.org/semver 7547ms (cache updated)
2034 silly packumentCache corgi:https://registry.npmjs.org/semver set size:undefined disposed:false
2035 http fetch GET 200 https://registry.npmjs.org/yallist/-/yallist-3.1.1.tgz 7063ms (cache miss)
2036 http fetch GET 200 https://registry.npmjs.org/which-builtin-type/-/which-builtin-type-1.2.1.tgz 7086ms (cache miss)
2037 http fetch GET 200 https://registry.npmjs.org/word-wrap/-/word-wrap-1.2.5.tgz 7093ms (cache miss)
2038 http cache https://registry.npmjs.org/vite/-/vite-7.2.7.tgz 603ms (cache hit)
2039 http fetch GET 200 https://registry.npmjs.org/wrap-ansi/-/wrap-ansi-7.0.0.tgz 7141ms (cache miss)
2040 http fetch GET 200 https://registry.npmjs.org/use-callback-ref/-/use-callback-ref-1.3.3.tgz 7144ms (cache miss)
2041 http fetch GET 200 https://registry.npmjs.org/w3c-keyname/-/w3c-keyname-2.2.8.tgz 7143ms (cache miss)
2042 http fetch GET 200 https://registry.npmjs.org/which-boxed-primitive/-/which-boxed-primitive-1.1.1.tgz 7149ms (cache miss)
2043 http cache https://registry.npmjs.org/eslint-visitor-keys/-/eslint-visitor-keys-3.4.3.tgz 609ms (cache hit)
2044 http fetch GET 200 https://registry.npmjs.org/undici-types/-/undici-types-6.21.0.tgz 7141ms (cache miss)
2045 http cache https://registry.npmjs.org/picomatch/-/picomatch-4.0.3.tgz 610ms (cache hit)
2046 http fetch GET 200 https://registry.npmjs.org/xmlbuilder/-/xmlbuilder-10.1.1.tgz 7136ms (cache miss)
2047 http cache https://registry.npmjs.org/@babel/core/-/core-7.28.4.tgz 619ms (cache hit)
2048 http cache https://registry.npmjs.org/globals/-/globals-14.0.0.tgz 613ms (cache hit)
2049 http cache https://registry.npmjs.org/@babel/generator/-/generator-7.28.3.tgz 609ms (cache hit)
2050 http cache https://registry.npmjs.org/resolve/-/resolve-2.0.0-next.5.tgz 609ms (cache hit)
2051 http cache https://registry.npmjs.org/@radix-ui/react-popper/-/react-popper-1.2.8.tgz 614ms (cache hit)
2052 http cache https://registry.npmjs.org/immer/-/immer-11.1.6.tgz 607ms (cache hit)
2053 http cache https://registry.npmjs.org/rollup/-/rollup-4.46.2.tgz 590ms (cache hit)
2054 http fetch GET 200 https://registry.npmjs.org/unbox-primitive/-/unbox-primitive-1.1.0.tgz 7138ms (cache miss)
2055 http fetch GET 200 https://registry.npmjs.org/typed-array-length/-/typed-array-length-1.0.7.tgz 7136ms (cache miss)
2056 http fetch GET 200 https://registry.npmjs.org/which-typed-array/-/which-typed-array-1.1.19.tgz 7179ms (cache miss)
2057 http fetch GET 200 https://registry.npmjs.org/vite-plugin-full-reload/-/vite-plugin-full-reload-1.2.0.tgz 7187ms (cache miss)
2058 http fetch GET 200 https://registry.npmjs.org/typed-array-byte-offset/-/typed-array-byte-offset-1.0.4.tgz 7211ms (cache miss)
2059 http fetch GET 200 https://registry.npmjs.org/typed-array-byte-length/-/typed-array-byte-length-1.0.3.tgz 7213ms (cache miss)
2060 http fetch GET 200 https://registry.npmjs.org/yargs-parser/-/yargs-parser-21.1.1.tgz 7285ms (cache miss)
2061 http fetch GET 200 https://registry.npmjs.org/type-check/-/type-check-0.4.0.tgz 7278ms (cache miss)
2062 http fetch GET 200 https://registry.npmjs.org/typed-array-buffer/-/typed-array-buffer-1.0.3.tgz 7278ms (cache miss)
2063 http fetch GET 200 https://registry.npmjs.org/use-sidecar/-/use-sidecar-1.1.3.tgz 7273ms (cache miss)
2064 http fetch GET 200 https://registry.npmjs.org/use-sync-external-store/-/use-sync-external-store-1.5.0.tgz 7222ms (cache miss)
2065 http cache https://registry.npmjs.org/argparse/-/argparse-1.0.10.tgz 721ms (cache hit)
2066 http cache https://registry.npmjs.org/eslint/-/eslint-9.33.0.tgz 704ms (cache hit)
2067 http fetch GET 200 https://registry.npmjs.org/tw-animate-css/-/tw-animate-css-1.4.0.tgz 7313ms (cache miss)
2068 http fetch GET 200 https://registry.npmjs.org/tiny-invariant/-/tiny-invariant-1.3.3.tgz 7302ms (cache miss)
2069 http fetch GET 200 https://registry.npmjs.org/util-deprecate/-/util-deprecate-1.0.2.tgz 7228ms (cache miss)
2070 http fetch GET 200 https://registry.npmjs.org/string.prototype.trimend/-/string.prototype.trimend-1.0.9.tgz 7225ms (cache miss)
2071 http fetch GET 200 https://registry.npmjs.org/tslib/-/tslib-2.8.1.tgz 7325ms (cache miss)
2072 http fetch GET 200 https://registry.npmjs.org/supports-preserve-symlinks-flag/-/supports-preserve-symlinks-flag-1.0.0.tgz 7231ms (cache miss)
2073 http cache https://registry.npmjs.org/picomatch/-/picomatch-4.0.3.tgz 696ms (cache hit)
2074 http fetch GET 200 https://registry.npmjs.org/string-width/-/string-width-4.2.3.tgz 7306ms (cache miss)
2075 http fetch GET 200 https://registry.npmjs.org/tapable/-/tapable-2.2.2.tgz 7324ms (cache miss)
2076 http cache https://registry.npmjs.org/fdir/-/fdir-6.5.0.tgz 760ms (cache hit)
2077 http fetch GET 200 https://registry.npmjs.org/ts-api-utils/-/ts-api-utils-2.1.0.tgz 7452ms (cache miss)
2078 http cache https://registry.npmjs.org/mkdirp/-/mkdirp-3.0.1.tgz 765ms (cache hit)
2079 http cache https://registry.npmjs.org/concurrently/-/concurrently-9.2.0.tgz 765ms (cache hit)
2080 http fetch GET 200 https://registry.npmjs.org/strip-json-comments/-/strip-json-comments-3.1.1.tgz 7363ms (cache miss)
2081 http fetch GET 200 https://registry.npmjs.org/strip-ansi/-/strip-ansi-6.0.1.tgz 7366ms (cache miss)
2082 http fetch GET 200 https://registry.npmjs.org/string.prototype.trimstart/-/string.prototype.trimstart-1.0.8.tgz 7358ms (cache miss)
2083 http fetch GET 200 https://registry.npmjs.org/supports-color/-/supports-color-8.1.1.tgz 7350ms (cache miss)
2084 http cache https://registry.npmjs.org/fdir/-/fdir-6.5.0.tgz 761ms (cache hit)
2085 http cache https://registry.npmjs.org/@rollup/rollup-win32-x64-msvc/-/rollup-win32-x64-msvc-4.46.2.tgz 759ms (cache hit)
2086 http cache https://registry.npmjs.org/@eslint/eslintrc/-/eslintrc-3.3.1.tgz 761ms (cache hit)
2087 http fetch GET 200 https://registry.npmjs.org/string.prototype.trim/-/string.prototype.trim-1.2.10.tgz 7395ms (cache miss)
2088 http fetch GET 200 https://registry.npmjs.org/string.prototype.matchall/-/string.prototype.matchall-4.0.12.tgz 7387ms (cache miss)
2089 http fetch GET 200 https://registry.npmjs.org/sprintf-js/-/sprintf-js-1.0.3.tgz 7383ms (cache miss)
2090 http fetch GET 200 https://registry.npmjs.org/string_decoder/-/string_decoder-1.1.1.tgz 7386ms (cache miss)
2091 http fetch GET 200 https://registry.npmjs.org/string.prototype.repeat/-/string.prototype.repeat-1.0.0.tgz 7385ms (cache miss)
2092 http fetch GET 200 https://registry.npmjs.org/side-channel-weakmap/-/side-channel-weakmap-1.0.2.tgz 7379ms (cache miss)
2093 http fetch GET 200 https://registry.npmjs.org/stop-iteration-iterator/-/stop-iteration-iterator-1.1.0.tgz 7418ms (cache miss)
2094 http fetch GET 200 https://registry.npmjs.org/side-channel/-/side-channel-1.1.0.tgz 7405ms (cache miss)
2095 http cache https://registry.npmjs.org/@laravel/vite-plugin-wayfinder/-/vite-plugin-wayfinder-0.1.3.tgz 801ms (cache hit)
2096 http fetch GET 200 https://registry.npmjs.org/shell-quote/-/shell-quote-1.8.3.tgz 7422ms (cache miss)
2097 http fetch GET 200 https://registry.npmjs.org/shebang-regex/-/shebang-regex-3.0.0.tgz 7425ms (cache miss)
2098 http fetch GET 200 https://registry.npmjs.org/to-regex-range/-/to-regex-range-5.0.1.tgz 7421ms (cache miss)
2099 http cache https://registry.npmjs.org/mammoth/-/mammoth-1.12.0.tgz 810ms (cache hit)
2100 http fetch GET 200 https://registry.npmjs.org/shebang-command/-/shebang-command-2.0.0.tgz 7476ms (cache miss)
2101 http fetch GET 200 https://registry.npmjs.org/setimmediate/-/setimmediate-1.0.5.tgz 7479ms (cache miss)
2102 http fetch GET 200 https://registry.npmjs.org/set-proto/-/set-proto-1.0.0.tgz 7472ms (cache miss)
2103 http fetch GET 200 https://registry.npmjs.org/set-function-length/-/set-function-length-1.2.2.tgz 7470ms (cache miss)
2104 http fetch GET 200 https://registry.npmjs.org/side-channel-list/-/side-channel-list-1.0.0.tgz 7487ms (cache miss)
2105 http fetch GET 200 https://registry.npmjs.org/side-channel-map/-/side-channel-map-1.0.1.tgz 7505ms (cache miss)
2106 http fetch GET 200 https://registry.npmjs.org/typescript-eslint/-/typescript-eslint-8.39.1.tgz 7510ms (cache miss)
2107 http fetch GET 200 https://registry.npmjs.org/safe-regex-test/-/safe-regex-test-1.1.0.tgz 7494ms (cache miss)
2108 http fetch GET 200 https://registry.npmjs.org/safe-buffer/-/safe-buffer-5.1.2.tgz 7513ms (cache miss)
2109 http fetch GET 200 https://registry.npmjs.org/rope-sequence/-/rope-sequence-1.3.4.tgz 7509ms (cache miss)
2110 http fetch GET 200 https://registry.npmjs.org/safe-push-apply/-/safe-push-apply-1.0.0.tgz 7506ms (cache miss)
2111 http fetch GET 200 https://registry.npmjs.org/safe-array-concat/-/safe-array-concat-1.1.3.tgz 7504ms (cache miss)
2112 http fetch GET 200 https://registry.npmjs.org/run-parallel/-/run-parallel-1.2.0.tgz 7521ms (cache miss)
2113 http fetch GET 200 https://registry.npmjs.org/reflect.getprototypeof/-/reflect.getprototypeof-1.0.10.tgz 7461ms (cache miss)
2114 http fetch GET 200 https://registry.npmjs.org/reusify/-/reusify-1.1.0.tgz 7534ms (cache miss)
2115 http fetch GET 200 https://registry.npmjs.org/resolve-from/-/resolve-from-4.0.0.tgz 7509ms (cache miss)
2116 http fetch GET 200 https://registry.npmjs.org/react-style-singleton/-/react-style-singleton-2.2.3.tgz 7431ms (cache miss)
2117 http fetch GET 200 https://registry.npmjs.org/redux-thunk/-/redux-thunk-3.1.0.tgz 7464ms (cache miss)
2118 http fetch GET 200 https://registry.npmjs.org/react-remove-scroll/-/react-remove-scroll-2.7.1.tgz 7461ms (cache miss)
2119 http fetch GET 200 https://registry.npmjs.org/set-function-name/-/set-function-name-2.0.2.tgz 7446ms (cache miss)
2120 http fetch GET 200 https://registry.npmjs.org/queue-microtask/-/queue-microtask-1.2.3.tgz 7422ms (cache miss)
2121 http fetch GET 200 https://registry.npmjs.org/require-directory/-/require-directory-2.1.1.tgz 7505ms (cache miss)
2122 http fetch GET 200 https://registry.npmjs.org/react-remove-scroll-bar/-/react-remove-scroll-bar-2.3.8.tgz 7475ms (cache miss)
2123 http fetch GET 200 https://registry.npmjs.org/prosemirror-schema-list/-/prosemirror-schema-list-1.5.1.tgz 7367ms (cache miss)
2124 http fetch GET 200 https://registry.npmjs.org/proxy-from-env/-/proxy-from-env-1.1.0.tgz 7403ms (cache miss)
2125 http fetch GET 200 https://registry.npmjs.org/punycode/-/punycode-2.3.1.tgz 7455ms (cache miss)
2126 http fetch GET 200 https://registry.npmjs.org/prosemirror-keymap/-/prosemirror-keymap-1.2.3.tgz 7340ms (cache miss)
2127 http fetch GET 200 https://registry.npmjs.org/prosemirror-gapcursor/-/prosemirror-gapcursor-1.4.1.tgz 7336ms (cache miss)
2128 http fetch GET 200 https://registry.npmjs.org/process-nextick-args/-/process-nextick-args-2.0.1.tgz 7326ms (cache miss)
2129 http fetch GET 200 https://registry.npmjs.org/prettier-plugin-organize-imports/-/prettier-plugin-organize-imports-4.2.0.tgz 7315ms (cache miss)
2130 http fetch GET 200 https://registry.npmjs.org/qs/-/qs-6.14.0.tgz 7505ms (cache miss)
2131 http fetch GET 200 https://registry.npmjs.org/redux/-/redux-5.0.1.tgz 7428ms (cache miss)
2132 http fetch GET 200 https://registry.npmjs.org/prosemirror-transform/-/prosemirror-transform-1.12.0.tgz 7465ms (cache miss)
2133 http fetch GET 200 https://registry.npmjs.org/prop-types/-/prop-types-15.8.1.tgz 7352ms (cache miss)
2134 http fetch GET 200 https://registry.npmjs.org/prosemirror-history/-/prosemirror-history-1.5.0.tgz 7359ms (cache miss)
2135 http fetch GET 200 https://registry.npmjs.org/prosemirror-dropcursor/-/prosemirror-dropcursor-1.8.2.tgz 7340ms (cache miss)
2136 http fetch GET 200 https://registry.npmjs.org/scheduler/-/scheduler-0.27.0.tgz 7254ms (cache miss)
2137 http fetch GET 200 https://registry.npmjs.org/picocolors/-/picocolors-1.1.1.tgz 7275ms (cache miss)
2138 http fetch GET 200 https://registry.npmjs.org/parent-module/-/parent-module-1.0.1.tgz 7241ms (cache miss)
2139 http fetch GET 200 https://registry.npmjs.org/prelude-ls/-/prelude-ls-1.2.1.tgz 7340ms (cache miss)
2140 http fetch GET 200 https://registry.npmjs.org/path-key/-/path-key-3.1.1.tgz 7249ms (cache miss)
2141 http fetch GET 200 https://registry.npmjs.org/prosemirror-state/-/prosemirror-state-1.4.4.tgz 7394ms (cache miss)
2142 http fetch GET 200 https://registry.npmjs.org/path-is-absolute/-/path-is-absolute-1.0.1.tgz 7247ms (cache miss)
2143 http fetch GET 200 https://registry.npmjs.org/prosemirror-commands/-/prosemirror-commands-1.7.1.tgz 7386ms (cache miss)
2144 http fetch GET 200 https://registry.npmjs.org/prosemirror-changeset/-/prosemirror-changeset-2.4.1.tgz 7391ms (cache miss)
2145 http fetch GET 200 https://registry.npmjs.org/path-exists/-/path-exists-4.0.0.tgz 7250ms (cache miss)
2146 http fetch GET 200 https://registry.npmjs.org/possible-typed-array-names/-/possible-typed-array-names-1.1.0.tgz 7254ms (cache miss)
2147 http fetch GET 200 https://registry.npmjs.org/orderedmap/-/orderedmap-2.1.1.tgz 7234ms (cache miss)
2148 http fetch GET 200 https://registry.npmjs.org/p-limit/-/p-limit-3.1.0.tgz 7254ms (cache miss)
2149 http fetch GET 200 https://registry.npmjs.org/regexp.prototype.flags/-/regexp.prototype.flags-1.5.4.tgz 7281ms (cache miss)
2150 http fetch GET 200 https://registry.npmjs.org/react-refresh/-/react-refresh-0.17.0.tgz 7212ms (cache miss)
2151 http fetch GET 200 https://registry.npmjs.org/own-keys/-/own-keys-1.0.1.tgz 7252ms (cache miss)
2152 http fetch GET 200 https://registry.npmjs.org/p-locate/-/p-locate-5.0.0.tgz 7278ms (cache miss)
2153 http fetch GET 200 https://registry.npmjs.org/object.entries/-/object.entries-1.1.9.tgz 7176ms (cache miss)
2154 http fetch GET 200 https://registry.npmjs.org/object.values/-/object.values-1.2.1.tgz 7187ms (cache miss)
2155 http fetch GET 200 https://registry.npmjs.org/object-assign/-/object-assign-4.1.1.tgz 7200ms (cache miss)
2156 http fetch GET 200 https://registry.npmjs.org/object.fromentries/-/object.fromentries-2.0.8.tgz 7198ms (cache miss)
2157 http fetch GET 200 https://registry.npmjs.org/node-releases/-/node-releases-2.0.19.tgz 7178ms (cache miss)
2158 http fetch GET 200 https://registry.npmjs.org/optionator/-/optionator-0.9.4.tgz 7223ms (cache miss)
2159 http fetch GET 200 https://registry.npmjs.org/object-inspect/-/object-inspect-1.13.4.tgz 7221ms (cache miss)
2160 http fetch GET 200 https://registry.npmjs.org/natural-compare/-/natural-compare-1.4.0.tgz 7205ms (cache miss)
2161 http fetch GET 200 https://registry.npmjs.org/ms/-/ms-2.1.3.tgz 7148ms (cache miss)
2162 http fetch GET 200 https://registry.npmjs.org/lodash.merge/-/lodash.merge-4.6.2.tgz 7088ms (cache miss)
2163 http fetch GET 200 https://registry.npmjs.org/math-intrinsics/-/math-intrinsics-1.1.0.tgz 7096ms (cache miss)
2164 http fetch GET 200 https://registry.npmjs.org/object.assign/-/object.assign-4.1.7.tgz 7236ms (cache miss)
2165 http fetch GET 200 https://registry.npmjs.org/path-parse/-/path-parse-1.0.7.tgz 7146ms (cache miss)
2166 http fetch GET 200 https://registry.npmjs.org/option/-/option-0.2.4.tgz 7245ms (cache miss)
2167 http fetch GET 200 https://registry.npmjs.org/micromatch/-/micromatch-4.0.8.tgz 7160ms (cache miss)
2168 http fetch GET 200 https://registry.npmjs.org/object-keys/-/object-keys-1.1.1.tgz 7234ms (cache miss)
2169 http fetch GET 200 https://registry.npmjs.org/lop/-/lop-0.4.2.tgz 7115ms (cache miss)
2170 http fetch GET 200 https://registry.npmjs.org/postcss/-/postcss-8.5.6.tgz 7258ms (cache miss)
2171 http fetch GET 200 https://registry.npmjs.org/mime-db/-/mime-db-1.52.0.tgz 7124ms (cache miss)
2172 http fetch GET 200 https://registry.npmjs.org/locate-path/-/locate-path-6.0.0.tgz 7026ms (cache miss)
2173 http fetch GET 200 https://registry.npmjs.org/minizlib/-/minizlib-3.0.2.tgz 7259ms (cache miss)
2174 http fetch GET 200 https://registry.npmjs.org/json-stable-stringify-without-jsonify/-/json-stable-stringify-without-jsonify-1.0.1.tgz 7035ms (cache miss)
2175 http fetch GET 200 https://registry.npmjs.org/json-buffer/-/json-buffer-3.0.1.tgz 7021ms (cache miss)
2176 http fetch GET 200 https://registry.npmjs.org/minimatch/-/minimatch-3.1.2.tgz 7083ms (cache miss)
2177 http fetch GET 200 https://registry.npmjs.org/merge2/-/merge2-1.4.1.tgz 7058ms (cache miss)
2178 http fetch GET 200 https://registry.npmjs.org/json-schema-traverse/-/json-schema-traverse-0.4.1.tgz 7089ms (cache miss)
2179 http fetch GET 200 https://registry.npmjs.org/lie/-/lie-3.3.0.tgz 7090ms (cache miss)
2180 http fetch GET 200 https://registry.npmjs.org/levn/-/levn-0.4.1.tgz 7118ms (cache miss)
2181 http fetch GET 200 https://registry.npmjs.org/isexe/-/isexe-2.0.0.tgz 7109ms (cache miss)
2182 http fetch GET 200 https://registry.npmjs.org/is-weakmap/-/is-weakmap-2.0.2.tgz 7107ms (cache miss)
2183 http fetch GET 200 https://registry.npmjs.org/is-weakref/-/is-weakref-1.1.1.tgz 7129ms (cache miss)
2184 http fetch GET 200 https://registry.npmjs.org/iterator.prototype/-/iterator.prototype-1.1.5.tgz 7125ms (cache miss)
2185 http fetch GET 200 https://registry.npmjs.org/react-dom 9063ms (cache miss)
2186 silly packumentCache corgi:https://registry.npmjs.org/react-dom set size:undefined disposed:false
2187 http fetch GET 200 https://registry.npmjs.org/js-tokens/-/js-tokens-4.0.0.tgz 7185ms (cache miss)
2188 http fetch GET 200 https://registry.npmjs.org/is-string/-/is-string-1.1.1.tgz 7197ms (cache miss)
2189 http fetch GET 200 https://registry.npmjs.org/is-symbol/-/is-symbol-1.1.1.tgz 7230ms (cache miss)
2190 http fetch GET 200 https://registry.npmjs.org/is-shared-array-buffer/-/is-shared-array-buffer-1.0.4.tgz 7232ms (cache miss)
2191 http fetch GET 200 https://registry.npmjs.org/keyv/-/keyv-4.5.4.tgz 7276ms (cache miss)
2192 http fetch GET 200 https://registry.npmjs.org/isarray/-/isarray-2.0.5.tgz 7272ms (cache miss)
2193 http fetch GET 200 https://registry.npmjs.org/is-typed-array/-/is-typed-array-1.1.15.tgz 7244ms (cache miss)
2194 http fetch GET 200 https://registry.npmjs.org/minipass/-/minipass-7.1.2.tgz 7284ms (cache miss)
2195 http fetch GET 200 https://registry.npmjs.org/is-weakset/-/is-weakset-2.0.4.tgz 7280ms (cache miss)
2196 http fetch GET 200 https://registry.npmjs.org/react-is/-/react-is-16.13.1.tgz 7257ms (cache miss)
2197 http fetch GET 200 https://registry.npmjs.org/is-regex/-/is-regex-1.2.1.tgz 7292ms (cache miss)
2198 http fetch GET 200 https://registry.npmjs.org/is-set/-/is-set-2.0.3.tgz 7271ms (cache miss)
2199 http fetch GET 200 https://registry.npmjs.org/is-number-object/-/is-number-object-1.1.1.tgz 7265ms (cache miss)
2200 http fetch GET 200 https://registry.npmjs.org/is-negative-zero/-/is-negative-zero-2.0.3.tgz 7298ms (cache miss)
2201 http fetch GET 200 https://registry.npmjs.org/is-number/-/is-number-7.0.0.tgz 7290ms (cache miss)
2202 http fetch GET 200 https://registry.npmjs.org/is-glob/-/is-glob-4.0.3.tgz 7299ms (cache miss)
2203 http fetch GET 200 https://registry.npmjs.org/is-fullwidth-code-point/-/is-fullwidth-code-point-3.0.0.tgz 7288ms (cache miss)
2204 http fetch GET 200 https://registry.npmjs.org/is-finalizationregistry/-/is-finalizationregistry-1.1.1.tgz 7301ms (cache miss)
2205 http fetch GET 200 https://registry.npmjs.org/is-date-object/-/is-date-object-1.1.0.tgz 7297ms (cache miss)
2206 http fetch GET 200 https://registry.npmjs.org/is-generator-function/-/is-generator-function-1.1.0.tgz 7313ms (cache miss)
2207 http fetch GET 200 https://registry.npmjs.org/is-extglob/-/is-extglob-2.1.1.tgz 7315ms (cache miss)
2208 http fetch GET 200 https://registry.npmjs.org/is-map/-/is-map-2.0.3.tgz 7309ms (cache miss)
2209 http fetch GET 200 https://registry.npmjs.org/is-core-module/-/is-core-module-2.16.1.tgz 7313ms (cache miss)
2210 http fetch GET 200 https://registry.npmjs.org/is-bigint/-/is-bigint-1.1.0.tgz 7297ms (cache miss)
2211 http fetch GET 200 https://registry.npmjs.org/source-map-js/-/source-map-js-1.2.1.tgz 8475ms (cache miss)
2212 http fetch GET 200 https://registry.npmjs.org/is-data-view/-/is-data-view-1.0.2.tgz 7332ms (cache miss)
2213 http fetch GET 200 https://registry.npmjs.org/internal-slot/-/internal-slot-1.1.0.tgz 7289ms (cache miss)
2214 http fetch GET 200 https://registry.npmjs.org/is-callable/-/is-callable-1.2.7.tgz 7294ms (cache miss)
2215 http fetch GET 200 https://registry.npmjs.org/inherits/-/inherits-2.0.4.tgz 7307ms (cache miss)
2216 http fetch GET 200 https://registry.npmjs.org/is-array-buffer/-/is-array-buffer-3.0.5.tgz 7349ms (cache miss)
2217 http fetch GET 200 https://registry.npmjs.org/internmap/-/internmap-2.0.3.tgz 7337ms (cache miss)
2218 http fetch GET 200 https://registry.npmjs.org/mime-types/-/mime-types-2.1.35.tgz 7334ms (cache miss)
2219 http fetch GET 200 https://registry.npmjs.org/@tailwindcss%2foxide-win32-x64-msvc 9311ms (cache updated)
2220 silly packumentCache corgi:https://registry.npmjs.org/@tailwindcss%2foxide-win32-x64-msvc set size:undefined disposed:false
2221 http fetch GET 200 https://registry.npmjs.org/import-fresh/-/import-fresh-3.3.1.tgz 7328ms (cache miss)
2222 http fetch GET 200 https://registry.npmjs.org/is-boolean-object/-/is-boolean-object-1.2.2.tgz 7380ms (cache miss)
2223 http fetch GET 200 https://registry.npmjs.org/is-async-function/-/is-async-function-2.1.1.tgz 7386ms (cache miss)
2224 http fetch GET 200 https://registry.npmjs.org/immediate/-/immediate-3.0.6.tgz 7359ms (cache miss)
2225 http fetch GET 200 https://registry.npmjs.org/imurmurhash/-/imurmurhash-0.1.4.tgz 7357ms (cache miss)
2226 http fetch GET 200 https://registry.npmjs.org/has-tostringtag/-/has-tostringtag-1.0.2.tgz 7362ms (cache miss)
2227 http fetch GET 200 https://registry.npmjs.org/has-symbols/-/has-symbols-1.1.0.tgz 7355ms (cache miss)
2228 http fetch GET 200 https://registry.npmjs.org/hasown/-/hasown-2.0.2.tgz 7381ms (cache miss)
2229 http fetch GET 200 https://registry.npmjs.org/ignore/-/ignore-5.3.2.tgz 7384ms (cache miss)
2230 http fetch GET 200 https://registry.npmjs.org/has-property-descriptors/-/has-property-descriptors-1.0.2.tgz 7372ms (cache miss)
2231 http fetch GET 200 https://registry.npmjs.org/has-flag/-/has-flag-4.0.0.tgz 7377ms (cache miss)
2232 http fetch GET 200 https://registry.npmjs.org/has-proto/-/has-proto-1.2.0.tgz 7416ms (cache miss)
2233 http fetch GET 200 https://registry.npmjs.org/has-bigints/-/has-bigints-1.1.0.tgz 7402ms (cache miss)
2234 http fetch GET 200 https://registry.npmjs.org/gopd/-/gopd-1.2.0.tgz 7375ms (cache miss)
2235 http fetch GET 200 https://registry.npmjs.org/glob-parent/-/glob-parent-6.0.2.tgz 7387ms (cache miss)
2236 http fetch GET 200 https://registry.npmjs.org/get-caller-file/-/get-caller-file-2.0.5.tgz 7381ms (cache miss)
2237 http fetch GET 200 https://registry.npmjs.org/globalthis/-/globalthis-1.0.4.tgz 7395ms (cache miss)
2238 http fetch GET 200 https://registry.npmjs.org/graceful-fs/-/graceful-fs-4.2.11.tgz 7400ms (cache miss)
2239 http fetch GET 200 https://registry.npmjs.org/get-nonce/-/get-nonce-1.0.1.tgz 7389ms (cache miss)
2240 http fetch GET 200 https://registry.npmjs.org/get-proto/-/get-proto-1.0.1.tgz 7390ms (cache miss)
2241 http fetch GET 200 https://registry.npmjs.org/hermes-estree/-/hermes-estree-0.25.1.tgz 7466ms (cache miss)
2242 http fetch GET 200 https://registry.npmjs.org/linkifyjs/-/linkifyjs-4.3.2.tgz 7729ms (cache miss)
2243 http fetch GET 200 https://registry.npmjs.org/get-symbol-description/-/get-symbol-description-1.1.0.tgz 7455ms (cache miss)
2244 http fetch GET 200 https://registry.npmjs.org/gensync/-/gensync-1.0.0-beta.2.tgz 7458ms (cache miss)
2245 http fetch GET 200 https://registry.npmjs.org/flat-cache/-/flat-cache-4.0.1.tgz 7446ms (cache miss)
2246 http fetch GET 200 https://registry.npmjs.org/function-bind/-/function-bind-1.1.2.tgz 7467ms (cache miss)
2247 http fetch GET 200 https://registry.npmjs.org/for-each/-/for-each-0.3.5.tgz 7452ms (cache miss)
2248 http fetch GET 200 https://registry.npmjs.org/functions-have-names/-/functions-have-names-1.2.3.tgz 7494ms (cache miss)
2249 http fetch GET 200 https://registry.npmjs.org/graphemer/-/graphemer-1.4.0.tgz 7517ms (cache miss)
2250 http fetch GET 200 https://registry.npmjs.org/file-entry-cache/-/file-entry-cache-8.0.0.tgz 7448ms (cache miss)
2251 http fetch GET 200 https://registry.npmjs.org/fill-range/-/fill-range-7.1.1.tgz 7445ms (cache miss)
2252 http fetch GET 200 https://registry.npmjs.org/form-data/-/form-data-4.0.4.tgz 7479ms (cache miss)
2253 http fetch GET 200 https://registry.npmjs.org/flatted/-/flatted-3.3.3.tgz 7470ms (cache miss)
2254 http fetch GET 200 https://registry.npmjs.org/find-up/-/find-up-5.0.0.tgz 7454ms (cache miss)
2255 http fetch GET 200 https://registry.npmjs.org/fastq/-/fastq-1.19.1.tgz 7474ms (cache miss)
2256 http fetch GET 200 https://registry.npmjs.org/fast-deep-equal/-/fast-deep-equal-3.1.3.tgz 7470ms (cache miss)
2257 http fetch GET 200 https://registry.npmjs.org/fast-levenshtein/-/fast-levenshtein-2.0.6.tgz 7490ms (cache miss)
2258 http fetch GET 200 https://registry.npmjs.org/estraverse/-/estraverse-5.3.0.tgz 7464ms (cache miss)
2259 http fetch GET 200 https://registry.npmjs.org/fast-json-stable-stringify/-/fast-json-stable-stringify-2.1.0.tgz 7462ms (cache miss)
2260 http cache https://registry.npmjs.org/@tailwindcss/oxide-win32-x64-msvc/-/oxide-win32-x64-msvc-4.1.12.tgz 393ms (cache hit)
2261 http fetch GET 200 https://registry.npmjs.org/esrecurse/-/esrecurse-4.3.0.tgz 7514ms (cache miss)
2262 http fetch GET 200 https://registry.npmjs.org/eslint-scope/-/eslint-scope-8.4.0.tgz 7461ms (cache miss)
2263 http fetch GET 200 https://registry.npmjs.org/escape-string-regexp/-/escape-string-regexp-4.0.0.tgz 7465ms (cache miss)
2264 http fetch GET 200 https://registry.npmjs.org/eventemitter3/-/eventemitter3-5.0.4.tgz 7522ms (cache miss)
2265 http fetch GET 200 https://registry.npmjs.org/es-to-primitive/-/es-to-primitive-1.3.0.tgz 7470ms (cache miss)
2266 http fetch GET 200 https://registry.npmjs.org/escalade/-/escalade-3.2.0.tgz 7462ms (cache miss)
2267 http fetch GET 200 https://registry.npmjs.org/es-shim-unscopables/-/es-shim-unscopables-1.1.0.tgz 7460ms (cache miss)
2268 http fetch GET 200 https://registry.npmjs.org/prosemirror-tables/-/prosemirror-tables-1.8.5.tgz 8661ms (cache miss)
2269 http fetch GET 200 https://registry.npmjs.org/function.prototype.name/-/function.prototype.name-1.1.8.tgz 7639ms (cache miss)
2270 http fetch GET 200 https://registry.npmjs.org/magic-string/-/magic-string-0.30.17.tgz 8062ms (cache miss)
2271 http fetch GET 200 https://registry.npmjs.org/espree/-/espree-10.4.0.tgz 7518ms (cache miss)
2272 http fetch GET 200 https://registry.npmjs.org/es-iterator-helpers/-/es-iterator-helpers-1.2.1.tgz 7632ms (cache miss)
2273 http fetch GET 200 https://registry.npmjs.org/es-define-property/-/es-define-property-1.0.1.tgz 7621ms (cache miss)
2274 http fetch GET 200 https://registry.npmjs.org/es-set-tostringtag/-/es-set-tostringtag-2.1.0.tgz 7657ms (cache miss)
2275 http fetch GET 200 https://registry.npmjs.org/es-errors/-/es-errors-1.3.0.tgz 7653ms (cache miss)
2276 http fetch GET 200 https://registry.npmjs.org/dunder-proto/-/dunder-proto-1.0.1.tgz 7598ms (cache miss)
2277 http fetch GET 200 https://registry.npmjs.org/duck/-/duck-0.1.12.tgz 7608ms (cache miss)
2278 http fetch GET 200 https://registry.npmjs.org/doctrine/-/doctrine-2.1.0.tgz 7615ms (cache miss)
2279 http fetch GET 200 https://registry.npmjs.org/emoji-regex/-/emoji-regex-8.0.0.tgz 7645ms (cache miss)
2280 http fetch GET 200 https://registry.npmjs.org/detect-libc/-/detect-libc-2.0.4.tgz 7515ms (cache miss)
2281 http fetch GET 200 https://registry.npmjs.org/detect-node-es/-/detect-node-es-1.1.0.tgz 7620ms (cache miss)
2282 http fetch GET 200 https://registry.npmjs.org/tabbable/-/tabbable-6.2.0.tgz 9283ms (cache miss)
2283 http fetch GET 200 https://registry.npmjs.org/esutils/-/esutils-2.0.3.tgz 7625ms (cache miss)
2284 http fetch GET 200 https://registry.npmjs.org/data-view-byte-offset/-/data-view-byte-offset-1.0.1.tgz 7667ms (cache miss)
2285 http fetch GET 200 https://registry.npmjs.org/data-view-buffer/-/data-view-buffer-1.0.2.tgz 7669ms (cache miss)
2286 http fetch GET 200 https://registry.npmjs.org/data-view-byte-length/-/data-view-byte-length-1.0.2.tgz 7707ms (cache miss)
2287 http fetch GET 200 https://registry.npmjs.org/define-properties/-/define-properties-1.2.1.tgz 7748ms (cache miss)
2288 http fetch GET 200 https://registry.npmjs.org/debug/-/debug-4.4.1.tgz 7769ms (cache miss)
2289 http fetch GET 200 https://registry.npmjs.org/es-object-atoms/-/es-object-atoms-1.1.1.tgz 7966ms (cache miss)
2290 http fetch GET 200 https://registry.npmjs.org/d3-timer/-/d3-timer-3.0.1.tgz 7733ms (cache miss)
2291 http fetch GET 200 https://registry.npmjs.org/delayed-stream/-/delayed-stream-1.0.0.tgz 7789ms (cache miss)
2292 http fetch GET 200 https://registry.npmjs.org/define-data-property/-/define-data-property-1.1.4.tgz 7806ms (cache miss)
2293 http fetch GET 200 https://registry.npmjs.org/d3-time-format/-/d3-time-format-4.1.0.tgz 7804ms (cache miss)
2294 http fetch GET 200 https://registry.npmjs.org/d3-path/-/d3-path-3.1.0.tgz 7735ms (cache miss)
2295 http fetch GET 200 https://registry.npmjs.org/d3-time/-/d3-time-3.1.0.tgz 7762ms (cache miss)
2296 http fetch GET 200 https://registry.npmjs.org/deep-is/-/deep-is-0.1.4.tgz 7834ms (cache miss)
2297 http fetch GET 200 https://registry.npmjs.org/cross-spawn/-/cross-spawn-7.0.6.tgz 7750ms (cache miss)
2298 http fetch GET 200 https://registry.npmjs.org/enhanced-resolve/-/enhanced-resolve-5.18.3.tgz 7843ms (cache miss)
2299 http fetch GET 200 https://registry.npmjs.org/d3-scale/-/d3-scale-4.0.2.tgz 7804ms (cache miss)
2300 http fetch GET 200 https://registry.npmjs.org/d3-ease/-/d3-ease-3.0.1.tgz 7792ms (cache miss)
2301 http fetch GET 200 https://registry.npmjs.org/d3-interpolate/-/d3-interpolate-3.0.1.tgz 7813ms (cache miss)
2302 http fetch GET 200 https://registry.npmjs.org/d3-format/-/d3-format-3.1.2.tgz 7792ms (cache miss)
2303 http fetch GET 200 https://registry.npmjs.org/d3-color/-/d3-color-3.1.0.tgz 7809ms (cache miss)
2304 http fetch GET 200 https://registry.npmjs.org/lightningcss/-/lightningcss-1.30.1.tgz 8627ms (cache miss)
2305 http fetch GET 200 https://registry.npmjs.org/d3-shape/-/d3-shape-3.2.0.tgz 7843ms (cache miss)
2306 http fetch GET 200 https://registry.npmjs.org/convert-source-map/-/convert-source-map-2.0.0.tgz 7855ms (cache miss)
2307 http fetch GET 200 https://registry.npmjs.org/combined-stream/-/combined-stream-1.0.8.tgz 7973ms (cache miss)
2308 http fetch GET 200 https://registry.npmjs.org/concat-map/-/concat-map-0.0.1.tgz 8007ms (cache miss)
2309 http fetch GET 200 https://registry.npmjs.org/electron-to-chromium/-/electron-to-chromium-1.5.202.tgz 8035ms (cache miss)
2310 http fetch GET 200 https://registry.npmjs.org/color-name/-/color-name-1.1.4.tgz 8070ms (cache miss)
2311 http fetch GET 200 https://registry.npmjs.org/cliui/-/cliui-8.0.1.tgz 8073ms (cache miss)
2312 http fetch GET 200 https://registry.npmjs.org/class-variance-authority/-/class-variance-authority-0.7.1.tgz 8119ms (cache miss)
2313 http fetch GET 200 https://registry.npmjs.org/color-convert/-/color-convert-2.0.1.tgz 8150ms (cache miss)
2314 http fetch GET 200 https://registry.npmjs.org/clsx/-/clsx-2.1.1.tgz 8142ms (cache miss)
2315 http fetch GET 200 https://registry.npmjs.org/chownr/-/chownr-3.0.0.tgz 8155ms (cache miss)
2316 http fetch GET 200 https://registry.npmjs.org/core-util-is/-/core-util-is-1.0.3.tgz 8268ms (cache miss)
2317 http fetch GET 200 https://registry.npmjs.org/call-bound/-/call-bound-1.0.4.tgz 8239ms (cache miss)
2318 http fetch GET 200 https://registry.npmjs.org/callsites/-/callsites-3.1.0.tgz 8213ms (cache miss)
2319 http fetch GET 200 https://registry.npmjs.org/braces/-/braces-3.0.3.tgz 8193ms (cache miss)
2320 http fetch GET 200 https://registry.npmjs.org/base64-js/-/base64-js-1.5.1.tgz 8188ms (cache miss)
2321 http fetch GET 200 https://registry.npmjs.org/chalk/-/chalk-4.1.2.tgz 8291ms (cache miss)
2322 http fetch GET 200 https://registry.npmjs.org/balanced-match/-/balanced-match-1.0.2.tgz 8237ms (cache miss)
2323 http fetch GET 200 https://registry.npmjs.org/available-typed-arrays/-/available-typed-arrays-1.0.7.tgz 8248ms (cache miss)
2324 http fetch GET 200 https://registry.npmjs.org/call-bind/-/call-bind-1.0.8.tgz 8294ms (cache miss)
2325 http fetch GET 200 https://registry.npmjs.org/asynckit/-/asynckit-0.4.0.tgz 8250ms (cache miss)
2326 http fetch GET 200 https://registry.npmjs.org/brace-expansion/-/brace-expansion-1.1.12.tgz 8255ms (cache miss)
2327 http fetch GET 200 https://registry.npmjs.org/d3-array/-/d3-array-3.2.4.tgz 8296ms (cache miss)
2328 http fetch GET 200 https://registry.npmjs.org/call-bind-apply-helpers/-/call-bind-apply-helpers-1.0.2.tgz 8298ms (cache miss)
2329 http fetch GET 200 https://registry.npmjs.org/async-function/-/async-function-1.0.0.tgz 8215ms (cache miss)
2330 http fetch GET 200 https://registry.npmjs.org/array-buffer-byte-length/-/array-buffer-byte-length-1.0.2.tgz 8187ms (cache miss)
2331 http fetch GET 200 https://registry.npmjs.org/array.prototype.tosorted/-/array.prototype.tosorted-1.1.4.tgz 8203ms (cache miss)
2332 http fetch GET 200 https://registry.npmjs.org/arraybuffer.prototype.slice/-/arraybuffer.prototype.slice-1.0.4.tgz 8208ms (cache miss)
2333 http fetch GET 200 https://registry.npmjs.org/array.prototype.flat/-/array.prototype.flat-1.3.3.tgz 8210ms (cache miss)
2334 http fetch GET 200 https://registry.npmjs.org/array.prototype.flatmap/-/array.prototype.flatmap-1.3.3.tgz 8225ms (cache miss)
2335 http fetch GET 200 https://registry.npmjs.org/array.prototype.findlast/-/array.prototype.findlast-1.2.5.tgz 8232ms (cache miss)
2336 http fetch GET 200 https://registry.npmjs.org/array-includes/-/array-includes-3.1.9.tgz 8280ms (cache miss)
2337 http fetch GET 200 https://registry.npmjs.org/acorn-jsx/-/acorn-jsx-5.3.2.tgz 8278ms (cache miss)
2338 http fetch GET 200 https://registry.npmjs.org/@vitejs/plugin-react/-/plugin-react-5.0.4.tgz 8274ms (cache miss)
2339 http fetch GET 200 https://registry.npmjs.org/@types/react-dom/-/react-dom-19.2.1.tgz 8210ms (cache miss)
2340 http fetch GET 200 https://registry.npmjs.org/@typescript-eslint/project-service/-/project-service-8.39.1.tgz 8182ms (cache miss)
2341 http fetch GET 200 https://registry.npmjs.org/ansi-regex/-/ansi-regex-5.0.1.tgz 8216ms (cache miss)
2342 http fetch GET 200 https://registry.npmjs.org/aria-hidden/-/aria-hidden-1.2.6.tgz 8249ms (cache miss)
2343 http fetch GET 200 https://registry.npmjs.org/@typescript-eslint/tsconfig-utils/-/tsconfig-utils-8.39.1.tgz 8181ms (cache miss)
2344 http fetch GET 200 https://registry.npmjs.org/ansi-styles/-/ansi-styles-4.3.0.tgz 8326ms (cache miss)
2345 http fetch GET 200 https://registry.npmjs.org/@types/estree/-/estree-1.0.8.tgz 8203ms (cache miss)
2346 http fetch GET 200 https://registry.npmjs.org/@types/lodash-es/-/lodash-es-4.17.12.tgz 8193ms (cache miss)
2347 http fetch GET 200 https://registry.npmjs.org/@types/json-schema/-/json-schema-7.0.15.tgz 8191ms (cache miss)
2348 http fetch GET 200 https://registry.npmjs.org/@xmldom/xmldom/-/xmldom-0.8.13.tgz 8353ms (cache miss)
2349 http fetch GET 200 https://registry.npmjs.org/@types/d3-shape/-/d3-shape-3.1.8.tgz 8164ms (cache miss)
2350 http fetch GET 200 https://registry.npmjs.org/@types/d3-timer/-/d3-timer-3.0.2.tgz 8141ms (cache miss)
2351 http fetch GET 200 https://registry.npmjs.org/@types/d3-time/-/d3-time-3.0.4.tgz 8155ms (cache miss)
2352 http fetch GET 200 https://registry.npmjs.org/@types/d3-path/-/d3-path-3.1.1.tgz 8127ms (cache miss)
2353 http fetch GET 200 https://registry.npmjs.org/@types/d3-ease/-/d3-ease-3.0.2.tgz 8114ms (cache miss)
2354 http fetch GET 200 https://registry.npmjs.org/prosemirror-model/-/prosemirror-model-1.25.4.tgz 10077ms (cache miss)
2355 http fetch GET 200 https://registry.npmjs.org/@types/d3-scale/-/d3-scale-4.0.9.tgz 8158ms (cache miss)
2356 http fetch GET 200 https://registry.npmjs.org/@types/d3-array/-/d3-array-3.2.2.tgz 8172ms (cache miss)
2357 http fetch GET 200 https://registry.npmjs.org/@types/babel__traverse/-/babel__traverse-7.28.0.tgz 8151ms (cache miss)
2358 http fetch GET 200 https://registry.npmjs.org/@types/use-sync-external-store/-/use-sync-external-store-0.0.6.tgz 8178ms (cache miss)
2359 http fetch GET 200 https://registry.npmjs.org/@types/babel__template/-/babel__template-7.4.4.tgz 8142ms (cache miss)
2360 http fetch GET 200 https://registry.npmjs.org/@types/d3-color/-/d3-color-3.1.3.tgz 8142ms (cache miss)
2361 http fetch GET 200 https://registry.npmjs.org/dingbat-to-unicode/-/dingbat-to-unicode-1.0.1.tgz 8960ms (cache miss)
2362 http fetch GET 200 https://registry.npmjs.org/@types/babel__generator/-/babel__generator-7.27.0.tgz 8149ms (cache miss)
2363 http fetch GET 200 https://registry.npmjs.org/@tiptap/extension-list-item/-/extension-list-item-3.22.5.tgz 7956ms (cache miss)
2364 http fetch GET 200 https://registry.npmjs.org/@tiptap/extension-text/-/extension-text-3.22.5.tgz 8059ms (cache miss)
2365 http fetch GET 200 https://registry.npmjs.org/@tiptap/extension-horizontal-rule/-/extension-horizontal-rule-3.22.5.tgz 7895ms (cache miss)
2366 http fetch GET 200 https://registry.npmjs.org/@types/babel__core/-/babel__core-7.20.5.tgz 8160ms (cache miss)
2367 http fetch GET 200 https://registry.npmjs.org/@tiptap/extension-image/-/extension-image-3.22.5.tgz 7963ms (cache miss)
2368 http fetch GET 200 https://registry.npmjs.org/@tiptap/extension-italic/-/extension-italic-3.22.5.tgz 7884ms (cache miss)
2369 http fetch GET 200 https://registry.npmjs.org/@tiptap/extension-gapcursor/-/extension-gapcursor-3.22.5.tgz 7883ms (cache miss)
2370 http fetch GET 200 https://registry.npmjs.org/@tiptap/extension-list-keymap/-/extension-list-keymap-3.22.5.tgz 7868ms (cache miss)
2371 http fetch GET 200 https://registry.npmjs.org/@tailwindcss%2foxide 11468ms (cache updated)
2372 silly packumentCache corgi:https://registry.npmjs.org/@tailwindcss%2foxide set size:undefined disposed:false
2373 http fetch GET 200 https://registry.npmjs.org/@tiptap/extension-text-align/-/extension-text-align-3.22.5.tgz 7887ms (cache miss)
2374 http fetch GET 200 https://registry.npmjs.org/@tiptap/extension-heading/-/extension-heading-3.22.5.tgz 7861ms (cache miss)
2375 http fetch GET 200 https://registry.npmjs.org/@tiptap/extension-ordered-list/-/extension-ordered-list-3.22.5.tgz 8012ms (cache miss)
2376 http fetch GET 200 https://registry.npmjs.org/@tiptap/extension-strike/-/extension-strike-3.22.5.tgz 8186ms (cache miss)
2377 http fetch GET 200 https://registry.npmjs.org/@tiptap/extension-hard-break/-/extension-hard-break-3.22.5.tgz 7871ms (cache miss)
2378 http fetch GET 200 https://registry.npmjs.org/@tiptap/extension-paragraph/-/extension-paragraph-3.22.5.tgz 7814ms (cache miss)
2379 http fetch GET 200 https://registry.npmjs.org/@tiptap/extension-highlight/-/extension-highlight-3.22.5.tgz 7848ms (cache miss)
2380 http fetch GET 200 https://registry.npmjs.org/@types/d3-interpolate/-/d3-interpolate-3.0.4.tgz 8037ms (cache miss)
2381 http fetch GET 200 https://registry.npmjs.org/@tiptap/extension-code-block/-/extension-code-block-3.22.5.tgz 7857ms (cache miss)
2382 http fetch GET 200 https://registry.npmjs.org/@tiptap/starter-kit/-/starter-kit-3.22.5.tgz 7873ms (cache miss)
2383 http fetch GET 200 https://registry.npmjs.org/@tiptap/extension-code/-/extension-code-3.22.5.tgz 7848ms (cache miss)
2384 http fetch GET 200 https://registry.npmjs.org/fast-equals/-/fast-equals-5.4.0.tgz 9443ms (cache miss)
2385 http fetch GET 200 https://registry.npmjs.org/@tiptap/extension-floating-menu/-/extension-floating-menu-3.22.5.tgz 7863ms (cache miss)
2386 http fetch GET 200 https://registry.npmjs.org/@typescript-eslint/visitor-keys/-/visitor-keys-8.39.1.tgz 7835ms (cache miss)
2387 http fetch GET 200 https://registry.npmjs.org/@typescript-eslint/parser/-/parser-8.39.1.tgz 7965ms (cache miss)
2388 http fetch GET 200 https://registry.npmjs.org/@tiptap/extension-blockquote/-/extension-blockquote-3.22.5.tgz 7836ms (cache miss)
2389 http fetch GET 200 https://registry.npmjs.org/@tiptap/extension-bold/-/extension-bold-3.22.5.tgz 7806ms (cache miss)
2390 http fetch GET 200 https://registry.npmjs.org/@tiptap/extension-dropcursor/-/extension-dropcursor-3.22.5.tgz 7946ms (cache miss)
2391 http fetch GET 200 https://registry.npmjs.org/@tiptap/extension-bubble-menu/-/extension-bubble-menu-3.22.5.tgz 7878ms (cache miss)
2392 http fetch GET 200 https://registry.npmjs.org/@tiptap/extension-color/-/extension-color-3.22.5.tgz 7552ms (cache miss)
2393 http fetch GET 200 https://registry.npmjs.org/get-intrinsic/-/get-intrinsic-1.3.0.tgz 9617ms (cache miss)
2394 http fetch GET 200 https://registry.npmjs.org/follow-redirects/-/follow-redirects-1.15.11.tgz 7324ms (cache miss)
2395 http fetch GET 200 https://registry.npmjs.org/@tiptap/pm/-/pm-3.22.5.tgz 7414ms (cache miss)
2396 http fetch GET 200 https://registry.npmjs.org/decimal.js-light/-/decimal.js-light-2.5.1.tgz 9234ms (cache miss)
2397 http fetch GET 200 https://registry.npmjs.org/@tailwindcss/vite/-/vite-4.1.12.tgz 7301ms (cache miss)
2398 http fetch GET 200 https://registry.npmjs.org/@tiptap/extension-underline/-/extension-underline-3.22.5.tgz 7913ms (cache miss)
2399 http fetch GET 200 https://registry.npmjs.org/@tanstack/react-virtual/-/react-virtual-3.13.12.tgz 7200ms (cache miss)
2400 http fetch GET 200 https://registry.npmjs.org/@tiptap/extension-link/-/extension-link-3.22.5.tgz 7264ms (cache miss)
2401 http fetch GET 200 https://registry.npmjs.org/@typescript-eslint/utils/-/utils-8.39.1.tgz 7303ms (cache miss)
2402 http fetch GET 200 https://registry.npmjs.org/@tiptap/extensions/-/extensions-3.22.5.tgz 7280ms (cache miss)
2403 http fetch GET 200 https://registry.npmjs.org/@typescript-eslint/types/-/types-8.39.1.tgz 7186ms (cache miss)
2404 http fetch GET 200 https://registry.npmjs.org/@tanstack/virtual-core/-/virtual-core-3.13.12.tgz 7229ms (cache miss)
2405 http fetch GET 200 https://registry.npmjs.org/@typescript-eslint%2ftypescript-estree 11873ms (cache miss)
2406 silly packumentCache corgi:https://registry.npmjs.org/@typescript-eslint%2ftypescript-estree set size:undefined disposed:false
2407 http fetch GET 200 https://registry.npmjs.org/yargs/-/yargs-17.7.2.tgz 7306ms (cache miss)
2408 http fetch GET 200 https://registry.npmjs.org/tinyglobby/-/tinyglobby-0.2.15.tgz 7270ms (cache miss)
2409 http fetch GET 200 https://registry.npmjs.org/y18n/-/y18n-5.0.8.tgz 7297ms (cache miss)
2410 http cache https://registry.npmjs.org/@tailwindcss/oxide/-/oxide-4.1.12.tgz 510ms (cache hit)
2411 http fetch GET 200 https://registry.npmjs.org/tailwind-merge/-/tailwind-merge-3.3.1.tgz 11213ms (cache miss)
2412 http fetch GET 200 https://registry.npmjs.org/@tiptap/extension-bullet-list/-/extension-bullet-list-3.22.5.tgz 7335ms (cache miss)
2413 http fetch GET 200 https://registry.npmjs.org/@tiptap/extension-font-family/-/extension-font-family-3.22.5.tgz 7505ms (cache miss)
2414 http fetch GET 200 https://registry.npmjs.org/fast-glob/-/fast-glob-3.3.3.tgz 7248ms (cache miss)
2415 http fetch GET 200 https://registry.npmjs.org/reselect/-/reselect-5.1.1.tgz 11140ms (cache miss)
2416 http fetch GET 200 https://registry.npmjs.org/@tiptap/extension-text-style/-/extension-text-style-3.22.5.tgz 7284ms (cache miss)
2417 http fetch GET 200 https://registry.npmjs.org/prosemirror-view/-/prosemirror-view-1.41.8.tgz 10989ms (cache miss)
2418 http fetch GET 200 https://registry.npmjs.org/jsx-ast-utils/-/jsx-ast-utils-3.3.5.tgz 7263ms (cache miss)
2419 http fetch GET 200 https://registry.npmjs.org/supports-color/-/supports-color-7.2.0.tgz 7473ms (cache miss)
2420 http fetch GET 200 https://registry.npmjs.org/brace-expansion/-/brace-expansion-2.0.2.tgz 7413ms (cache miss)
2421 http fetch GET 200 https://registry.npmjs.org/ignore/-/ignore-7.0.5.tgz 7529ms (cache miss)
2422 http fetch GET 200 https://registry.npmjs.org/yallist/-/yallist-5.0.0.tgz 7523ms (cache miss)
2423 http fetch GET 200 https://registry.npmjs.org/glob-parent/-/glob-parent-5.1.2.tgz 7390ms (cache miss)
2424 http fetch GET 200 https://registry.npmjs.org/@tiptap%2fextension-document 12569ms (cache miss)
2425 silly packumentCache corgi:https://registry.npmjs.org/@tiptap%2fextension-document set size:undefined disposed:false
2426 http fetch GET 200 https://registry.npmjs.org/esquery/-/esquery-1.6.0.tgz 10389ms (cache miss)
2427 http fetch GET 200 https://registry.npmjs.org/isarray/-/isarray-1.0.0.tgz 7117ms (cache miss)
2428 http fetch GET 200 https://registry.npmjs.org/eslint-visitor-keys/-/eslint-visitor-keys-4.2.1.tgz 7037ms (cache miss)
2429 http fetch GET 200 https://registry.npmjs.org/readable-stream/-/readable-stream-2.3.8.tgz 7702ms (cache miss)
2430 http fetch GET 200 https://registry.npmjs.org/pako/-/pako-1.0.11.tgz 11274ms (cache miss)
2431 http fetch GET 200 https://registry.npmjs.org/argparse/-/argparse-2.0.1.tgz 6945ms (cache miss)
2432 http fetch GET 200 https://registry.npmjs.org/tailwindcss/-/tailwindcss-4.1.12.tgz 11503ms (cache miss)
2433 http fetch GET 200 https://registry.npmjs.org/globals/-/globals-15.15.0.tgz 6940ms (cache miss)
2434 http fetch GET 200 https://registry.npmjs.org/semver/-/semver-7.7.2.tgz 5156ms (cache miss)
2435 http fetch GET 200 https://registry.npmjs.org/csstype/-/csstype-3.1.3.tgz 10080ms (cache miss)
2436 http fetch GET 200 https://registry.npmjs.org/react/-/react-19.2.0.tgz 6016ms (cache miss)
2437 http fetch GET 200 https://registry.npmjs.org/@typescript-eslint/type-utils/-/type-utils-8.39.1.tgz 7482ms (cache miss)
2438 http fetch GET 200 https://registry.npmjs.org/docx-preview/-/docx-preview-0.3.7.tgz 10237ms (cache miss)
2439 http fetch GET 200 https://registry.npmjs.org/@tiptap/extension-document/-/extension-document-3.22.5.tgz 270ms (cache miss)
2440 http fetch GET 200 https://registry.npmjs.org/@types/react/-/react-19.2.2.tgz 9569ms (cache miss)
2441 http fetch GET 200 https://registry.npmjs.org/bluebird/-/bluebird-3.4.7.tgz 10552ms (cache miss)
2442 http fetch GET 200 https://registry.npmjs.org/hermes-parser/-/hermes-parser-0.25.1.tgz 11338ms (cache miss)
2443 http fetch GET 200 https://registry.npmjs.org/react-redux/-/react-redux-9.2.0.tgz 12328ms (cache miss)
2444 http fetch GET 200 https://registry.npmjs.org/@typescript-eslint%2feslint-plugin 13439ms (cache miss)
2445 silly packumentCache corgi:https://registry.npmjs.org/@typescript-eslint%2feslint-plugin set size:undefined disposed:false
2446 http fetch GET 200 https://registry.npmjs.org/engine.io-client/-/engine.io-client-6.6.5.tgz 13366ms (cache miss)
2447 http fetch GET 200 https://registry.npmjs.org/jszip/-/jszip-3.10.1.tgz 11871ms (cache miss)
2448 http fetch GET 200 https://registry.npmjs.org/picomatch/-/picomatch-2.3.1.tgz 8178ms (cache miss)
2449 http fetch GET 200 https://registry.npmjs.org/uri-js/-/uri-js-4.4.1.tgz 9221ms (cache miss)
2450 http fetch GET 200 https://registry.npmjs.org/@tiptap/react/-/react-3.22.5.tgz 9476ms (cache miss)
2451 http fetch GET 200 https://registry.npmjs.org/immer/-/immer-10.2.0.tgz 8546ms (cache miss)
2452 http fetch GET 200 https://registry.npmjs.org/eslint-plugin-react-hooks/-/eslint-plugin-react-hooks-7.0.0.tgz 11979ms (cache miss)
2453 http fetch GET 200 https://registry.npmjs.org/minimatch/-/minimatch-9.0.5.tgz 9212ms (cache miss)
2454 http fetch GET 200 https://registry.npmjs.org/@tiptap/extension-list/-/extension-list-3.22.5.tgz 9820ms (cache miss)
2455 http fetch GET 200 https://registry.npmjs.org/babel-plugin-react-compiler/-/babel-plugin-react-compiler-1.0.0.tgz 11831ms (cache miss)
2456 http fetch GET 200 https://registry.npmjs.org/@types/node/-/node-22.17.2.tgz 10853ms (cache miss)
2457 http fetch GET 200 https://registry.npmjs.org/ajv/-/ajv-6.12.6.tgz 12489ms (cache miss)
2458 http fetch GET 200 https://registry.npmjs.org/lightningcss-win32-x64-msvc/-/lightningcss-win32-x64-msvc-1.30.1.tgz 14022ms (cache miss)
2459 http fetch GET 200 https://registry.npmjs.org/axios/-/axios-1.12.2.tgz 10896ms (cache miss)
2460 http fetch GET 200 https://registry.npmjs.org/@typescript-eslint/typescript-estree/-/typescript-estree-8.39.1.tgz 4115ms (cache miss)
2461 http fetch GET 200 https://registry.npmjs.org/react-dom/-/react-dom-19.2.0.tgz 7089ms (cache miss)
2462 http fetch GET 200 https://registry.npmjs.org/prettier-plugin-tailwindcss/-/prettier-plugin-tailwindcss-0.6.14.tgz 10742ms (cache miss)
2463 http fetch GET 200 https://registry.npmjs.org/tar/-/tar-7.4.3.tgz 12574ms (cache miss)
2464 http fetch GET 200 https://registry.npmjs.org/@tiptap/core/-/core-3.22.5.tgz 12317ms (cache miss)
2465 http fetch GET 200 https://registry.npmjs.org/eslint-plugin-react/-/eslint-plugin-react-7.37.5.tgz 15189ms (cache miss)
2466 http fetch GET 200 https://registry.npmjs.org/victory-vendor/-/victory-vendor-37.3.6.tgz 13165ms (cache miss)
2467 http fetch GET 200 https://registry.npmjs.org/underscore/-/underscore-1.13.8.tgz 19528ms (cache miss)
2468 http fetch GET 200 https://registry.npmjs.org/@typescript-eslint/scope-manager/-/scope-manager-8.39.1.tgz 15894ms (cache miss)
2469 http fetch GET 200 https://registry.npmjs.org/@types/lodash/-/lodash-4.17.20.tgz 17859ms (cache miss)
2470 http fetch GET 200 https://registry.npmjs.org/pusher-js/-/pusher-js-8.5.0.tgz 20907ms (cache miss)
2471 http fetch GET 200 https://registry.npmjs.org/lodash-es/-/lodash-es-4.17.21.tgz 20709ms (cache miss)
2472 http fetch GET 200 https://registry.npmjs.org/@typescript-eslint/eslint-plugin/-/eslint-plugin-8.39.1.tgz 10610ms (cache miss)
2473 http fetch GET 200 https://registry.npmjs.org/zod/-/zod-4.1.12.tgz 18672ms (cache miss)
2474 http fetch GET 200 https://registry.npmjs.org/caniuse-lite/-/caniuse-lite-1.0.30001735.tgz 22890ms (cache miss)
2475 http fetch GET 200 https://registry.npmjs.org/recharts/-/recharts-3.8.1.tgz 21303ms (cache miss)
2476 http fetch GET 200 https://registry.npmjs.org/lodash/-/lodash-4.17.21.tgz 24626ms (cache miss)
2477 http fetch GET 200 https://registry.npmjs.org/react-day-picker/-/react-day-picker-9.14.0.tgz 22107ms (cache miss)
2478 http fetch GET 200 https://registry.npmjs.org/rxjs/-/rxjs-7.8.2.tgz 26362ms (cache miss)
2479 http fetch GET 200 https://registry.npmjs.org/es-abstract/-/es-abstract-1.24.0.tgz 28938ms (cache miss)
2480 http fetch GET 200 https://registry.npmjs.org/es-toolkit/-/es-toolkit-1.46.1.tgz 26693ms (cache miss)
2481 http fetch GET 200 https://registry.npmjs.org/date-fns-jalali/-/date-fns-jalali-4.1.0-0.tgz 27354ms (cache miss)
2482 http fetch GET 200 https://registry.npmjs.org/lucide-react/-/lucide-react-0.475.0.tgz 30178ms (cache miss)
2483 http fetch GET 200 https://registry.npmjs.org/date-fns/-/date-fns-4.1.0.tgz 35163ms (cache miss)
2484 info run @tailwindcss/oxide@4.1.12 postinstall node_modules/@tailwindcss/oxide node ./scripts/install.js
2485 info run esbuild@0.25.9 postinstall node_modules/esbuild node install.js
2486 info run @tailwindcss/oxide@4.1.12 postinstall { code: 0, signal: null }
2487 info run esbuild@0.25.9 postinstall { code: 0, signal: null }
2488 warn cleanup Failed to remove some directories [
2488 warn cleanup   [
2488 warn cleanup     'C:\\laragon\\www\\system-school\\node_modules\\@tailwindcss\\.oxide-win32-x64-msvc-RseSh6UK',
2488 warn cleanup     [Error: EPERM: operation not permitted, unlink 'C:\laragon\www\system-school\node_modules\@tailwindcss\.oxide-win32-x64-msvc-RseSh6UK\tailwindcss-oxide.win32-x64-msvc.node'] {
2488 warn cleanup       errno: -4048,
2488 warn cleanup       code: 'EPERM',
2488 warn cleanup       syscall: 'unlink',
2488 warn cleanup       path: 'C:\\laragon\\www\\system-school\\node_modules\\@tailwindcss\\.oxide-win32-x64-msvc-RseSh6UK\\tailwindcss-oxide.win32-x64-msvc.node'
2488 warn cleanup     }
2488 warn cleanup   ]
2488 warn cleanup ]
2489 silly ADD node_modules/sonner
2490 silly ADD node_modules/lru-cache
2491 silly ADD node_modules/input-otp
2492 silly ADD node_modules/zod-validation-error
2493 silly ADD node_modules/yocto-queue
2494 silly ADD node_modules/yargs-parser
2495 silly ADD node_modules/yallist
2496 silly ADD node_modules/xmlhttprequest-ssl
2497 silly ADD node_modules/xmlbuilder
2498 silly ADD node_modules/ws
2499 silly ADD node_modules/wrap-ansi
2500 silly ADD node_modules/word-wrap
2501 silly ADD node_modules/which-typed-array
2502 silly ADD node_modules/which-collection
2503 silly ADD node_modules/which-builtin-type
2504 silly ADD node_modules/which-boxed-primitive
2505 silly ADD node_modules/which
2506 silly ADD node_modules/w3c-keyname
2507 silly ADD node_modules/vite-plugin-full-reload
2508 silly ADD node_modules/util-deprecate
2509 silly ADD node_modules/use-sync-external-store
2510 silly ADD node_modules/use-sidecar
2511 silly ADD node_modules/use-callback-ref
2512 silly ADD node_modules/update-browserslist-db
2513 silly ADD node_modules/undici-types
2514 silly ADD node_modules/underscore
2515 silly ADD node_modules/unbox-primitive
2516 silly ADD node_modules/typescript-eslint
2517 silly ADD node_modules/typescript
2518 silly ADD node_modules/typed-array-length
2519 silly ADD node_modules/typed-array-byte-offset
2520 silly ADD node_modules/typed-array-byte-length
2521 silly ADD node_modules/typed-array-buffer
2522 silly ADD node_modules/type-check
2523 silly ADD node_modules/tweetnacl
2524 silly ADD node_modules/tw-animate-css
2525 silly ADD node_modules/tslib
2526 silly ADD node_modules/ts-api-utils
2527 silly ADD node_modules/tree-kill
2528 silly ADD node_modules/to-regex-range
2529 silly ADD node_modules/tiny-invariant
2530 silly ADD node_modules/tapable
2531 silly ADD node_modules/tailwindcss
2532 silly ADD node_modules/tailwind-merge
2533 silly ADD node_modules/tabbable
2534 silly ADD node_modules/supports-preserve-symlinks-flag
2535 silly ADD node_modules/supports-color
2536 silly ADD node_modules/strip-json-comments
2537 silly ADD node_modules/strip-ansi
2538 silly ADD node_modules/string.prototype.trimstart
2539 silly ADD node_modules/string.prototype.trimend
2540 silly ADD node_modules/string.prototype.trim
2541 silly ADD node_modules/string.prototype.repeat
2542 silly ADD node_modules/string.prototype.matchall
2543 silly ADD node_modules/string-width
2544 silly ADD node_modules/string_decoder
2545 silly ADD node_modules/stop-iteration-iterator
2546 silly ADD node_modules/sprintf-js
2547 silly ADD node_modules/source-map-js
2548 silly ADD node_modules/socket.io-parser
2549 silly ADD node_modules/side-channel-weakmap
2550 silly ADD node_modules/side-channel-map
2551 silly ADD node_modules/side-channel-list
2552 silly ADD node_modules/side-channel
2553 silly ADD node_modules/shell-quote
2554 silly ADD node_modules/shebang-regex
2555 silly ADD node_modules/shebang-command
2556 silly ADD node_modules/setimmediate
2557 silly ADD node_modules/set-proto
2558 silly ADD node_modules/set-function-name
2559 silly ADD node_modules/set-function-length
2560 silly ADD node_modules/semver
2561 silly ADD node_modules/scheduler
2562 silly ADD node_modules/safe-regex-test
2563 silly ADD node_modules/safe-push-apply
2564 silly ADD node_modules/safe-buffer
2565 silly ADD node_modules/safe-array-concat
2566 silly ADD node_modules/run-parallel
2567 silly ADD node_modules/rope-sequence
2568 silly ADD node_modules/reusify
2569 silly ADD node_modules/resolve-from
2570 silly ADD node_modules/reselect
2571 silly ADD node_modules/require-directory
2572 silly ADD node_modules/regexp.prototype.flags
2573 silly ADD node_modules/reflect.getprototypeof
2574 silly ADD node_modules/redux-thunk
2575 silly ADD node_modules/redux
2576 silly ADD node_modules/react-style-singleton
2577 silly ADD node_modules/react-remove-scroll-bar
2578 silly ADD node_modules/react-remove-scroll
2579 silly ADD node_modules/react-refresh
2580 silly ADD node_modules/react-redux
2581 silly ADD node_modules/react-is
2582 silly ADD node_modules/react-dom
2583 silly ADD node_modules/react
2584 silly ADD node_modules/queue-microtask
2585 silly ADD node_modules/qs
2586 silly ADD node_modules/punycode
2587 silly ADD node_modules/proxy-from-env
2588 silly ADD node_modules/prosemirror-view
2589 silly ADD node_modules/prosemirror-transform
2590 silly ADD node_modules/prosemirror-tables
2591 silly ADD node_modules/prosemirror-state
2592 silly ADD node_modules/prosemirror-schema-list
2593 silly ADD node_modules/prosemirror-model
2594 silly ADD node_modules/prosemirror-keymap
2595 silly ADD node_modules/prosemirror-history
2596 silly ADD node_modules/prosemirror-gapcursor
2597 silly ADD node_modules/prosemirror-dropcursor
2598 silly ADD node_modules/prosemirror-commands
2599 silly ADD node_modules/prosemirror-changeset
2600 silly ADD node_modules/prop-types
2601 silly ADD node_modules/process-nextick-args
2602 silly ADD node_modules/prettier-plugin-organize-imports
2603 silly ADD node_modules/prettier
2604 silly ADD node_modules/prelude-ls
2605 silly ADD node_modules/postcss
2606 silly ADD node_modules/possible-typed-array-names
2607 silly ADD node_modules/picomatch
2608 silly ADD node_modules/picocolors
2609 silly ADD node_modules/path-parse
2610 silly ADD node_modules/path-key
2611 silly ADD node_modules/path-is-absolute
2612 silly ADD node_modules/path-exists
2613 silly ADD node_modules/parent-module
2614 silly ADD node_modules/pako
2615 silly ADD node_modules/p-locate
2616 silly ADD node_modules/p-limit
2617 silly ADD node_modules/own-keys
2618 silly ADD node_modules/orderedmap
2619 silly ADD node_modules/optionator
2620 silly ADD node_modules/option
2621 silly ADD node_modules/object.values
2622 silly ADD node_modules/object.fromentries
2623 silly ADD node_modules/object.entries
2624 silly ADD node_modules/object.assign
2625 silly ADD node_modules/object-keys
2626 silly ADD node_modules/object-inspect
2627 silly ADD node_modules/object-assign
2628 silly ADD node_modules/node-releases
2629 silly ADD node_modules/natural-compare
2630 silly ADD node_modules/nanoid
2631 silly ADD node_modules/ms
2632 silly ADD node_modules/minizlib
2633 silly ADD node_modules/minipass
2634 silly ADD node_modules/minimatch
2635 silly ADD node_modules/mime-types
2636 silly ADD node_modules/mime-db
2637 silly ADD node_modules/micromatch
2638 silly ADD node_modules/merge2
2639 silly ADD node_modules/math-intrinsics
2640 silly ADD node_modules/magic-string
2641 silly ADD node_modules/lop
2642 silly ADD node_modules/loose-envify
2643 silly ADD node_modules/lodash.merge
2644 silly ADD node_modules/lodash-es
2645 silly ADD node_modules/lodash
2646 silly ADD node_modules/locate-path
2647 silly ADD node_modules/linkifyjs
2648 silly ADD node_modules/lightningcss-win32-x64-msvc
2649 silly ADD
2650 silly ADD
2651 silly ADD
2652 silly ADD
2653 silly ADD
2654 silly ADD
2655 silly ADD
2656 silly ADD
2657 silly ADD
2658 silly ADD node_modules/lightningcss
2659 silly ADD
2660 silly ADD node_modules/lie
2661 silly ADD node_modules/levn
2662 silly ADD node_modules/laravel-vite-plugin
2663 silly ADD node_modules/keyv
2664 silly ADD node_modules/jszip
2665 silly ADD node_modules/json5
2666 silly ADD node_modules/json-stable-stringify-without-jsonify
2667 silly ADD node_modules/json-schema-traverse
2668 silly ADD node_modules/json-buffer
2669 silly ADD node_modules/jsesc
2670 silly ADD node_modules/js-yaml
2671 silly ADD node_modules/js-tokens
2672 silly ADD node_modules/jiti
2673 silly ADD node_modules/iterator.prototype
2674 silly ADD node_modules/isexe
2675 silly ADD node_modules/isarray
2676 silly ADD node_modules/is-weakset
2677 silly ADD node_modules/is-weakref
2678 silly ADD node_modules/is-weakmap
2679 silly ADD node_modules/is-typed-array
2680 silly ADD node_modules/is-symbol
2681 silly ADD node_modules/is-string
2682 silly ADD node_modules/is-shared-array-buffer
2683 silly ADD node_modules/is-set
2684 silly ADD node_modules/is-regex
2685 silly ADD node_modules/is-number-object
2686 silly ADD node_modules/is-number
2687 silly ADD node_modules/is-negative-zero
2688 silly ADD node_modules/is-map
2689 silly ADD node_modules/is-glob
2690 silly ADD node_modules/is-generator-function
2691 silly ADD node_modules/is-fullwidth-code-point
2692 silly ADD node_modules/is-finalizationregistry
2693 silly ADD node_modules/is-extglob
2694 silly ADD node_modules/is-date-object
2695 silly ADD node_modules/is-data-view
2696 silly ADD node_modules/is-core-module
2697 silly ADD node_modules/is-callable
2698 silly ADD node_modules/is-boolean-object
2699 silly ADD node_modules/is-bigint
2700 silly ADD node_modules/is-async-function
2701 silly ADD node_modules/is-array-buffer
2702 silly ADD node_modules/internmap
2703 silly ADD node_modules/internal-slot
2704 silly ADD node_modules/inherits
2705 silly ADD node_modules/imurmurhash
2706 silly ADD node_modules/import-fresh
2707 silly ADD node_modules/immer
2708 silly ADD node_modules/immediate
2709 silly ADD node_modules/ignore
2710 silly ADD node_modules/hermes-parser
2711 silly ADD node_modules/hermes-estree
2712 silly ADD node_modules/hasown
2713 silly ADD node_modules/has-tostringtag
2714 silly ADD node_modules/has-symbols
2715 silly ADD node_modules/has-proto
2716 silly ADD node_modules/has-property-descriptors
2717 silly ADD node_modules/has-flag
2718 silly ADD node_modules/has-bigints
2719 silly ADD node_modules/graphemer
2720 silly ADD node_modules/graceful-fs
2721 silly ADD node_modules/gopd
2722 silly ADD node_modules/globalthis
2723 silly ADD node_modules/globals
2724 silly ADD node_modules/glob-parent
2725 silly ADD node_modules/get-symbol-description
2726 silly ADD node_modules/get-proto
2727 silly ADD node_modules/get-nonce
2728 silly ADD node_modules/get-intrinsic
2729 silly ADD node_modules/get-caller-file
2730 silly ADD node_modules/gensync
2731 silly ADD node_modules/functions-have-names
2732 silly ADD node_modules/function.prototype.name
2733 silly ADD node_modules/function-bind
2734 silly ADD
2735 silly ADD node_modules/form-data
2736 silly ADD node_modules/for-each
2737 silly ADD node_modules/follow-redirects
2738 silly ADD node_modules/flatted
2739 silly ADD node_modules/flat-cache
2740 silly ADD node_modules/find-up
2741 silly ADD node_modules/fill-range
2742 silly ADD node_modules/file-entry-cache
2743 silly ADD node_modules/fastq
2744 silly ADD node_modules/fast-levenshtein
2745 silly ADD node_modules/fast-json-stable-stringify
2746 silly ADD node_modules/fast-equals
2747 silly ADD node_modules/fast-deep-equal
2748 silly ADD node_modules/eventemitter3
2749 silly ADD node_modules/esutils
2750 silly ADD node_modules/estraverse
2751 silly ADD node_modules/esrecurse
2752 silly ADD node_modules/esquery
2753 silly ADD node_modules/espree
2754 silly ADD node_modules/eslint-visitor-keys
2755 silly ADD node_modules/eslint-scope
2756 silly ADD node_modules/eslint-plugin-react-hooks
2757 silly ADD node_modules/eslint-plugin-react
2758 silly ADD node_modules/eslint-config-prettier
2759 silly ADD node_modules/escape-string-regexp
2760 silly ADD node_modules/escalade
2761 silly ADD node_modules/esbuild
2762 silly ADD node_modules/es-to-primitive
2763 silly ADD node_modules/es-shim-unscopables
2764 silly ADD node_modules/es-set-tostringtag
2765 silly ADD node_modules/es-object-atoms
2766 silly ADD node_modules/es-iterator-helpers
2767 silly ADD node_modules/es-errors
2768 silly ADD node_modules/es-define-property
2769 silly ADD node_modules/es-abstract
2770 silly ADD node_modules/enhanced-resolve
2771 silly ADD node_modules/emoji-regex
2772 silly ADD node_modules/electron-to-chromium
2773 silly ADD node_modules/dunder-proto
2774 silly ADD node_modules/duck
2775 silly ADD node_modules/docx-preview
2776 silly ADD node_modules/doctrine
2777 silly ADD node_modules/dingbat-to-unicode
2778 silly ADD node_modules/detect-node-es
2779 silly ADD node_modules/detect-libc
2780 silly ADD node_modules/delayed-stream
2781 silly ADD node_modules/define-properties
2782 silly ADD node_modules/define-data-property
2783 silly ADD node_modules/deep-is
2784 silly ADD node_modules/decimal.js-light
2785 silly ADD node_modules/debug
2786 silly ADD node_modules/data-view-byte-offset
2787 silly ADD node_modules/data-view-byte-length
2788 silly ADD node_modules/data-view-buffer
2789 silly ADD node_modules/d3-timer
2790 silly ADD node_modules/d3-time-format
2791 silly ADD node_modules/d3-time
2792 silly ADD node_modules/d3-shape
2793 silly ADD node_modules/d3-scale
2794 silly ADD node_modules/d3-path
2795 silly ADD node_modules/d3-interpolate
2796 silly ADD node_modules/d3-format
2797 silly ADD node_modules/d3-ease
2798 silly ADD node_modules/d3-color
2799 silly ADD node_modules/d3-array
2800 silly ADD node_modules/csstype
2801 silly ADD node_modules/cross-spawn
2802 silly ADD node_modules/core-util-is
2803 silly ADD node_modules/convert-source-map
2804 silly ADD node_modules/concat-map
2805 silly ADD node_modules/combined-stream
2806 silly ADD node_modules/color-name
2807 silly ADD node_modules/color-convert
2808 silly ADD node_modules/clsx
2809 silly ADD node_modules/cliui
2810 silly ADD node_modules/class-variance-authority
2811 silly ADD node_modules/chownr
2812 silly ADD node_modules/chalk
2813 silly ADD node_modules/chalk/node_modules/supports-color
2814 silly ADD node_modules/caniuse-lite
2815 silly ADD node_modules/callsites
2816 silly ADD node_modules/call-bound
2817 silly ADD node_modules/call-bind-apply-helpers
2818 silly ADD node_modules/call-bind
2819 silly ADD node_modules/browserslist
2820 silly ADD node_modules/braces
2821 silly ADD node_modules/brace-expansion
2822 silly ADD node_modules/bluebird
2823 silly ADD node_modules/base64-js
2824 silly ADD node_modules/balanced-match
2825 silly ADD node_modules/babel-plugin-react-compiler
2826 silly ADD node_modules/available-typed-arrays
2827 silly ADD node_modules/asynckit
2828 silly ADD node_modules/async-function
2829 silly ADD node_modules/arraybuffer.prototype.slice
2830 silly ADD node_modules/array.prototype.tosorted
2831 silly ADD node_modules/array.prototype.flatmap
2832 silly ADD node_modules/array.prototype.flat
2833 silly ADD node_modules/array.prototype.findlast
2834 silly ADD node_modules/array-includes
2835 silly ADD node_modules/array-buffer-byte-length
2836 silly ADD node_modules/aria-hidden
2837 silly ADD node_modules/argparse
2838 silly ADD node_modules/ansi-styles
2839 silly ADD node_modules/ansi-regex
2840 silly ADD node_modules/ajv
2841 silly ADD node_modules/acorn-jsx
2842 silly ADD node_modules/acorn
2843 silly ADD node_modules/@xmldom/xmldom
2844 silly ADD node_modules/@vitejs/plugin-react
2845 silly ADD node_modules/@typescript-eslint/visitor-keys
2846 silly ADD node_modules/@typescript-eslint/tsconfig-utils
2847 silly ADD node_modules/@typescript-eslint/project-service
2848 silly ADD node_modules/@typescript-eslint/parser
2849 silly ADD node_modules/@types/use-sync-external-store
2850 silly ADD node_modules/@types/react-dom
2851 silly ADD node_modules/@types/react
2852 silly ADD node_modules/@types/node
2853 silly ADD node_modules/@types/lodash-es
2854 silly ADD node_modules/@types/lodash
2855 silly ADD node_modules/@types/json-schema
2856 silly ADD node_modules/@types/estree
2857 silly ADD node_modules/@types/d3-timer
2858 silly ADD node_modules/@types/d3-time
2859 silly ADD node_modules/@types/d3-shape
2860 silly ADD node_modules/@types/d3-scale
2861 silly ADD node_modules/@types/d3-path
2862 silly ADD node_modules/@types/d3-interpolate
2863 silly ADD node_modules/@types/d3-ease
2864 silly ADD node_modules/@types/d3-color
2865 silly ADD node_modules/@types/d3-array
2866 silly ADD node_modules/@types/babel__traverse
2867 silly ADD node_modules/@types/babel__template
2868 silly ADD node_modules/@types/babel__generator
2869 silly ADD node_modules/@types/babel__core
2870 silly ADD node_modules/@tiptap/starter-kit
2871 silly ADD node_modules/@tiptap/extension-underline
2872 silly ADD node_modules/@tiptap/extension-text-align
2873 silly ADD node_modules/@tiptap/extension-text
2874 silly ADD node_modules/@tiptap/extension-strike
2875 silly ADD node_modules/@tiptap/extension-paragraph
2876 silly ADD node_modules/@tiptap/extension-ordered-list
2877 silly ADD node_modules/@tiptap/extension-list-keymap
2878 silly ADD node_modules/@tiptap/extension-list-item
2879 silly ADD node_modules/@tiptap/extension-italic
2880 silly ADD node_modules/@tiptap/extension-image
2881 silly ADD node_modules/@tiptap/extension-horizontal-rule
2882 silly ADD node_modules/@tiptap/extension-highlight
2883 silly ADD node_modules/@tiptap/extension-heading
2884 silly ADD node_modules/@tiptap/extension-hard-break
2885 silly ADD node_modules/@tiptap/extension-gapcursor
2886 silly ADD node_modules/@tiptap/extension-font-family
2887 silly ADD node_modules/@tiptap/extension-floating-menu
2888 silly ADD node_modules/@tiptap/extension-dropcursor
2889 silly ADD node_modules/@tiptap/extension-document
2890 silly ADD node_modules/@tiptap/extension-color
2891 silly ADD node_modules/@tiptap/extension-code-block
2892 silly ADD node_modules/@tiptap/extension-code
2893 silly ADD node_modules/@tiptap/extension-bullet-list
2894 silly ADD node_modules/@tiptap/extension-bubble-menu
2895 silly ADD node_modules/@tiptap/extension-bold
2896 silly ADD node_modules/@tiptap/extension-blockquote
2897 silly ADD node_modules/@tailwindcss/vite
2898 silly ADD
2899 silly ADD
2900 silly ADD
2901 silly ADD
2902 silly ADD
2903 silly ADD
2904 silly ADD
2905 silly ADD
2906 silly ADD
2907 silly ADD
2908 silly ADD
2909 silly ADD node_modules/@tailwindcss/node
2910 silly ADD node_modules/@standard-schema/utils
2911 silly ADD node_modules/@standard-schema/spec
2912 silly ADD node_modules/@rollup/rollup-win32-x64-msvc
2913 silly ADD
2914 silly ADD
2915 silly ADD
2916 silly ADD
2917 silly ADD
2918 silly ADD
2919 silly ADD
2920 silly ADD
2921 silly ADD
2922 silly ADD
2923 silly ADD
2924 silly ADD
2925 silly ADD
2926 silly ADD
2927 silly ADD
2928 silly ADD
2929 silly ADD
2930 silly ADD
2931 silly ADD
2932 silly ADD node_modules/@rolldown/pluginutils
2933 silly ADD node_modules/@react-types/shared
2934 silly ADD node_modules/@react-stately/utils
2935 silly ADD node_modules/@react-stately/flags
2936 silly ADD node_modules/@react-aria/ssr
2937 silly ADD node_modules/@react-aria/interactions
2938 silly ADD node_modules/@react-aria/focus
2939 silly ADD node_modules/@radix-ui/rect
2940 silly ADD node_modules/@radix-ui/react-visually-hidden
2941 silly ADD node_modules/@radix-ui/react-use-size
2942 silly ADD node_modules/@radix-ui/react-use-rect
2943 silly ADD node_modules/@radix-ui/react-use-previous
2944 silly ADD node_modules/@radix-ui/react-use-layout-effect
2945 silly ADD node_modules/@radix-ui/react-use-is-hydrated
2946 silly ADD node_modules/@radix-ui/react-use-escape-keydown
2947 silly ADD node_modules/@radix-ui/react-use-effect-event
2948 silly ADD node_modules/@radix-ui/react-use-controllable-state
2949 silly ADD node_modules/@radix-ui/react-use-callback-ref
2950 silly ADD node_modules/@radix-ui/react-tooltip
2951 silly ADD node_modules/@radix-ui/react-toggle-group
2952 silly ADD node_modules/@radix-ui/react-toggle
2953 silly ADD node_modules/@radix-ui/react-slot
2954 silly ADD node_modules/@radix-ui/react-separator
2955 silly ADD node_modules/@radix-ui/react-select
2956 silly ADD node_modules/@radix-ui/react-roving-focus
2957 silly ADD node_modules/@radix-ui/react-primitive
2958 silly ADD node_modules/@radix-ui/react-presence
2959 silly ADD node_modules/@radix-ui/react-portal
2960 silly ADD node_modules/@radix-ui/react-popper
2961 silly ADD node_modules/@radix-ui/react-popover
2962 silly ADD node_modules/@radix-ui/react-navigation-menu
2963 silly ADD node_modules/@radix-ui/react-menu
2964 silly ADD node_modules/@radix-ui/react-label
2965 silly ADD node_modules/@radix-ui/react-id
2966 silly ADD node_modules/@radix-ui/react-focus-scope
2967 silly ADD node_modules/@radix-ui/react-focus-guards
2968 silly ADD node_modules/@radix-ui/react-dropdown-menu
2969 silly ADD node_modules/@radix-ui/react-dismissable-layer
2970 silly ADD node_modules/@radix-ui/react-direction
2971 silly ADD node_modules/@radix-ui/react-dialog
2972 silly ADD node_modules/@radix-ui/react-context
2973 silly ADD node_modules/@radix-ui/react-compose-refs
2974 silly ADD node_modules/@radix-ui/react-collection
2975 silly ADD node_modules/@radix-ui/react-collapsible
2976 silly ADD node_modules/@radix-ui/react-checkbox
2977 silly ADD node_modules/@radix-ui/react-avatar
2978 silly ADD node_modules/@radix-ui/react-arrow
2979 silly ADD node_modules/@radix-ui/primitive
2980 silly ADD node_modules/@radix-ui/number
2981 silly ADD node_modules/@jridgewell/trace-mapping
2982 silly ADD node_modules/@jridgewell/sourcemap-codec
2983 silly ADD node_modules/@jridgewell/remapping
2984 silly ADD node_modules/@inertiajs/react
2985 silly ADD node_modules/@inertiajs/core
2986 silly ADD node_modules/@humanwhocodes/retry
2987 silly ADD node_modules/@humanwhocodes/module-importer
2988 silly ADD node_modules/@humanfs/core
2989 silly ADD node_modules/@floating-ui/utils
2990 silly ADD node_modules/@floating-ui/react-dom
2991 silly ADD node_modules/@floating-ui/react
2992 silly ADD node_modules/@floating-ui/dom
2993 silly ADD node_modules/@floating-ui/core
2994 silly ADD node_modules/@eslint-community/regexpp
2995 silly ADD node_modules/@esbuild/win32-x64
2996 silly ADD node_modules/@date-fns/tz
2997 silly ADD node_modules/@babel/template
2998 silly ADD node_modules/@babel/plugin-transform-react-jsx-source
2999 silly ADD node_modules/@babel/plugin-transform-react-jsx-self
3000 silly ADD node_modules/@babel/parser
3001 silly ADD node_modules/@babel/helper-validator-option
3002 silly ADD node_modules/@babel/helper-validator-identifier
3003 silly ADD node_modules/@babel/helper-string-parser
3004 silly ADD node_modules/@babel/helper-plugin-utils
3005 silly ADD node_modules/@babel/helper-module-transforms
3006 silly ADD node_modules/@babel/helper-module-imports
3007 silly ADD node_modules/@babel/helper-globals
3008 silly ADD node_modules/@babel/helper-compilation-targets
3009 silly ADD node_modules/@babel/compat-data
3010 silly ADD node_modules/@babel/code-frame
3011 silly CHANGE node_modules/@typescript-eslint/utils
3012 silly CHANGE node_modules/@typescript-eslint/typescript-estree
3013 silly CHANGE node_modules/@typescript-eslint/typescript-estree/node_modules/semver
3014 silly CHANGE node_modules/@typescript-eslint/typescript-estree/node_modules/brace-expansion
3015 silly CHANGE node_modules/@typescript-eslint/typescript-estree/node_modules/minimatch
3016 silly CHANGE node_modules/@typescript-eslint/types
3017 silly CHANGE node_modules/@typescript-eslint/type-utils
3018 silly CHANGE node_modules/@typescript-eslint/scope-manager
3019 silly CHANGE node_modules/@typescript-eslint/eslint-plugin
3020 silly ADD node_modules/@typescript-eslint/eslint-plugin/node_modules/ignore
3021 silly CHANGE node_modules/@tailwindcss/oxide-win32-x64-msvc
3022 silly CHANGE node_modules/@tailwindcss/oxide
3023 silly CHANGE node_modules/@tiptap/react
3024 silly CHANGE node_modules/@tiptap/pm
3025 silly CHANGE node_modules/@tiptap/extensions
3026 silly CHANGE node_modules/@tiptap/extension-text-style
3027 silly CHANGE node_modules/@tiptap/extension-list
3028 silly CHANGE node_modules/@tiptap/extension-link
3029 silly CHANGE node_modules/@tiptap/core
3030 silly CHANGE node_modules/@tanstack/virtual-core
3031 silly CHANGE node_modules/@tanstack/react-virtual
3032 silly CHANGE node_modules/@tabby_ai/hijri-converter
3033 silly CHANGE node_modules/@swc/helpers
3034 silly CHANGE node_modules/@socket.io/component-emitter
3035 silly CHANGE node_modules/@reduxjs/toolkit
3036 silly CHANGE node_modules/@reduxjs/toolkit/node_modules/immer
3037 silly CHANGE node_modules/@react-aria/utils
3038 silly CHANGE node_modules/@nodelib/fs.walk
3039 silly CHANGE node_modules/@nodelib/fs.scandir
3040 silly CHANGE node_modules/@nodelib/fs.stat
3041 silly CHANGE node_modules/@laravel/vite-plugin-wayfinder
3042 silly CHANGE node_modules/@laravel/echo-react
3043 silly CHANGE node_modules/@jridgewell/resolve-uri
3044 silly CHANGE node_modules/@jridgewell/gen-mapping
3045 silly CHANGE node_modules/@isaacs/fs-minipass
3046 silly CHANGE node_modules/@humanfs/node
3047 silly CHANGE node_modules/@headlessui/react
3048 silly CHANGE node_modules/@eslint-community/eslint-utils
3049 silly CHANGE node_modules/@eslint-community/eslint-utils/node_modules/eslint-visitor-keys
3050 silly CHANGE node_modules/@eslint/plugin-kit
3051 silly CHANGE node_modules/@eslint/object-schema
3052 silly CHANGE node_modules/@eslint/js
3053 silly CHANGE node_modules/@eslint/eslintrc
3054 silly ADD node_modules/@eslint/eslintrc/node_modules/globals
3055 silly CHANGE node_modules/@eslint/core
3056 silly CHANGE node_modules/@eslint/config-helpers
3057 silly CHANGE node_modules/@eslint/config-array
3058 silly CHANGE node_modules/@babel/types
3059 silly CHANGE node_modules/@babel/traverse
3060 silly CHANGE node_modules/@babel/helpers
3061 silly CHANGE node_modules/@babel/generator
3062 silly CHANGE node_modules/@babel/core
3063 silly CHANGE node_modules/zod
3064 silly CHANGE node_modules/yargs
3065 silly CHANGE node_modules/y18n
3066 silly CHANGE node_modules/vite
3067 silly CHANGE node_modules/vite/node_modules/picomatch
3068 silly CHANGE node_modules/vite/node_modules/fdir
3069 silly CHANGE node_modules/victory-vendor
3070 silly CHANGE node_modules/uri-js
3071 silly CHANGE node_modules/tinyglobby
3072 silly CHANGE node_modules/tinyglobby/node_modules/picomatch
3073 silly CHANGE node_modules/tinyglobby/node_modules/fdir
3074 silly CHANGE node_modules/tar
3075 silly CHANGE node_modules/tar/node_modules/yallist
3076 silly CHANGE node_modules/socket.io-client
3077 silly CHANGE node_modules/rxjs
3078 silly CHANGE node_modules/rollup
3079 silly ADD node_modules/rollup/node_modules/@rollup/rollup-win32-x64-msvc
3080 silly ADD
3081 silly CHANGE node_modules/resolve
3082 silly CHANGE node_modules/recharts
3083 silly CHANGE node_modules/readable-stream
3084 silly ADD node_modules/readable-stream/node_modules/isarray
3085 silly CHANGE node_modules/react-day-picker
3086 silly CHANGE node_modules/pusher-js
3087 silly CHANGE node_modules/prettier-plugin-tailwindcss
3088 silly CHANGE node_modules/lucide-react
3089 silly CHANGE node_modules/mkdirp
3090 silly CHANGE node_modules/mammoth
3091 silly CHANGE node_modules/mammoth/node_modules/argparse
3092 silly CHANGE node_modules/laravel-echo
3093 silly CHANGE node_modules/fast-glob
3094 silly ADD node_modules/fast-glob/node_modules/glob-parent
3095 silly CHANGE node_modules/jsx-ast-utils
3096 silly CHANGE node_modules/eslint
3097 silly CHANGE node_modules/es-toolkit
3098 silly CHANGE node_modules/engine.io-parser
3099 silly CHANGE node_modules/engine.io-client
3100 silly CHANGE node_modules/date-fns-jalali
3101 silly CHANGE node_modules/date-fns
3102 silly CHANGE node_modules/concurrently
3103 silly CHANGE node_modules/axios
3104 verbose cwd C:\laragon\www\system-school
3105 verbose os Windows_NT 10.0.26200
3106 verbose node v22.17.0
3107 verbose npm  v10.9.2
3108 verbose exit 0
3109 info ok
